1,1,316.00,345.00,88.00,229.00,1.0,-1,-1,-1
1,2,183.00,314.00,42.00,177.00,1.0,-1,-1,-1
1,3,392.00,348.00,99.00,226.00,1.0,-1,-1,-1
1,4,221.00,326.00,28.00,169.00,1.0,-1,-1,-1
2,1,314.00,346.00,89.00,228.00,1.0,-1,-1,-1
2,3,389.00,346.00,124.00,228.00,1.0,-1,-1,-1
2,2,183.00,314.00,43.00,177.00,1.0,-1,-1,-1
2,4,217.00,323.00,56.00,183.00,1.0,-1,-1,-1
3,1,313.00,342.00,91.00,233.00,1.0,-1,-1,-1
3,3,390.00,347.00,126.00,227.00,1.0,-1,-1,-1
3,2,184.00,313.00,42.00,178.00,1.0,-1,-1,-1
3,4,222.00,326.00,28.00,169.00,1.0,-1,-1,-1
4,1,311.00,337.00,93.00,237.00,1.0,-1,-1,-1
4,3,390.00,349.00,127.00,225.00,1.0,-1,-1,-1
4,2,185.00,313.00,42.00,178.00,1.0,-1,-1,-1
4,4,223.00,326.00,28.00,167.00,1.0,-1,-1,-1
5,1,306.00,338.00,96.00,237.00,1.0,-1,-1,-1
5,3,394.00,348.00,120.00,226.00,1.0,-1,-1,-1
5,2,185.00,313.00,42.00,177.00,1.0,-1,-1,-1
5,4,219.00,327.00,41.00,165.00,1.0,-1,-1,-1
6,1,301.00,336.00,99.00,238.00,1.0,-1,-1,-1
6,3,399.00,348.00,107.00,226.00,1.0,-1,-1,-1
6,2,186.00,313.00,41.00,177.00,1.0,-1,-1,-1
6,4,220.00,330.00,35.00,155.00,1.0,-1,-1,-1
7,1,298.00,336.00,101.00,239.00,1.0,-1,-1,-1
7,3,402.00,348.00,103.00,226.00,1.0,-1,-1,-1
7,2,187.00,313.00,41.00,177.00,1.0,-1,-1,-1
7,4,225.00,325.00,33.00,166.00,1.0,-1,-1,-1
8,1,296.00,336.00,105.00,239.00,1.0,-1,-1,-1
8,3,401.00,348.00,107.00,226.00,1.0,-1,-1,-1
8,2,187.00,313.00,41.00,177.00,1.0,-1,-1,-1
8,4,226.00,325.00,34.00,168.00,1.0,-1,-1,-1
9,1,293.00,336.00,110.00,238.00,1.0,-1,-1,-1
9,3,406.00,349.00,109.00,225.00,1.0,-1,-1,-1
9,2,188.00,313.00,40.00,177.00,1.0,-1,-1,-1
9,4,225.00,327.00,31.00,162.00,1.0,-1,-1,-1
10,1,290.00,337.00,111.00,237.00,1.0,-1,-1,-1
10,3,404.00,347.00,110.00,226.00,1.0,-1,-1,-1
10,2,188.00,313.00,40.00,177.00,1.0,-1,-1,-1
10,4,227.00,325.00,30.00,164.00,1.0,-1,-1,-1
11,1,288.00,337.00,108.00,237.00,1.0,-1,-1,-1
11,3,400.00,348.00,114.00,226.00,1.0,-1,-1,-1
11,2,189.00,313.00,40.00,178.00,1.0,-1,-1,-1
11,4,226.00,327.00,27.00,165.00,1.0,-1,-1,-1
12,3,400.00,349.00,118.00,225.00,1.0,-1,-1,-1
12,1,285.00,337.00,108.00,237.00,1.0,-1,-1,-1
12,2,189.00,313.00,40.00,178.00,1.0,-1,-1,-1
12,4,226.00,327.00,28.00,165.00,1.0,-1,-1,-1
13,3,401.00,350.00,121.00,223.00,1.0,-1,-1,-1
13,1,283.00,337.00,120.00,237.00,1.0,-1,-1,-1
13,2,190.00,313.00,39.00,177.00,1.0,-1,-1,-1
13,4,226.00,327.00,29.00,166.00,1.0,-1,-1,-1
14,1,282.00,337.00,121.00,236.00,1.0,-1,-1,-1
14,3,410.00,348.00,111.00,225.00,1.0,-1,-1,-1
14,2,190.00,313.00,40.00,177.00,1.0,-1,-1,-1
14,4,228.00,323.00,28.00,163.00,1.0,-1,-1,-1
15,3,409.00,343.00,114.00,230.00,1.0,-1,-1,-1
15,1,282.00,339.00,119.00,235.00,1.0,-1,-1,-1
15,2,190.00,313.00,40.00,177.00,1.0,-1,-1,-1
15,4,231.00,324.00,28.00,166.00,1.0,-1,-1,-1
16,3,411.00,342.00,115.00,232.00,1.0,-1,-1,-1
16,1,280.00,339.00,118.00,235.00,1.0,-1,-1,-1
16,2,191.00,313.00,40.00,177.00,1.0,-1,-1,-1
16,4,232.00,326.00,26.00,164.00,1.0,-1,-1,-1
17,3,417.00,342.00,110.00,232.00,1.0,-1,-1,-1
17,1,280.00,339.00,118.00,234.00,1.0,-1,-1,-1
17,2,191.00,313.00,40.00,177.00,1.0,-1,-1,-1
17,4,232.00,326.00,28.00,163.00,1.0,-1,-1,-1
18,1,279.00,340.00,123.00,234.00,1.0,-1,-1,-1
18,3,426.00,342.00,103.00,232.00,1.0,-1,-1,-1
18,2,191.00,313.00,41.00,177.00,1.0,-1,-1,-1
18,4,226.00,325.00,36.00,163.00,1.0,-1,-1,-1
19,1,279.00,338.00,122.00,235.00,1.0,-1,-1,-1
19,3,430.00,343.00,101.00,231.00,1.0,-1,-1,-1
19,2,191.00,314.00,40.00,175.00,1.0,-1,-1,-1
19,4,234.00,327.00,24.00,163.00,1.0,-1,-1,-1
20,1,279.00,334.00,121.00,239.00,1.0,-1,-1,-1
20,3,433.00,344.00,104.00,231.00,1.0,-1,-1,-1
20,2,192.00,314.00,39.00,175.00,1.0,-1,-1,-1
20,4,232.00,323.00,29.00,164.00,1.0,-1,-1,-1
21,1,279.00,328.00,123.00,246.00,1.0,-1,-1,-1
21,3,434.00,346.00,107.00,229.00,1.0,-1,-1,-1
21,2,193.00,314.00,39.00,175.00,1.0,-1,-1,-1
21,4,230.00,328.00,30.00,163.00,1.0,-1,-1,-1
22,1,280.00,329.00,124.00,244.00,1.0,-1,-1,-1
22,3,438.00,348.00,105.00,226.00,1.0,-1,-1,-1
22,2,193.00,314.00,39.00,175.00,1.0,-1,-1,-1
22,4,231.00,327.00,30.00,166.00,1.0,-1,-1,-1
22,5,391.00,367.00,55.00,159.00,1.0,-1,-1,-1
23,1,281.00,330.00,123.00,242.00,1.0,-1,-1,-1
23,3,444.00,348.00,103.00,226.00,1.0,-1,-1,-1
23,2,194.00,314.00,38.00,174.00,1.0,-1,-1,-1
23,4,232.00,327.00,29.00,167.00,1.0,-1,-1,-1
23,5,391.00,366.00,51.00,162.00,1.0,-1,-1,-1
24,1,282.00,332.00,121.00,241.00,1.0,-1,-1,-1
24,3,447.00,350.00,104.00,223.00,1.0,-1,-1,-1
24,2,194.00,314.00,39.00,174.00,1.0,-1,-1,-1
24,4,232.00,327.00,30.00,166.00,1.0,-1,-1,-1
24,5,386.00,369.00,59.00,158.00,1.0,-1,-1,-1
25,1,281.00,332.00,120.00,240.00,1.0,-1,-1,-1
25,3,451.00,352.00,106.00,221.00,1.0,-1,-1,-1
25,2,195.00,313.00,40.00,178.00,1.0,-1,-1,-1
25,4,232.00,327.00,30.00,166.00,1.0,-1,-1,-1
25,5,391.00,369.00,55.00,161.00,1.0,-1,-1,-1
26,1,282.00,331.00,122.00,241.00,1.0,-1,-1,-1
26,3,452.00,352.00,109.00,222.00,1.0,-1,-1,-1
26,2,195.00,314.00,40.00,177.00,1.0,-1,-1,-1
26,4,232.00,328.00,30.00,165.00,1.0,-1,-1,-1
26,5,394.00,364.00,51.00,163.00,1.0,-1,-1,-1
27,1,283.00,330.00,126.00,242.00,1.0,-1,-1,-1
27,3,454.00,352.00,111.00,223.00,1.0,-1,-1,-1
27,2,196.00,314.00,40.00,177.00,1.0,-1,-1,-1
27,4,232.00,328.00,30.00,165.00,1.0,-1,-1,-1
27,5,396.00,365.00,47.00,167.00,1.0,-1,-1,-1
28,1,283.00,330.00,132.00,241.00,1.0,-1,-1,-1
28,3,452.00,351.00,121.00,224.00,1.0,-1,-1,-1
28,2,196.00,314.00,41.00,177.00,1.0,-1,-1,-1
28,4,232.00,328.00,30.00,166.00,1.0,-1,-1,-1
28,5,397.00,363.00,50.00,167.00,1.0,-1,-1,-1
29,1,282.00,326.00,135.00,246.00,1.0,-1,-1,-1
29,3,452.00,350.00,126.00,224.00,1.0,-1,-1,-1
29,2,197.00,315.00,41.00,176.00,1.0,-1,-1,-1
29,5,401.00,378.00,53.00,150.00,1.0,-1,-1,-1
29,4,233.00,329.00,29.00,166.00,1.0,-1,-1,-1
30,1,283.00,337.00,134.00,236.00,1.0,-1,-1,-1
30,3,453.00,351.00,130.00,224.00,1.0,-1,-1,-1
30,2,196.00,316.00,40.00,172.00,1.0,-1,-1,-1
30,5,403.00,376.00,53.00,152.00,1.0,-1,-1,-1
30,4,232.00,329.00,29.00,162.00,1.0,-1,-1,-1
31,3,457.00,347.00,132.00,227.00,1.0,-1,-1,-1
31,1,283.00,338.00,134.00,235.00,1.0,-1,-1,-1
31,2,197.00,316.00,40.00,173.00,1.0,-1,-1,-1
31,4,233.00,328.00,29.00,168.00,1.0,-1,-1,-1
31,5,405.00,376.00,51.00,151.00,1.0,-1,-1,-1
32,3,459.00,348.00,135.00,226.00,1.0,-1,-1,-1
32,1,282.00,340.00,137.00,233.00,1.0,-1,-1,-1
32,2,197.00,317.00,40.00,172.00,1.0,-1,-1,-1
32,4,234.00,329.00,28.00,167.00,1.0,-1,-1,-1
32,5,405.00,377.00,52.00,152.00,1.0,-1,-1,-1
33,1,283.00,340.00,136.00,233.00,1.0,-1,-1,-1
33,3,466.00,345.00,130.00,229.00,1.0,-1,-1,-1
33,2,198.00,317.00,40.00,174.00,1.0,-1,-1,-1
33,4,234.00,329.00,29.00,167.00,1.0,-1,-1,-1
33,5,398.00,361.00,60.00,168.00,1.0,-1,-1,-1
34,3,472.00,343.00,128.00,231.00,1.0,-1,-1,-1
34,1,280.00,343.00,140.00,230.00,1.0,-1,-1,-1
34,2,198.00,318.00,41.00,175.00,1.0,-1,-1,-1
34,4,234.00,329.00,29.00,167.00,1.0,-1,-1,-1
34,5,408.00,377.00,51.00,152.00,1.0,-1,-1,-1
35,1,279.00,344.00,143.00,228.00,1.0,-1,-1,-1
35,3,475.00,341.00,129.00,233.00,1.0,-1,-1,-1
35,2,198.00,318.00,41.00,175.00,1.0,-1,-1,-1
35,4,234.00,329.00,29.00,167.00,1.0,-1,-1,-1
35,5,406.00,378.00,53.00,152.00,1.0,-1,-1,-1
36,3,472.00,340.00,137.00,234.00,1.0,-1,-1,-1
36,1,277.00,343.00,146.00,229.00,1.0,-1,-1,-1
36,2,198.00,319.00,41.00,174.00,1.0,-1,-1,-1
36,5,405.00,381.00,58.00,151.00,1.0,-1,-1,-1
36,4,234.00,330.00,29.00,167.00,1.0,-1,-1,-1
37,3,464.00,339.00,151.00,235.00,1.0,-1,-1,-1
37,1,274.00,344.00,148.00,229.00,1.0,-1,-1,-1
37,2,198.00,319.00,42.00,174.00,1.0,-1,-1,-1
37,5,402.00,382.00,60.00,153.00,1.0,-1,-1,-1
37,4,234.00,330.00,29.00,166.00,1.0,-1,-1,-1
38,3,476.00,341.00,146.00,233.00,1.0,-1,-1,-1
38,1,270.00,345.00,156.00,227.00,1.0,-1,-1,-1
38,2,198.00,319.00,42.00,174.00,1.0,-1,-1,-1
38,5,405.00,382.00,56.00,150.00,1.0,-1,-1,-1
38,4,235.00,330.00,28.00,166.00,1.0,-1,-1,-1
39,1,272.00,345.00,156.00,227.00,1.0,-1,-1,-1
39,3,471.00,341.00,157.00,233.00,1.0,-1,-1,-1
39,2,199.00,319.00,41.00,174.00,1.0,-1,-1,-1
39,5,408.00,382.00,53.00,150.00,1.0,-1,-1,-1
39,4,235.00,330.00,28.00,166.00,1.0,-1,-1,-1
40,1,275.00,345.00,150.00,227.00,1.0,-1,-1,-1
40,3,474.00,344.00,159.00,230.00,1.0,-1,-1,-1
40,2,199.00,320.00,41.00,174.00,1.0,-1,-1,-1
40,5,407.00,381.00,55.00,153.00,1.0,-1,-1,-1
40,4,235.00,331.00,29.00,166.00,1.0,-1,-1,-1
41,1,272.00,345.00,156.00,228.00,1.0,-1,-1,-1
41,3,477.00,348.00,161.00,226.00,1.0,-1,-1,-1
41,2,199.00,320.00,42.00,174.00,1.0,-1,-1,-1
41,5,408.00,382.00,51.00,151.00,1.0,-1,-1,-1
41,4,234.00,331.00,29.00,162.00,1.0,-1,-1,-1
42,1,271.00,344.00,157.00,229.00,1.0,-1,-1,-1
42,3,480.00,349.00,158.00,225.00,1.0,-1,-1,-1
42,2,199.00,320.00,42.00,174.00,1.0,-1,-1,-1
42,5,407.00,382.00,50.00,154.00,1.0,-1,-1,-1
42,6,0.00,410.00,148.00,162.00,1.0,-1,-1,-1
42,4,234.00,331.00,28.00,162.00,1.0,-1,-1,-1
43,3,486.00,352.00,153.00,222.00,1.0,-1,-1,-1
43,1,288.00,345.00,140.00,228.00,1.0,-1,-1,-1
43,2,199.00,320.00,43.00,175.00,1.0,-1,-1,-1
43,6,0.00,411.00,148.00,162.00,1.0,-1,-1,-1
43,4,235.00,331.00,28.00,162.00,1.0,-1,-1,-1
44,3,490.00,355.00,161.00,219.00,1.0,-1,-1,-1
44,1,296.00,344.00,138.00,229.00,1.0,-1,-1,-1
44,2,199.00,320.00,43.00,176.00,1.0,-1,-1,-1
44,6,0.00,411.00,148.00,162.00,1.0,-1,-1,-1
44,4,238.00,333.00,30.00,162.00,1.0,-1,-1,-1
45,1,302.00,344.00,139.00,230.00,1.0,-1,-1,-1
45,3,504.00,355.00,150.00,219.00,1.0,-1,-1,-1
45,2,199.00,321.00,43.00,175.00,1.0,-1,-1,-1
45,6,0.00,414.00,146.00,160.00,1.0,-1,-1,-1
45,4,233.00,331.00,36.00,169.00,1.0,-1,-1,-1
46,1,306.00,343.00,135.00,230.00,1.0,-1,-1,-1
46,3,516.00,355.00,149.00,219.00,1.0,-1,-1,-1
46,2,199.00,321.00,43.00,175.00,1.0,-1,-1,-1
46,6,0.00,413.00,147.00,160.00,1.0,-1,-1,-1
46,4,232.00,328.00,35.00,172.00,1.0,-1,-1,-1
47,1,308.00,345.00,133.00,227.00,1.0,-1,-1,-1
47,3,519.00,354.00,148.00,219.00,1.0,-1,-1,-1
47,6,0.00,414.00,145.00,160.00,1.0,-1,-1,-1
47,2,199.00,321.00,44.00,176.00,1.0,-1,-1,-1
47,4,235.00,335.00,33.00,165.00,1.0,-1,-1,-1
48,1,310.00,346.00,132.00,227.00,1.0,-1,-1,-1
48,6,0.00,414.00,146.00,160.00,1.0,-1,-1,-1
48,2,199.00,322.00,42.00,175.00,1.0,-1,-1,-1
48,4,236.00,334.00,33.00,170.00,1.0,-1,-1,-1
49,1,314.00,346.00,127.00,226.00,1.0,-1,-1,-1
49,6,0.00,415.00,145.00,159.00,1.0,-1,-1,-1
49,2,199.00,322.00,43.00,176.00,1.0,-1,-1,-1
49,3,498.00,357.00,180.00,216.00,1.0,-1,-1,-1
49,4,236.00,334.00,32.00,161.00,1.0,-1,-1,-1
50,1,319.00,348.00,124.00,225.00,1.0,-1,-1,-1
50,3,557.00,350.00,130.00,223.00,1.0,-1,-1,-1
50,2,199.00,323.00,43.00,175.00,1.0,-1,-1,-1
50,6,0.00,415.00,146.00,158.00,1.0,-1,-1,-1
50,4,235.00,336.00,33.00,166.00,1.0,-1,-1,-1
51,1,324.00,349.00,121.00,224.00,1.0,-1,-1,-1
51,3,559.00,350.00,130.00,224.00,1.0,-1,-1,-1
51,2,199.00,323.00,43.00,176.00,1.0,-1,-1,-1
51,6,0.00,415.00,146.00,158.00,1.0,-1,-1,-1
51,4,236.00,332.00,31.00,173.00,1.0,-1,-1,-1
52,1,330.00,348.00,118.00,225.00,1.0,-1,-1,-1
52,2,199.00,323.00,42.00,176.00,1.0,-1,-1,-1
52,3,568.00,350.00,122.00,224.00,1.0,-1,-1,-1
52,6,0.00,415.00,147.00,158.00,1.0,-1,-1,-1
52,4,235.00,331.00,31.00,175.00,1.0,-1,-1,-1
53,3,576.00,349.00,125.00,224.00,1.0,-1,-1,-1
53,2,199.00,323.00,41.00,177.00,1.0,-1,-1,-1
53,1,330.00,348.00,131.00,225.00,1.0,-1,-1,-1
53,6,0.00,415.00,146.00,158.00,1.0,-1,-1,-1
53,4,233.00,336.00,35.00,165.00,1.0,-1,-1,-1
54,1,334.00,344.00,138.00,228.00,1.0,-1,-1,-1
54,2,199.00,324.00,41.00,176.00,1.0,-1,-1,-1
54,3,585.00,352.00,121.00,221.00,1.0,-1,-1,-1
54,6,0.00,415.00,146.00,158.00,1.0,-1,-1,-1
54,4,232.00,339.00,41.00,166.00,1.0,-1,-1,-1
55,1,338.00,342.00,143.00,231.00,1.0,-1,-1,-1
55,2,198.00,324.00,42.00,177.00,1.0,-1,-1,-1
55,3,577.00,358.00,134.00,217.00,1.0,-1,-1,-1
55,6,0.00,416.00,146.00,157.00,1.0,-1,-1,-1
55,4,232.00,337.00,32.00,166.00,1.0,-1,-1,-1
56,1,344.00,339.00,143.00,234.00,1.0,-1,-1,-1
56,2,198.00,324.00,42.00,177.00,1.0,-1,-1,-1
56,3,583.00,357.00,138.00,217.00,1.0,-1,-1,-1
56,6,0.00,416.00,146.00,157.00,1.0,-1,-1,-1
56,4,231.00,336.00,30.00,161.00,1.0,-1,-1,-1
57,1,346.00,339.00,144.00,234.00,1.0,-1,-1,-1
57,2,198.00,324.00,42.00,178.00,1.0,-1,-1,-1
57,3,593.00,361.00,133.00,214.00,1.0,-1,-1,-1
57,6,27.00,418.00,118.00,156.00,1.0,-1,-1,-1
57,4,234.00,337.00,37.00,165.00,1.0,-1,-1,-1
58,1,347.00,340.00,135.00,233.00,1.0,-1,-1,-1
58,2,198.00,325.00,42.00,177.00,1.0,-1,-1,-1
58,4,234.00,339.00,33.00,169.00,1.0,-1,-1,-1
58,6,20.00,415.00,126.00,158.00,1.0,-1,-1,-1
58,3,597.00,342.00,148.00,233.00,1.0,-1,-1,-1
59,1,347.00,339.00,147.00,235.00,1.0,-1,-1,-1
59,3,610.00,365.00,138.00,208.00,1.0,-1,-1,-1
59,2,198.00,325.00,40.00,178.00,1.0,-1,-1,-1
59,4,230.00,337.00,41.00,165.00,1.0,-1,-1,-1
59,6,3.00,415.00,147.00,164.00,1.0,-1,-1,-1
60,3,620.00,368.00,136.00,205.00,1.0,-1,-1,-1
60,1,348.00,340.00,159.00,233.00,1.0,-1,-1,-1
60,2,198.00,325.00,40.00,179.00,1.0,-1,-1,-1
60,6,7.00,410.00,142.00,165.00,1.0,-1,-1,-1
60,4,233.00,338.00,35.00,170.00,1.0,-1,-1,-1
61,1,349.00,340.00,163.00,232.00,1.0,-1,-1,-1
61,3,629.00,367.00,137.00,206.00,1.0,-1,-1,-1
61,2,198.00,326.00,41.00,178.00,1.0,-1,-1,-1
61,6,38.00,420.00,107.00,156.00,1.0,-1,-1,-1
61,4,234.00,337.00,31.00,170.00,1.0,-1,-1,-1
62,1,351.00,337.00,166.00,235.00,1.0,-1,-1,-1
62,3,640.00,373.00,146.00,202.00,1.0,-1,-1,-1
62,2,197.00,326.00,42.00,179.00,1.0,-1,-1,-1
62,4,234.00,338.00,29.00,165.00,1.0,-1,-1,-1
62,6,12.00,412.00,140.00,167.00,1.0,-1,-1,-1
63,1,352.00,326.00,169.00,246.00,1.0,-1,-1,-1
63,3,657.00,372.00,133.00,201.00,1.0,-1,-1,-1
63,2,197.00,327.00,41.00,178.00,1.0,-1,-1,-1
63,6,41.00,423.00,104.00,153.00,1.0,-1,-1,-1
63,4,234.00,338.00,29.00,164.00,1.0,-1,-1,-1
64,1,354.00,341.00,172.00,231.00,1.0,-1,-1,-1
64,3,654.00,368.00,145.00,205.00,1.0,-1,-1,-1
64,6,43.00,425.00,102.00,149.00,1.0,-1,-1,-1
64,2,197.00,327.00,40.00,178.00,1.0,-1,-1,-1
64,4,233.00,338.00,29.00,166.00,1.0,-1,-1,-1
65,1,355.00,340.00,176.00,232.00,1.0,-1,-1,-1
65,3,663.00,365.00,144.00,208.00,1.0,-1,-1,-1
65,2,196.00,327.00,40.00,178.00,1.0,-1,-1,-1
65,6,43.00,425.00,102.00,151.00,1.0,-1,-1,-1
65,4,233.00,336.00,26.00,168.00,1.0,-1,-1,-1
65,7,349.00,351.00,48.00,153.00,1.0,-1,-1,-1
66,1,356.00,347.00,177.00,226.00,1.0,-1,-1,-1
66,3,668.00,364.00,146.00,208.00,1.0,-1,-1,-1
66,2,196.00,328.00,40.00,177.00,1.0,-1,-1,-1
66,6,47.00,426.00,98.00,150.00,1.0,-1,-1,-1
66,7,346.00,352.00,52.00,153.00,1.0,-1,-1,-1
66,4,232.00,337.00,27.00,166.00,1.0,-1,-1,-1
67,1,358.00,349.00,179.00,224.00,1.0,-1,-1,-1
67,2,195.00,328.00,41.00,178.00,1.0,-1,-1,-1
67,3,676.00,365.00,143.00,208.00,1.0,-1,-1,-1
67,4,232.00,337.00,27.00,166.00,1.0,-1,-1,-1
67,6,32.00,423.00,129.00,154.00,1.0,-1,-1,-1
67,7,353.00,368.00,51.00,138.00,1.0,-1,-1,-1
68,3,680.00,356.00,158.00,217.00,1.0,-1,-1,-1
68,1,360.00,351.00,182.00,222.00,1.0,-1,-1,-1
68,2,195.00,329.00,41.00,177.00,1.0,-1,-1,-1
68,4,232.00,337.00,26.00,167.00,1.0,-1,-1,-1
68,6,35.00,418.00,113.00,161.00,1.0,-1,-1,-1
68,7,349.00,369.00,55.00,138.00,1.0,-1,-1,-1
69,1,364.00,351.00,183.00,222.00,1.0,-1,-1,-1
69,3,686.00,357.00,168.00,215.00,1.0,-1,-1,-1
69,2,195.00,329.00,40.00,177.00,1.0,-1,-1,-1
69,6,62.00,430.00,81.00,146.00,1.0,-1,-1,-1
69,7,350.00,377.00,49.00,129.00,1.0,-1,-1,-1
69,4,228.00,342.00,38.00,163.00,1.0,-1,-1,-1
70,3,690.00,359.00,174.00,213.00,1.0,-1,-1,-1
70,1,366.00,351.00,187.00,222.00,1.0,-1,-1,-1
70,2,195.00,330.00,39.00,176.00,1.0,-1,-1,-1
70,6,51.00,430.00,90.00,146.00,1.0,-1,-1,-1
70,4,227.00,344.00,42.00,157.00,1.0,-1,-1,-1
70,7,349.00,371.00,53.00,137.00,1.0,-1,-1,-1
71,3,701.00,359.00,175.00,213.00,1.0,-1,-1,-1
71,1,369.00,351.00,190.00,221.00,1.0,-1,-1,-1
71,2,194.00,330.00,39.00,176.00,1.0,-1,-1,-1
71,6,40.00,432.00,100.00,142.00,1.0,-1,-1,-1
71,7,341.00,379.00,63.00,146.00,1.0,-1,-1,-1
71,4,225.00,343.00,36.00,163.00,1.0,-1,-1,-1
72,3,708.00,360.00,184.00,212.00,1.0,-1,-1,-1
72,1,373.00,351.00,186.00,221.00,1.0,-1,-1,-1
72,2,194.00,330.00,39.00,176.00,1.0,-1,-1,-1
72,7,342.00,378.00,61.00,168.00,1.0,-1,-1,-1
72,6,42.00,433.00,97.00,143.00,1.0,-1,-1,-1
72,4,230.00,339.00,36.00,171.00,1.0,-1,-1,-1
73,3,718.00,362.00,186.00,211.00,1.0,-1,-1,-1
73,2,193.00,330.00,40.00,176.00,1.0,-1,-1,-1
73,1,378.00,353.00,185.00,219.00,1.0,-1,-1,-1
73,6,44.00,435.00,95.00,141.00,1.0,-1,-1,-1
73,4,230.00,340.00,37.00,168.00,1.0,-1,-1,-1
73,7,345.00,374.00,54.00,171.00,1.0,-1,-1,-1
74,3,728.00,366.00,186.00,206.00,1.0,-1,-1,-1
74,2,193.00,331.00,39.00,175.00,1.0,-1,-1,-1
74,6,74.00,436.00,64.00,140.00,1.0,-1,-1,-1
74,1,387.00,354.00,181.00,219.00,1.0,-1,-1,-1
74,4,228.00,342.00,45.00,168.00,1.0,-1,-1,-1
74,7,348.00,374.00,51.00,165.00,1.0,-1,-1,-1
75,3,737.00,363.00,190.00,210.00,1.0,-1,-1,-1
75,2,192.00,331.00,40.00,176.00,1.0,-1,-1,-1
75,6,72.00,438.00,66.00,137.00,1.0,-1,-1,-1
75,1,392.00,347.00,195.00,225.00,1.0,-1,-1,-1
75,4,228.00,343.00,35.00,166.00,1.0,-1,-1,-1
75,7,345.00,378.00,52.00,174.00,1.0,-1,-1,-1
76,3,746.00,369.00,192.00,204.00,1.0,-1,-1,-1
76,1,415.00,348.00,175.00,224.00,1.0,-1,-1,-1
76,2,192.00,331.00,40.00,176.00,1.0,-1,-1,-1
76,6,75.00,440.00,63.00,135.00,1.0,-1,-1,-1
76,5,376.00,378.00,62.00,195.00,1.0,-1,-1,-1
76,7,346.00,374.00,44.00,181.00,1.0,-1,-1,-1
76,4,226.00,343.00,37.00,173.00,1.0,-1,-1,-1
77,3,758.00,372.00,192.00,201.00,1.0,-1,-1,-1
77,1,421.00,346.00,177.00,227.00,1.0,-1,-1,-1
77,2,192.00,332.00,39.00,175.00,1.0,-1,-1,-1
77,5,379.00,377.00,56.00,198.00,1.0,-1,-1,-1
77,4,230.00,340.00,31.00,171.00,1.0,-1,-1,-1
77,6,53.00,433.00,99.00,142.00,1.0,-1,-1,-1
77,7,349.00,376.00,42.00,181.00,1.0,-1,-1,-1
78,3,775.00,378.00,190.00,195.00,1.0,-1,-1,-1
78,1,428.00,344.00,178.00,229.00,1.0,-1,-1,-1
78,5,375.00,370.00,69.00,205.00,1.0,-1,-1,-1
78,6,73.00,441.00,67.00,132.00,1.0,-1,-1,-1
78,2,191.00,332.00,40.00,175.00,1.0,-1,-1,-1
78,7,343.00,377.00,52.00,178.00,1.0,-1,-1,-1
78,4,227.00,342.00,32.00,161.00,1.0,-1,-1,-1
79,3,784.00,380.00,193.00,193.00,1.0,-1,-1,-1
79,1,437.00,348.00,178.00,225.00,1.0,-1,-1,-1
79,6,70.00,441.00,72.00,132.00,1.0,-1,-1,-1
79,2,191.00,333.00,40.00,174.00,1.0,-1,-1,-1
79,5,374.00,367.00,77.00,207.00,1.0,-1,-1,-1
79,7,341.00,376.00,56.00,181.00,1.0,-1,-1,-1
79,4,231.00,342.00,29.00,173.00,1.0,-1,-1,-1
80,3,796.00,379.00,193.00,194.00,1.0,-1,-1,-1
80,1,443.00,348.00,177.00,226.00,1.0,-1,-1,-1
80,6,73.00,442.00,71.00,133.00,1.0,-1,-1,-1
80,5,374.00,368.00,77.00,207.00,1.0,-1,-1,-1
80,2,191.00,333.00,40.00,175.00,1.0,-1,-1,-1
80,7,341.00,376.00,56.00,182.00,1.0,-1,-1,-1
80,4,228.00,345.00,35.00,163.00,1.0,-1,-1,-1
81,1,451.00,348.00,173.00,226.00,1.0,-1,-1,-1
81,3,810.00,380.00,194.00,194.00,1.0,-1,-1,-1
81,6,73.00,442.00,71.00,133.00,1.0,-1,-1,-1
81,5,372.00,365.00,79.00,211.00,1.0,-1,-1,-1
81,2,191.00,333.00,40.00,175.00,1.0,-1,-1,-1
81,7,340.00,376.00,54.00,186.00,1.0,-1,-1,-1
81,4,225.00,343.00,37.00,171.00,1.0,-1,-1,-1
82,3,817.00,378.00,201.00,197.00,1.0,-1,-1,-1
82,1,457.00,351.00,169.00,223.00,1.0,-1,-1,-1
82,6,72.00,442.00,74.00,133.00,1.0,-1,-1,-1
82,5,372.00,369.00,81.00,207.00,1.0,-1,-1,-1
82,2,190.00,333.00,41.00,175.00,1.0,-1,-1,-1
82,7,339.00,377.00,55.00,189.00,1.0,-1,-1,-1
82,4,221.00,341.00,43.00,167.00,1.0,-1,-1,-1
83,1,467.00,352.00,170.00,223.00,1.0,-1,-1,-1
83,3,831.00,374.00,189.00,202.00,1.0,-1,-1,-1
83,6,72.00,441.00,75.00,134.00,1.0,-1,-1,-1
83,5,371.00,369.00,95.00,205.00,1.0,-1,-1,-1
83,2,189.00,333.00,43.00,175.00,1.0,-1,-1,-1
83,7,339.00,378.00,54.00,192.00,1.0,-1,-1,-1
83,4,220.00,345.00,37.00,168.00,1.0,-1,-1,-1
84,3,842.00,374.00,181.00,202.00,1.0,-1,-1,-1
84,1,476.00,356.00,162.00,218.00,1.0,-1,-1,-1
84,6,72.00,439.00,77.00,136.00,1.0,-1,-1,-1
84,5,372.00,367.00,94.00,207.00,1.0,-1,-1,-1
84,2,189.00,333.00,43.00,176.00,1.0,-1,-1,-1
84,7,339.00,378.00,57.00,195.00,1.0,-1,-1,-1
84,4,227.00,344.00,37.00,169.00,1.0,-1,-1,-1
85,1,479.00,354.00,166.00,220.00,1.0,-1,-1,-1
85,3,852.00,375.00,168.00,201.00,1.0,-1,-1,-1
85,6,72.00,438.00,78.00,137.00,1.0,-1,-1,-1
85,2,188.00,332.00,46.00,176.00,1.0,-1,-1,-1
85,7,338.00,380.00,60.00,194.00,1.0,-1,-1,-1
85,5,372.00,371.00,84.00,203.00,1.0,-1,-1,-1
85,4,224.00,342.00,43.00,177.00,1.0,-1,-1,-1
86,1,480.00,357.00,179.00,216.00,1.0,-1,-1,-1
86,3,862.00,377.00,161.00,198.00,1.0,-1,-1,-1
86,6,72.00,436.00,78.00,139.00,1.0,-1,-1,-1
86,2,187.00,332.00,47.00,177.00,1.0,-1,-1,-1
86,5,370.00,383.00,78.00,191.00,1.0,-1,-1,-1
86,7,336.00,384.00,61.00,190.00,1.0,-1,-1,-1
86,4,226.00,346.00,36.00,164.00,1.0,-1,-1,-1
87,1,505.00,355.00,165.00,218.00,1.0,-1,-1,-1
87,3,873.00,378.00,150.00,198.00,1.0,-1,-1,-1
87,6,72.00,435.00,80.00,140.00,1.0,-1,-1,-1
87,2,187.00,333.00,46.00,177.00,1.0,-1,-1,-1
87,5,369.00,384.00,80.00,190.00,1.0,-1,-1,-1
87,7,333.00,380.00,66.00,194.00,1.0,-1,-1,-1
87,4,225.00,346.00,34.00,160.00,1.0,-1,-1,-1
88,3,884.00,381.00,139.00,194.00,1.0,-1,-1,-1
88,1,509.00,357.00,170.00,217.00,1.0,-1,-1,-1
88,6,68.00,434.00,84.00,141.00,1.0,-1,-1,-1
88,5,368.00,387.00,86.00,186.00,1.0,-1,-1,-1
88,2,187.00,333.00,47.00,177.00,1.0,-1,-1,-1
88,7,331.00,373.00,66.00,201.00,1.0,-1,-1,-1
88,4,224.00,345.00,36.00,156.00,1.0,-1,-1,-1
89,1,525.00,351.00,165.00,222.00,1.0,-1,-1,-1
89,3,895.00,379.00,128.00,195.00,1.0,-1,-1,-1
89,5,366.00,385.00,91.00,189.00,1.0,-1,-1,-1
89,2,187.00,333.00,47.00,178.00,1.0,-1,-1,-1
89,7,329.00,374.00,69.00,200.00,1.0,-1,-1,-1
89,6,56.00,418.00,103.00,152.00,1.0,-1,-1,-1
89,4,220.00,345.00,46.00,164.00,1.0,-1,-1,-1
90,1,535.00,348.00,168.00,225.00,1.0,-1,-1,-1
90,3,908.00,381.00,115.00,193.00,1.0,-1,-1,-1
90,5,366.00,384.00,96.00,190.00,1.0,-1,-1,-1
90,2,188.00,335.00,44.00,176.00,1.0,-1,-1,-1
90,6,66.00,432.00,88.00,143.00,1.0,-1,-1,-1
90,7,329.00,373.00,68.00,201.00,1.0,-1,-1,-1
90,4,220.00,346.00,45.00,164.00,1.0,-1,-1,-1
91,1,541.00,349.00,174.00,224.00,1.0,-1,-1,-1
91,3,920.00,380.00,103.00,195.00,1.0,-1,-1,-1
91,5,368.00,381.00,99.00,193.00,1.0,-1,-1,-1
91,6,63.00,429.00,91.00,146.00,1.0,-1,-1,-1
91,2,187.00,334.00,46.00,177.00,1.0,-1,-1,-1
91,7,328.00,372.00,71.00,202.00,1.0,-1,-1,-1
91,4,225.00,343.00,40.00,165.00,1.0,-1,-1,-1
92,1,548.00,349.00,177.00,224.00,1.0,-1,-1,-1
92,5,367.00,383.00,95.00,190.00,1.0,-1,-1,-1
92,6,61.00,425.00,94.00,149.00,1.0,-1,-1,-1
92,2,187.00,334.00,46.00,177.00,1.0,-1,-1,-1
92,7,326.00,373.00,73.00,200.00,1.0,-1,-1,-1
92,4,228.00,342.00,40.00,173.00,1.0,-1,-1,-1
92,3,939.00,380.00,87.00,199.00,1.0,-1,-1,-1
93,1,553.00,344.00,178.00,229.00,1.0,-1,-1,-1
93,5,369.00,381.00,102.00,192.00,1.0,-1,-1,-1
93,2,187.00,334.00,46.00,177.00,1.0,-1,-1,-1
93,7,324.00,377.00,75.00,197.00,1.0,-1,-1,-1
93,6,52.00,416.00,112.00,158.00,1.0,-1,-1,-1
93,4,225.00,346.00,33.00,161.00,1.0,-1,-1,-1
94,1,560.00,345.00,182.00,228.00,1.0,-1,-1,-1
94,5,371.00,383.00,101.00,190.00,1.0,-1,-1,-1
94,2,187.00,334.00,46.00,177.00,1.0,-1,-1,-1
94,7,322.00,378.00,77.00,195.00,1.0,-1,-1,-1
94,6,57.00,418.00,98.00,157.00,1.0,-1,-1,-1
94,4,229.00,346.00,35.00,168.00,1.0,-1,-1,-1
95,1,566.00,342.00,186.00,231.00,1.0,-1,-1,-1
95,5,371.00,384.00,103.00,189.00,1.0,-1,-1,-1
95,2,187.00,334.00,46.00,177.00,1.0,-1,-1,-1
95,7,320.00,376.00,79.00,197.00,1.0,-1,-1,-1
95,6,57.00,414.00,98.00,161.00,1.0,-1,-1,-1
95,4,224.00,344.00,37.00,177.00,1.0,-1,-1,-1
95,8,297.00,353.00,31.00,130.00,1.0,-1,-1,-1
96,1,573.00,336.00,192.00,236.00,1.0,-1,-1,-1
96,7,320.00,378.00,81.00,196.00,1.0,-1,-1,-1
96,5,376.00,386.00,98.00,188.00,1.0,-1,-1,-1
96,2,186.00,334.00,47.00,177.00,1.0,-1,-1,-1
96,6,36.00,402.00,112.00,175.00,1.0,-1,-1,-1
96,4,225.00,344.00,32.00,173.00,1.0,-1,-1,-1
96,8,294.00,348.00,28.00,140.00,1.0,-1,-1,-1
97,1,578.00,336.00,205.00,236.00,1.0,-1,-1,-1
97,5,375.00,387.00,95.00,185.00,1.0,-1,-1,-1
97,2,187.00,334.00,43.00,178.00,1.0,-1,-1,-1
97,7,318.00,381.00,82.00,194.00,1.0,-1,-1,-1
97,6,50.00,403.00,103.00,172.00,1.0,-1,-1,-1
97,4,224.00,346.00,41.00,171.00,1.0,-1,-1,-1
97,8,302.00,351.00,27.00,131.00,1.0,-1,-1,-1
98,1,586.00,333.00,209.00,239.00,1.0,-1,-1,-1
98,5,376.00,387.00,98.00,185.00,1.0,-1,-1,-1
98,2,187.00,335.00,42.00,177.00,1.0,-1,-1,-1
98,7,317.00,380.00,82.00,195.00,1.0,-1,-1,-1
98,6,47.00,397.00,104.00,178.00,1.0,-1,-1,-1
98,4,225.00,341.00,36.00,169.00,1.0,-1,-1,-1
98,8,300.00,354.00,33.00,126.00,1.0,-1,-1,-1
99,1,593.00,341.00,211.00,230.00,1.0,-1,-1,-1
99,5,374.00,388.00,100.00,184.00,1.0,-1,-1,-1
99,2,187.00,335.00,42.00,178.00,1.0,-1,-1,-1
99,6,45.00,392.00,104.00,181.00,1.0,-1,-1,-1
99,7,315.00,373.00,87.00,199.00,1.0,-1,-1,-1
99,4,223.00,343.00,36.00,166.00,1.0,-1,-1,-1
99,8,298.00,358.00,32.00,131.00,1.0,-1,-1,-1
100,1,602.00,356.00,209.00,216.00,1.0,-1,-1,-1
100,6,42.00,388.00,106.00,186.00,1.0,-1,-1,-1
100,8,376.00,387.00,97.00,185.00,1.0,-1,-1,-1
100,2,187.00,335.00,42.00,178.00,1.0,-1,-1,-1
100,7,315.00,376.00,87.00,196.00,1.0,-1,-1,-1
100,4,221.00,345.00,41.00,165.00,1.0,-1,-1,-1
100,8,305.00,350.00,21.00,134.00,1.0,-1,-1,-1
101,6,41.00,384.00,104.00,190.00,1.0,-1,-1,-1
101,1,613.00,356.00,210.00,216.00,1.0,-1,-1,-1
101,5,374.00,387.00,97.00,185.00,1.0,-1,-1,-1
101,2,187.00,335.00,42.00,178.00,1.0,-1,-1,-1
101,7,319.00,379.00,75.00,192.00,1.0,-1,-1,-1
101,4,224.00,351.00,43.00,184.00,1.0,-1,-1,-1
101,8,300.00,348.00,30.00,128.00,1.0,-1,-1,-1
102,1,624.00,359.00,214.00,213.00,1.0,-1,-1,-1
102,6,46.00,382.00,98.00,192.00,1.0,-1,-1,-1
102,5,373.00,387.00,99.00,185.00,1.0,-1,-1,-1
102,2,186.00,335.00,43.00,178.00,1.0,-1,-1,-1
102,4,225.00,347.00,33.00,166.00,1.0,-1,-1,-1
102,7,324.00,377.00,72.00,192.00,1.0,-1,-1,-1
102,8,296.00,350.00,33.00,136.00,1.0,-1,-1,-1
103,1,636.00,357.00,212.00,216.00,1.0,-1,-1,-1
103,5,372.00,387.00,99.00,185.00,1.0,-1,-1,-1
103,6,53.00,376.00,87.00,198.00,1.0,-1,-1,-1
103,2,186.00,335.00,43.00,178.00,1.0,-1,-1,-1
103,4,225.00,346.00,35.00,168.00,1.0,-1,-1,-1
103,7,329.00,383.00,64.00,187.00,1.0,-1,-1,-1
103,8,296.00,344.00,35.00,137.00,1.0,-1,-1,-1
104,1,646.00,357.00,201.00,215.00,1.0,-1,-1,-1
104,5,371.00,385.00,95.00,188.00,1.0,-1,-1,-1
104,2,186.00,335.00,42.00,178.00,1.0,-1,-1,-1
104,6,51.00,373.00,86.00,203.00,1.0,-1,-1,-1
104,4,224.00,346.00,47.00,169.00,1.0,-1,-1,-1
104,7,330.00,383.00,64.00,191.00,1.0,-1,-1,-1
104,8,292.00,348.00,45.00,137.00,1.0,-1,-1,-1
105,1,654.00,356.00,227.00,217.00,1.0,-1,-1,-1
105,5,372.00,385.00,97.00,188.00,1.0,-1,-1,-1
105,6,53.00,369.00,83.00,207.00,1.0,-1,-1,-1
105,2,187.00,335.00,41.00,178.00,1.0,-1,-1,-1
105,7,328.00,382.00,67.00,188.00,1.0,-1,-1,-1
105,4,226.00,347.00,34.00,169.00,1.0,-1,-1,-1
105,8,295.00,343.00,36.00,143.00,1.0,-1,-1,-1
106,1,666.00,350.00,229.00,222.00,1.0,-1,-1,-1
106,5,373.00,385.00,96.00,188.00,1.0,-1,-1,-1
106,2,187.00,335.00,42.00,177.00,1.0,-1,-1,-1
106,6,54.00,368.00,77.00,208.00,1.0,-1,-1,-1
106,7,329.00,386.00,66.00,189.00,1.0,-1,-1,-1
106,4,225.00,339.00,40.00,187.00,1.0,-1,-1,-1
106,8,305.00,345.00,25.00,132.00,1.0,-1,-1,-1
106,10,605.00,349.00,20.00,55.00,1.0,-1,-1,-1
106,9,586.00,353.00,20.00,50.00,1.0,-1,-1,-1
107,1,678.00,345.00,235.00,226.00,1.0,-1,-1,-1
107,5,371.00,377.00,103.00,196.00,1.0,-1,-1,-1
107,6,55.00,366.00,75.00,209.00,1.0,-1,-1,-1
107,2,187.00,335.00,42.00,178.00,1.0,-1,-1,-1
107,7,336.00,383.00,55.00,184.00,1.0,-1,-1,-1
107,4,224.00,349.00,34.00,169.00,1.0,-1,-1,-1
107,8,295.00,342.00,45.00,139.00,1.0,-1,-1,-1
107,10,605.00,352.00,20.00,56.00,1.0,-1,-1,-1
107,9,588.00,349.00,15.00,59.00,1.0,-1,-1,-1
108,1,691.00,351.00,241.00,221.00,1.0,-1,-1,-1
108,5,370.00,375.00,107.00,197.00,1.0,-1,-1,-1
108,2,187.00,335.00,43.00,178.00,1.0,-1,-1,-1
108,6,58.00,364.00,73.00,211.00,1.0,-1,-1,-1
108,7,326.00,394.00,71.00,178.00,1.0,-1,-1,-1
108,4,229.00,349.00,33.00,158.00,1.0,-1,-1,-1
108,8,299.00,340.00,36.00,142.00,1.0,-1,-1,-1
108,10,604.00,348.00,16.00,49.00,1.0,-1,-1,-1
108,9,589.00,349.00,18.00,49.00,1.0,-1,-1,-1
109,1,705.00,354.00,247.00,218.00,1.0,-1,-1,-1
109,6,58.00,363.00,79.00,211.00,1.0,-1,-1,-1
109,2,187.00,335.00,43.00,178.00,1.0,-1,-1,-1
109,5,373.00,374.00,106.00,199.00,1.0,-1,-1,-1
109,7,328.00,392.00,68.00,178.00,1.0,-1,-1,-1
109,4,220.00,347.00,44.00,168.00,1.0,-1,-1,-1
109,8,298.00,345.00,39.00,145.00,1.0,-1,-1,-1
109,9,587.00,349.00,19.00,53.00,1.0,-1,-1,-1
109,10,603.00,354.00,17.00,44.00,1.0,-1,-1,-1
110,6,58.00,360.00,78.00,214.00,1.0,-1,-1,-1
110,2,187.00,335.00,42.00,178.00,1.0,-1,-1,-1
110,1,719.00,352.00,240.00,220.00,1.0,-1,-1,-1
110,5,375.00,376.00,106.00,199.00,1.0,-1,-1,-1
110,7,328.00,391.00,73.00,182.00,1.0,-1,-1,-1
110,4,225.00,343.00,37.00,171.00,1.0,-1,-1,-1
110,8,295.00,345.00,43.00,137.00,1.0,-1,-1,-1
110,9,589.00,354.00,17.00,49.00,1.0,-1,-1,-1
110,10,604.00,354.00,19.00,50.00,1.0,-1,-1,-1
111,6,57.00,359.00,83.00,215.00,1.0,-1,-1,-1
111,2,188.00,335.00,42.00,177.00,1.0,-1,-1,-1
111,5,386.00,373.00,101.00,202.00,1.0,-1,-1,-1
111,1,734.00,351.00,194.00,221.00,1.0,-1,-1,-1
111,4,227.00,351.00,29.00,167.00,1.0,-1,-1,-1
111,7,338.00,380.00,61.00,195.00,1.0,-1,-1,-1
111,8,292.00,343.00,44.00,153.00,1.0,-1,-1,-1
111,10,603.00,350.00,16.00,50.00,1.0,-1,-1,-1
111,9,589.00,353.00,16.00,48.00,1.0,-1,-1,-1
112,6,57.00,358.00,83.00,216.00,1.0,-1,-1,-1
112,2,188.00,335.00,42.00,177.00,1.0,-1,-1,-1
112,5,383.00,371.00,108.00,202.00,1.0,-1,-1,-1
112,1,751.00,352.00,241.00,220.00,1.0,-1,-1,-1
112,4,219.00,346.00,45.00,171.00,1.0,-1,-1,-1
112,7,332.00,375.00,67.00,198.00,1.0,-1,-1,-1
112,8,306.00,350.00,26.00,139.00,1.0,-1,-1,-1
112,9,588.00,351.00,19.00,51.00,1.0,-1,-1,-1
112,10,602.00,356.00,18.00,41.00,1.0,-1,-1,-1
113,6,56.00,358.00,90.00,215.00,1.0,-1,-1,-1
113,5,370.00,371.00,118.00,202.00,1.0,-1,-1,-1
113,2,188.00,335.00,42.00,177.00,1.0,-1,-1,-1
113,1,769.00,349.00,252.00,223.00,1.0,-1,-1,-1
113,7,322.00,389.00,82.00,186.00,1.0,-1,-1,-1
113,4,225.00,348.00,33.00,166.00,1.0,-1,-1,-1
113,8,308.00,362.00,25.00,128.00,1.0,-1,-1,-1
113,9,591.00,351.00,14.00,53.00,1.0,-1,-1,-1
114,6,56.00,357.00,93.00,216.00,1.0,-1,-1,-1
114,2,188.00,335.00,42.00,177.00,1.0,-1,-1,-1
114,5,371.00,374.00,121.00,201.00,1.0,-1,-1,-1
114,1,784.00,352.00,173.00,222.00,1.0,-1,-1,-1
114,7,323.00,395.00,81.00,180.00,1.0,-1,-1,-1
114,8,305.00,359.00,28.00,125.00,1.0,-1,-1,-1
114,4,229.00,345.00,30.00,161.00,1.0,-1,-1,-1
114,9,585.00,354.00,20.00,46.00,1.0,-1,-1,-1
115,6,56.00,357.00,94.00,216.00,1.0,-1,-1,-1
115,2,189.00,335.00,41.00,177.00,1.0,-1,-1,-1
115,5,383.00,380.00,112.00,195.00,1.0,-1,-1,-1
115,7,322.00,396.00,86.00,180.00,1.0,-1,-1,-1
115,8,304.00,363.00,31.00,133.00,1.0,-1,-1,-1
115,4,226.00,347.00,33.00,171.00,1.0,-1,-1,-1
115,9,588.00,355.00,17.00,50.00,1.0,-1,-1,-1
116,6,56.00,356.00,96.00,218.00,1.0,-1,-1,-1
116,2,189.00,335.00,41.00,176.00,1.0,-1,-1,-1
116,5,394.00,379.00,103.00,194.00,1.0,-1,-1,-1
116,1,819.00,351.00,202.00,223.00,1.0,-1,-1,-1
116,7,322.00,397.00,91.00,178.00,1.0,-1,-1,-1
116,4,228.00,351.00,29.00,168.00,1.0,-1,-1,-1
116,8,305.00,364.00,31.00,132.00,1.0,-1,-1,-1
116,10,601.00,358.00,20.00,42.00,1.0,-1,-1,-1
116,9,582.00,353.00,24.00,52.00,1.0,-1,-1,-1
117,6,56.00,355.00,96.00,219.00,1.0,-1,-1,-1
117,1,837.00,357.00,186.00,216.00,1.0,-1,-1,-1
117,5,393.00,381.00,105.00,192.00,1.0,-1,-1,-1
117,2,189.00,334.00,42.00,178.00,1.0,-1,-1,-1
117,4,228.00,350.00,30.00,168.00,1.0,-1,-1,-1
117,7,338.00,390.00,68.00,179.00,1.0,-1,-1,-1
117,8,304.00,358.00,33.00,128.00,1.0,-1,-1,-1
117,10,601.00,355.00,11.00,46.00,1.0,-1,-1,-1
117,9,585.00,355.00,15.00,47.00,1.0,-1,-1,-1
118,6,57.00,355.00,97.00,219.00,1.0,-1,-1,-1
118,1,861.00,363.00,162.00,210.00,1.0,-1,-1,-1
118,5,397.00,383.00,101.00,191.00,1.0,-1,-1,-1
118,2,189.00,334.00,42.00,178.00,1.0,-1,-1,-1
118,4,229.00,350.00,30.00,169.00,1.0,-1,-1,-1
118,7,329.00,384.00,78.00,190.00,1.0,-1,-1,-1
118,8,303.00,363.00,36.00,129.00,1.0,-1,-1,-1
118,9,588.00,356.00,16.00,48.00,1.0,-1,-1,-1
118,10,601.00,354.00,13.00,48.00,1.0,-1,-1,-1
119,6,57.00,354.00,98.00,220.00,1.0,-1,-1,-1
119,1,883.00,363.00,140.00,212.00,1.0,-1,-1,-1
119,5,398.00,382.00,101.00,190.00,1.0,-1,-1,-1
119,2,189.00,334.00,42.00,177.00,1.0,-1,-1,-1
119,9,229.00,350.00,30.00,168.00,1.0,-1,-1,-1
119,31,557.00,443.00,0.00,0.00,1.0,-1,-1,-1
119,7,333.00,383.00,73.00,184.00,1.0,-1,-1,-1
119,8,304.00,362.00,38.00,126.00,1.0,-1,-1,-1
119,10,602.00,354.00,12.00,43.00,1.0,-1,-1,-1
119,9,590.00,357.00,10.00,48.00,1.0,-1,-1,-1
120,6,58.00,353.00,98.00,220.00,1.0,-1,-1,-1
120,2,189.00,335.00,42.00,176.00,1.0,-1,-1,-1
120,1,911.00,363.00,112.00,211.00,1.0,-1,-1,-1
120,5,399.00,381.00,101.00,190.00,1.0,-1,-1,-1
120,4,229.00,350.00,30.00,168.00,1.0,-1,-1,-1
120,10,598.00,351.00,28.00,50.00,1.0,-1,-1,-1
120,7,339.00,393.00,77.00,180.00,1.0,-1,-1,-1
120,8,308.00,359.00,36.00,126.00,1.0,-1,-1,-1
120,9,584.00,354.00,20.00,42.00,1.0,-1,-1,-1
121,6,59.00,353.00,100.00,220.00,1.0,-1,-1,-1
121,2,190.00,335.00,40.00,176.00,1.0,-1,-1,-1
121,5,403.00,379.00,102.00,195.00,1.0,-1,-1,-1
121,4,230.00,350.00,29.00,169.00,1.0,-1,-1,-1
121,7,319.00,396.00,86.00,178.00,1.0,-1,-1,-1
121,10,602.00,353.00,14.00,45.00,1.0,-1,-1,-1
121,9,587.00,354.00,15.00,45.00,1.0,-1,-1,-1
121,8,310.00,365.00,35.00,107.00,1.0,-1,-1,-1
121,1,905.00,413.00,118.00,165.00,1.0,-1,-1,-1
122,6,60.00,354.00,101.00,219.00,1.0,-1,-1,-1
122,2,190.00,335.00,40.00,176.00,1.0,-1,-1,-1
122,5,398.00,378.00,113.00,194.00,1.0,-1,-1,-1
122,1,955.00,452.00,68.00,120.00,1.0,-1,-1,-1
122,7,320.00,393.00,90.00,180.00,1.0,-1,-1,-1
122,4,230.00,350.00,29.00,167.00,1.0,-1,-1,-1
122,10,600.00,353.00,14.00,42.00,1.0,-1,-1,-1
122,9,586.00,354.00,19.00,49.00,1.0,-1,-1,-1
122,8,306.00,352.00,39.00,126.00,1.0,-1,-1,-1
123,6,62.00,354.00,101.00,219.00,1.0,-1,-1,-1
123,2,191.00,335.00,39.00,176.00,1.0,-1,-1,-1
123,7,320.00,388.00,96.00,185.00,1.0,-1,-1,-1
123,5,404.00,379.00,113.00,195.00,1.0,-1,-1,-1
123,4,231.00,350.00,29.00,167.00,1.0,-1,-1,-1
123,8,307.00,360.00,34.00,110.00,1.0,-1,-1,-1
124,6,63.00,353.00,102.00,222.00,1.0,-1,-1,-1
124,2,191.00,335.00,39.00,176.00,1.0,-1,-1,-1
124,7,319.00,388.00,100.00,185.00,1.0,-1,-1,-1
124,4,231.00,350.00,29.00,166.00,1.0,-1,-1,-1
124,5,409.00,373.00,117.00,209.00,1.0,-1,-1,-1
124,8,305.00,357.00,36.00,113.00,1.0,-1,-1,-1
125,6,64.00,352.00,102.00,223.00,1.0,-1,-1,-1
125,2,192.00,335.00,38.00,176.00,1.0,-1,-1,-1
125,4,231.00,350.00,28.00,166.00,1.0,-1,-1,-1
125,5,417.00,368.00,111.00,211.00,1.0,-1,-1,-1
125,7,333.00,382.00,77.00,194.00,1.0,-1,-1,-1
125,8,309.00,360.00,37.00,124.00,1.0,-1,-1,-1
126,6,68.00,353.00,101.00,221.00,1.0,-1,-1,-1
126,2,192.00,335.00,39.00,176.00,1.0,-1,-1,-1
126,7,321.00,385.00,100.00,190.00,1.0,-1,-1,-1
126,4,231.00,350.00,29.00,165.00,1.0,-1,-1,-1
126,5,416.00,366.00,118.00,204.00,1.0,-1,-1,-1
126,8,304.00,354.00,39.00,120.00,1.0,-1,-1,-1
127,6,71.00,353.00,98.00,221.00,1.0,-1,-1,-1
127,2,192.00,335.00,39.00,176.00,1.0,-1,-1,-1
127,7,318.00,387.00,101.00,187.00,1.0,-1,-1,-1
127,4,231.00,349.00,29.00,167.00,1.0,-1,-1,-1
127,5,404.00,378.00,126.00,195.00,1.0,-1,-1,-1
127,8,311.00,362.00,37.00,107.00,1.0,-1,-1,-1
128,6,75.00,351.00,95.00,225.00,1.0,-1,-1,-1
128,2,193.00,335.00,38.00,176.00,1.0,-1,-1,-1
128,7,319.00,389.00,101.00,185.00,1.0,-1,-1,-1
128,4,232.00,349.00,28.00,167.00,1.0,-1,-1,-1
128,5,417.00,368.00,114.00,202.00,1.0,-1,-1,-1
128,8,306.00,361.00,35.00,110.00,1.0,-1,-1,-1
129,6,79.00,354.00,93.00,221.00,1.0,-1,-1,-1
129,2,193.00,335.00,38.00,176.00,1.0,-1,-1,-1
129,4,232.00,349.00,28.00,166.00,1.0,-1,-1,-1
129,5,410.00,372.00,134.00,198.00,1.0,-1,-1,-1
129,7,335.00,385.00,79.00,184.00,1.0,-1,-1,-1
129,8,309.00,367.00,40.00,112.00,1.0,-1,-1,-1
130,6,85.00,356.00,90.00,219.00,1.0,-1,-1,-1
130,2,194.00,335.00,37.00,176.00,1.0,-1,-1,-1
130,5,409.00,380.00,134.00,192.00,1.0,-1,-1,-1
130,7,318.00,394.00,112.00,180.00,1.0,-1,-1,-1
130,4,233.00,349.00,27.00,166.00,1.0,-1,-1,-1
130,8,310.00,370.00,24.00,115.00,1.0,-1,-1,-1
131,6,90.00,356.00,88.00,218.00,1.0,-1,-1,-1
131,2,194.00,335.00,37.00,176.00,1.0,-1,-1,-1
131,7,318.00,397.00,110.00,176.00,1.0,-1,-1,-1
131,5,411.00,377.00,133.00,195.00,1.0,-1,-1,-1
131,4,233.00,348.00,28.00,167.00,1.0,-1,-1,-1
131,8,310.00,369.00,36.00,117.00,1.0,-1,-1,-1
132,6,90.00,355.00,90.00,219.00,1.0,-1,-1,-1
132,5,410.00,377.00,139.00,196.00,1.0,-1,-1,-1
132,2,195.00,335.00,38.00,176.00,1.0,-1,-1,-1
132,7,318.00,400.00,104.00,173.00,1.0,-1,-1,-1
132,4,233.00,348.00,29.00,167.00,1.0,-1,-1,-1
132,8,314.00,373.00,35.00,110.00,1.0,-1,-1,-1
133,6,95.00,354.00,89.00,219.00,1.0,-1,-1,-1
133,5,411.00,379.00,139.00,195.00,1.0,-1,-1,-1
133,2,195.00,335.00,39.00,175.00,1.0,-1,-1,-1
133,4,234.00,347.00,29.00,168.00,1.0,-1,-1,-1
133,7,337.00,400.00,83.00,175.00,1.0,-1,-1,-1
133,8,312.00,371.00,36.00,117.00,1.0,-1,-1,-1
134,6,94.00,353.00,91.00,220.00,1.0,-1,-1,-1
134,2,196.00,335.00,39.00,176.00,1.0,-1,-1,-1
134,5,412.00,385.00,140.00,190.00,1.0,-1,-1,-1
134,7,322.00,400.00,109.00,175.00,1.0,-1,-1,-1
134,4,234.00,346.00,29.00,169.00,1.0,-1,-1,-1
134,8,317.00,375.00,29.00,97.00,1.0,-1,-1,-1
135,6,99.00,352.00,90.00,222.00,1.0,-1,-1,-1
135,2,197.00,335.00,38.00,176.00,1.0,-1,-1,-1
135,5,414.00,381.00,138.00,194.00,1.0,-1,-1,-1
135,4,235.00,346.00,28.00,169.00,1.0,-1,-1,-1
135,7,344.00,400.00,77.00,183.00,1.0,-1,-1,-1
135,8,322.00,369.00,26.00,106.00,1.0,-1,-1,-1
136,6,104.00,353.00,93.00,220.00,1.0,-1,-1,-1
136,2,197.00,335.00,39.00,176.00,1.0,-1,-1,-1
136,5,415.00,381.00,134.00,195.00,1.0,-1,-1,-1
136,4,236.00,346.00,28.00,169.00,1.0,-1,-1,-1
136,7,324.00,398.00,114.00,174.00,1.0,-1,-1,-1
136,8,316.00,374.00,36.00,98.00,1.0,-1,-1,-1
137,6,110.00,352.00,92.00,221.00,1.0,-1,-1,-1
137,2,196.00,336.00,41.00,176.00,1.0,-1,-1,-1
137,7,326.00,397.00,112.00,176.00,1.0,-1,-1,-1
137,4,237.00,346.00,27.00,169.00,1.0,-1,-1,-1
137,5,417.00,377.00,124.00,199.00,1.0,-1,-1,-1
137,8,322.00,379.00,23.00,100.00,1.0,-1,-1,-1
138,6,112.00,352.00,94.00,220.00,1.0,-1,-1,-1
138,2,197.00,336.00,42.00,176.00,1.0,-1,-1,-1
138,7,326.00,397.00,113.00,176.00,1.0,-1,-1,-1
138,5,418.00,365.00,113.00,207.00,1.0,-1,-1,-1
138,4,237.00,346.00,27.00,170.00,1.0,-1,-1,-1
139,6,115.00,353.00,96.00,220.00,1.0,-1,-1,-1
139,2,198.00,336.00,42.00,176.00,1.0,-1,-1,-1
139,5,421.00,372.00,124.00,201.00,1.0,-1,-1,-1
139,7,327.00,395.00,113.00,178.00,1.0,-1,-1,-1
139,4,237.00,346.00,27.00,169.00,1.0,-1,-1,-1
140,6,117.00,353.00,98.00,220.00,1.0,-1,-1,-1
140,2,198.00,336.00,42.00,177.00,1.0,-1,-1,-1
140,7,325.00,391.00,115.00,182.00,1.0,-1,-1,-1
140,4,238.00,347.00,28.00,167.00,1.0,-1,-1,-1
140,5,425.00,362.00,148.00,217.00,1.0,-1,-1,-1
141,6,118.00,353.00,100.00,220.00,1.0,-1,-1,-1
141,2,199.00,336.00,41.00,176.00,1.0,-1,-1,-1
141,7,321.00,391.00,113.00,184.00,1.0,-1,-1,-1
141,4,236.00,347.00,30.00,168.00,1.0,-1,-1,-1
141,5,417.00,360.00,155.00,218.00,1.0,-1,-1,-1
142,6,120.00,352.00,100.00,223.00,1.0,-1,-1,-1
142,5,424.00,374.00,146.00,201.00,1.0,-1,-1,-1
142,2,200.00,336.00,40.00,175.00,1.0,-1,-1,-1
142,7,319.00,391.00,116.00,185.00,1.0,-1,-1,-1
142,4,233.00,350.00,44.00,157.00,1.0,-1,-1,-1
143,6,121.00,352.00,102.00,223.00,1.0,-1,-1,-1
143,5,425.00,374.00,149.00,200.00,1.0,-1,-1,-1
143,2,199.00,335.00,40.00,165.00,1.0,-1,-1,-1
143,7,339.00,393.00,105.00,181.00,1.0,-1,-1,-1
143,4,234.00,349.00,33.00,160.00,1.0,-1,-1,-1
144,6,122.00,352.00,105.00,222.00,1.0,-1,-1,-1
144,5,430.00,383.00,146.00,192.00,1.0,-1,-1,-1
144,2,193.00,331.00,42.00,172.00,1.0,-1,-1,-1
144,4,234.00,348.00,31.00,163.00,1.0,-1,-1,-1
144,7,337.00,385.00,102.00,192.00,1.0,-1,-1,-1
145,6,123.00,352.00,109.00,222.00,1.0,-1,-1,-1
145,5,430.00,385.00,147.00,190.00,1.0,-1,-1,-1
145,7,338.00,382.00,101.00,190.00,1.0,-1,-1,-1
145,2,201.00,327.00,39.00,190.00,1.0,-1,-1,-1
145,4,243.00,348.00,22.00,158.00,1.0,-1,-1,-1
146,6,124.00,352.00,108.00,222.00,1.0,-1,-1,-1
146,5,430.00,394.00,148.00,180.00,1.0,-1,-1,-1
146,7,325.00,370.00,103.00,206.00,1.0,-1,-1,-1
146,2,201.00,335.00,40.00,164.00,1.0,-1,-1,-1
146,4,238.00,348.00,33.00,162.00,1.0,-1,-1,-1
147,6,123.00,352.00,108.00,222.00,1.0,-1,-1,-1
147,5,431.00,398.00,148.00,176.00,1.0,-1,-1,-1
147,7,329.00,381.00,112.00,192.00,1.0,-1,-1,-1
147,2,199.00,335.00,41.00,174.00,1.0,-1,-1,-1
147,4,238.00,343.00,37.00,171.00,1.0,-1,-1,-1
148,6,119.00,352.00,112.00,221.00,1.0,-1,-1,-1
148,5,437.00,403.00,143.00,171.00,1.0,-1,-1,-1
148,7,328.00,382.00,92.00,193.00,1.0,-1,-1,-1
148,2,200.00,335.00,40.00,175.00,1.0,-1,-1,-1
148,4,239.00,346.00,36.00,159.00,1.0,-1,-1,-1
149,6,118.00,352.00,113.00,221.00,1.0,-1,-1,-1
149,5,436.00,410.00,149.00,163.00,1.0,-1,-1,-1
149,7,329.00,382.00,99.00,191.00,1.0,-1,-1,-1
149,2,200.00,335.00,40.00,176.00,1.0,-1,-1,-1
149,4,239.00,346.00,34.00,169.00,1.0,-1,-1,-1
150,6,118.00,352.00,112.00,221.00,1.0,-1,-1,-1
150,7,329.00,383.00,88.00,193.00,1.0,-1,-1,-1
150,5,439.00,413.00,156.00,161.00,1.0,-1,-1,-1
150,2,201.00,334.00,39.00,178.00,1.0,-1,-1,-1
150,4,236.00,347.00,38.00,179.00,1.0,-1,-1,-1
151,6,120.00,352.00,108.00,221.00,1.0,-1,-1,-1
151,5,448.00,407.00,151.00,168.00,1.0,-1,-1,-1
151,7,325.00,383.00,91.00,193.00,1.0,-1,-1,-1
151,2,202.00,334.00,39.00,177.00,1.0,-1,-1,-1
151,4,240.00,348.00,31.00,169.00,1.0,-1,-1,-1
152,6,121.00,351.00,108.00,222.00,1.0,-1,-1,-1
152,5,457.00,406.00,150.00,167.00,1.0,-1,-1,-1
152,7,321.00,380.00,101.00,196.00,1.0,-1,-1,-1
152,2,202.00,334.00,38.00,177.00,1.0,-1,-1,-1
152,4,236.00,345.00,40.00,161.00,1.0,-1,-1,-1
153,6,125.00,351.00,105.00,221.00,1.0,-1,-1,-1
153,7,322.00,376.00,101.00,200.00,1.0,-1,-1,-1
153,5,478.00,399.00,136.00,176.00,1.0,-1,-1,-1
153,2,202.00,335.00,38.00,175.00,1.0,-1,-1,-1
153,4,237.00,344.00,31.00,166.00,1.0,-1,-1,-1
154,6,130.00,350.00,99.00,222.00,1.0,-1,-1,-1
154,5,482.00,393.00,139.00,181.00,1.0,-1,-1,-1
154,2,202.00,335.00,40.00,175.00,1.0,-1,-1,-1
154,7,347.00,380.00,100.00,195.00,1.0,-1,-1,-1
154,4,238.00,347.00,35.00,154.00,1.0,-1,-1,-1
155,6,127.00,347.00,102.00,226.00,1.0,-1,-1,-1
155,5,471.00,383.00,157.00,191.00,1.0,-1,-1,-1
155,7,325.00,370.00,139.00,204.00,1.0,-1,-1,-1
155,2,202.00,335.00,40.00,174.00,1.0,-1,-1,-1
155,4,244.00,342.00,33.00,176.00,1.0,-1,-1,-1
156,6,126.00,346.00,103.00,227.00,1.0,-1,-1,-1
156,5,465.00,378.00,171.00,195.00,1.0,-1,-1,-1
156,7,326.00,369.00,137.00,205.00,1.0,-1,-1,-1
156,4,245.00,344.00,35.00,171.00,1.0,-1,-1,-1
156,2,205.00,330.00,34.00,177.00,1.0,-1,-1,-1
157,6,128.00,345.00,102.00,228.00,1.0,-1,-1,-1
157,5,467.00,428.00,171.00,148.00,1.0,-1,-1,-1
157,7,325.00,359.00,145.00,215.00,1.0,-1,-1,-1
157,2,204.00,335.00,43.00,175.00,1.0,-1,-1,-1
157,4,242.00,338.00,34.00,160.00,1.0,-1,-1,-1
158,6,133.00,344.00,97.00,229.00,1.0,-1,-1,-1
158,5,467.00,338.00,199.00,234.00,1.0,-1,-1,-1
158,7,328.00,361.00,113.00,212.00,1.0,-1,-1,-1
158,4,244.00,344.00,34.00,166.00,1.0,-1,-1,-1
158,2,209.00,331.00,31.00,175.00,1.0,-1,-1,-1
159,6,138.00,343.00,92.00,230.00,1.0,-1,-1,-1
159,7,331.00,365.00,130.00,209.00,1.0,-1,-1,-1
159,5,520.00,342.00,155.00,230.00,1.0,-1,-1,-1
159,2,203.00,334.00,45.00,177.00,1.0,-1,-1,-1
159,4,244.00,347.00,35.00,164.00,1.0,-1,-1,-1
160,6,141.00,343.00,89.00,230.00,1.0,-1,-1,-1
160,5,507.00,342.00,178.00,230.00,1.0,-1,-1,-1
160,7,331.00,364.00,109.00,210.00,1.0,-1,-1,-1
160,4,244.00,347.00,35.00,170.00,1.0,-1,-1,-1
160,2,206.00,330.00,37.00,184.00,1.0,-1,-1,-1
161,6,139.00,342.00,92.00,230.00,1.0,-1,-1,-1
161,5,486.00,351.00,206.00,221.00,1.0,-1,-1,-1
161,7,336.00,373.00,127.00,201.00,1.0,-1,-1,-1
161,4,246.00,345.00,36.00,165.00,1.0,-1,-1,-1
161,2,204.00,323.00,37.00,180.00,1.0,-1,-1,-1
162,6,138.00,342.00,94.00,231.00,1.0,-1,-1,-1
162,5,489.00,345.00,211.00,227.00,1.0,-1,-1,-1
162,7,344.00,362.00,103.00,211.00,1.0,-1,-1,-1
162,4,245.00,344.00,36.00,162.00,1.0,-1,-1,-1
162,2,208.00,327.00,39.00,176.00,1.0,-1,-1,-1
163,6,139.00,342.00,95.00,231.00,1.0,-1,-1,-1
163,5,496.00,378.00,211.00,196.00,1.0,-1,-1,-1
163,7,374.00,380.00,88.00,193.00,1.0,-1,-1,-1
163,8,363.00,355.00,42.00,124.00,1.0,-1,-1,-1
163,4,239.00,342.00,39.00,158.00,1.0,-1,-1,-1
163,2,211.00,327.00,33.00,168.00,1.0,-1,-1,-1
164,6,139.00,341.00,95.00,232.00,1.0,-1,-1,-1
164,5,495.00,373.00,223.00,199.00,1.0,-1,-1,-1
164,7,374.00,384.00,86.00,195.00,1.0,-1,-1,-1
164,8,360.00,344.00,38.00,145.00,1.0,-1,-1,-1
164,4,248.00,345.00,33.00,151.00,1.0,-1,-1,-1
164,2,206.00,328.00,36.00,172.00,1.0,-1,-1,-1
165,6,141.00,343.00,94.00,231.00,1.0,-1,-1,-1
165,7,375.00,379.00,86.00,195.00,1.0,-1,-1,-1
165,8,342.00,357.00,72.00,216.00,1.0,-1,-1,-1
165,5,534.00,381.00,187.00,192.00,1.0,-1,-1,-1
165,4,240.00,345.00,41.00,176.00,1.0,-1,-1,-1
165,2,205.00,325.00,38.00,183.00,1.0,-1,-1,-1
166,6,145.00,344.00,91.00,229.00,1.0,-1,-1,-1
166,5,535.00,375.00,185.00,199.00,1.0,-1,-1,-1
166,8,347.00,357.00,69.00,216.00,1.0,-1,-1,-1
166,7,385.00,379.00,81.00,194.00,1.0,-1,-1,-1
166,4,248.00,343.00,36.00,161.00,1.0,-1,-1,-1
166,2,206.00,328.00,43.00,179.00,1.0,-1,-1,-1
167,6,145.00,344.00,93.00,229.00,1.0,-1,-1,-1
167,5,538.00,372.00,185.00,201.00,1.0,-1,-1,-1
167,7,380.00,377.00,88.00,196.00,1.0,-1,-1,-1
167,8,351.00,358.00,64.00,213.00,1.0,-1,-1,-1
167,9,481.00,415.00,67.00,157.00,1.0,-1,-1,-1
167,4,248.00,342.00,35.00,161.00,1.0,-1,-1,-1
167,2,207.00,326.00,39.00,176.00,1.0,-1,-1,-1
168,6,149.00,343.00,89.00,230.00,1.0,-1,-1,-1
168,13,388.00,376.00,82.00,197.00,1.0,-1,-1,-1
168,8,354.00,360.00,62.00,212.00,1.0,-1,-1,-1
168,5,553.00,369.00,177.00,205.00,1.0,-1,-1,-1
168,11,482.00,336.00,82.00,242.00,1.0,-1,-1,-1
168,4,244.00,342.00,40.00,166.00,1.0,-1,-1,-1
168,2,207.00,329.00,39.00,180.00,1.0,-1,-1,-1
169,6,151.00,342.00,90.00,231.00,1.0,-1,-1,-1
169,5,546.00,368.00,181.00,205.00,1.0,-1,-1,-1
169,7,379.00,373.00,95.00,200.00,1.0,-1,-1,-1
169,8,362.00,354.00,45.00,227.00,1.0,-1,-1,-1
169,4,252.00,343.00,28.00,164.00,1.0,-1,-1,-1
169,2,213.00,330.00,34.00,171.00,1.0,-1,-1,-1
169,11,486.00,338.00,79.00,227.00,1.0,-1,-1,-1
170,6,150.00,343.00,91.00,230.00,1.0,-1,-1,-1
170,5,551.00,358.00,178.00,217.00,1.0,-1,-1,-1
170,7,389.00,372.00,88.00,201.00,1.0,-1,-1,-1
170,8,356.00,359.00,64.00,214.00,1.0,-1,-1,-1
170,4,247.00,345.00,46.00,161.00,1.0,-1,-1,-1
170,2,211.00,331.00,32.00,175.00,1.0,-1,-1,-1
170,11,488.00,332.00,78.00,236.00,1.0,-1,-1,-1
171,6,158.00,344.00,84.00,229.00,1.0,-1,-1,-1
171,5,556.00,362.00,182.00,211.00,1.0,-1,-1,-1
171,11,496.00,339.00,77.00,226.00,1.0,-1,-1,-1
171,7,408.00,374.00,96.00,206.00,1.0,-1,-1,-1
171,8,366.00,359.00,49.00,212.00,1.0,-1,-1,-1
171,4,246.00,343.00,33.00,162.00,1.0,-1,-1,-1
171,2,219.00,329.00,27.00,100.00,1.0,-1,-1,-1
172,6,158.00,345.00,85.00,229.00,1.0,-1,-1,-1
172,7,392.00,369.00,90.00,204.00,1.0,-1,-1,-1
172,8,354.00,358.00,72.00,215.00,1.0,-1,-1,-1
172,5,577.00,362.00,169.00,231.00,1.0,-1,-1,-1
172,11,495.00,345.00,81.00,227.00,1.0,-1,-1,-1
172,4,245.00,345.00,34.00,162.00,1.0,-1,-1,-1
172,2,213.00,332.00,31.00,64.00,1.0,-1,-1,-1
173,6,160.00,343.00,86.00,231.00,1.0,-1,-1,-1
173,5,571.00,357.00,170.00,217.00,1.0,-1,-1,-1
173,10,337.00,355.00,45.00,120.00,1.0,-1,-1,-1
173,8,359.00,357.00,67.00,216.00,1.0,-1,-1,-1
173,7,385.00,370.00,101.00,203.00,1.0,-1,-1,-1
173,11,503.00,338.00,81.00,233.00,1.0,-1,-1,-1
173,4,250.00,341.00,32.00,158.00,1.0,-1,-1,-1
173,2,214.00,330.00,33.00,88.00,1.0,-1,-1,-1
174,6,165.00,338.00,83.00,236.00,1.0,-1,-1,-1
174,5,578.00,368.00,171.00,205.00,1.0,-1,-1,-1
174,10,338.00,354.00,41.00,119.00,1.0,-1,-1,-1
174,8,360.00,357.00,67.00,216.00,1.0,-1,-1,-1
174,7,380.00,371.00,118.00,203.00,1.0,-1,-1,-1
174,11,499.00,337.00,99.00,239.00,1.0,-1,-1,-1
174,4,245.00,341.00,36.00,172.00,1.0,-1,-1,-1
174,2,218.00,329.00,24.00,57.00,1.0,-1,-1,-1
175,6,164.00,331.00,87.00,242.00,1.0,-1,-1,-1
175,5,583.00,362.00,172.00,212.00,1.0,-1,-1,-1
175,12,337.00,353.00,42.00,123.00,1.0,-1,-1,-1
175,7,368.00,373.00,175.00,202.00,1.0,-1,-1,-1
175,11,508.00,343.00,84.00,221.00,1.0,-1,-1,-1
175,4,246.00,344.00,35.00,176.00,1.0,-1,-1,-1
175,8,375.00,351.00,44.00,223.00,1.0,-1,-1,-1
176,6,165.00,331.00,88.00,238.00,1.0,-1,-1,-1
176,5,588.00,363.00,177.00,211.00,1.0,-1,-1,-1
176,12,336.00,353.00,44.00,124.00,1.0,-1,-1,-1
176,7,378.00,377.00,131.00,196.00,1.0,-1,-1,-1
176,11,502.00,335.00,97.00,231.00,1.0,-1,-1,-1
176,8,384.00,350.00,49.00,118.00,1.0,-1,-1,-1
176,4,238.00,340.00,44.00,178.00,1.0,-1,-1,-1
177,6,165.00,330.00,88.00,242.00,1.0,-1,-1,-1
177,5,594.00,366.00,182.00,208.00,1.0,-1,-1,-1
177,12,337.00,354.00,41.00,122.00,1.0,-1,-1,-1
177,7,375.00,379.00,177.00,194.00,1.0,-1,-1,-1
177,11,499.00,336.00,97.00,234.00,1.0,-1,-1,-1
177,4,251.00,338.00,29.00,175.00,1.0,-1,-1,-1
177,8,382.00,352.00,57.00,149.00,1.0,-1,-1,-1
178,6,167.00,330.00,88.00,238.00,1.0,-1,-1,-1
178,5,601.00,372.00,181.00,203.00,1.0,-1,-1,-1
178,11,502.00,338.00,131.00,235.00,1.0,-1,-1,-1
178,12,336.00,352.00,43.00,127.00,1.0,-1,-1,-1
178,7,392.00,379.00,160.00,194.00,1.0,-1,-1,-1
178,8,360.00,351.00,80.00,223.00,1.0,-1,-1,-1
178,4,247.00,346.00,30.00,168.00,1.0,-1,-1,-1
179,6,168.00,328.00,88.00,244.00,1.0,-1,-1,-1
179,5,614.00,371.00,182.00,203.00,1.0,-1,-1,-1
179,7,391.00,380.00,162.00,193.00,1.0,-1,-1,-1
179,11,504.00,334.00,125.00,237.00,1.0,-1,-1,-1
179,12,335.00,353.00,43.00,125.00,1.0,-1,-1,-1
179,4,249.00,348.00,29.00,166.00,1.0,-1,-1,-1
179,8,387.00,351.00,59.00,157.00,1.0,-1,-1,-1
180,5,627.00,385.00,180.00,190.00,1.0,-1,-1,-1
180,6,171.00,328.00,86.00,241.00,1.0,-1,-1,-1
180,7,396.00,378.00,153.00,194.00,1.0,-1,-1,-1
180,12,334.00,354.00,44.00,122.00,1.0,-1,-1,-1
180,8,363.00,349.00,81.00,225.00,1.0,-1,-1,-1
180,11,504.00,329.00,139.00,241.00,1.0,-1,-1,-1
180,4,248.00,341.00,30.00,169.00,1.0,-1,-1,-1
181,5,636.00,393.00,184.00,180.00,1.0,-1,-1,-1
181,11,510.00,325.00,139.00,246.00,1.0,-1,-1,-1
181,6,171.00,328.00,89.00,238.00,1.0,-1,-1,-1
181,7,401.00,378.00,161.00,197.00,1.0,-1,-1,-1
181,8,364.00,352.00,87.00,223.00,1.0,-1,-1,-1
181,4,250.00,341.00,29.00,156.00,1.0,-1,-1,-1
181,12,347.00,343.00,36.00,126.00,1.0,-1,-1,-1
182,5,648.00,397.00,188.00,177.00,1.0,-1,-1,-1
182,11,510.00,327.00,144.00,245.00,1.0,-1,-1,-1
182,6,172.00,327.00,90.00,235.00,1.0,-1,-1,-1
182,7,399.00,378.00,164.00,194.00,1.0,-1,-1,-1
182,8,367.00,358.00,83.00,216.00,1.0,-1,-1,-1
182,12,352.00,351.00,27.00,124.00,1.0,-1,-1,-1
182,4,253.00,344.00,25.00,159.00,1.0,-1,-1,-1
183,6,173.00,326.00,90.00,232.00,1.0,-1,-1,-1
183,5,660.00,398.00,190.00,177.00,1.0,-1,-1,-1
183,11,515.00,328.00,144.00,244.00,1.0,-1,-1,-1
183,7,400.00,375.00,143.00,197.00,1.0,-1,-1,-1
183,8,383.00,354.00,74.00,216.00,1.0,-1,-1,-1
183,12,348.00,351.00,28.00,114.00,1.0,-1,-1,-1
183,4,251.00,338.00,34.00,173.00,1.0,-1,-1,-1
184,6,172.00,327.00,92.00,229.00,1.0,-1,-1,-1
184,5,669.00,396.00,197.00,178.00,1.0,-1,-1,-1
184,7,374.00,371.00,169.00,203.00,1.0,-1,-1,-1
184,11,520.00,326.00,146.00,246.00,1.0,-1,-1,-1
184,8,403.00,354.00,48.00,144.00,1.0,-1,-1,-1
184,12,347.00,347.00,37.00,128.00,1.0,-1,-1,-1
185,6,175.00,326.00,90.00,229.00,1.0,-1,-1,-1
185,5,677.00,389.00,202.00,185.00,1.0,-1,-1,-1
185,11,522.00,326.00,144.00,246.00,1.0,-1,-1,-1
185,13,366.00,362.00,45.00,153.00,1.0,-1,-1,-1
185,7,445.00,369.00,86.00,206.00,1.0,-1,-1,-1
185,8,409.00,351.00,49.00,143.00,1.0,-1,-1,-1
185,12,351.00,350.00,28.00,113.00,1.0,-1,-1,-1
186,5,686.00,384.00,204.00,188.00,1.0,-1,-1,-1
186,6,177.00,326.00,88.00,228.00,1.0,-1,-1,-1
186,11,525.00,325.00,146.00,247.00,1.0,-1,-1,-1
186,8,402.00,358.00,50.00,128.00,1.0,-1,-1,-1
186,7,424.00,372.00,112.00,220.00,1.0,-1,-1,-1
186,13,376.00,356.00,30.00,142.00,1.0,-1,-1,-1
187,5,695.00,380.00,208.00,193.00,1.0,-1,-1,-1
187,6,181.00,325.00,85.00,228.00,1.0,-1,-1,-1
187,11,530.00,326.00,148.00,245.00,1.0,-1,-1,-1
187,13,367.00,363.00,50.00,154.00,1.0,-1,-1,-1
187,7,393.00,364.00,174.00,211.00,1.0,-1,-1,-1
188,5,703.00,369.00,214.00,204.00,1.0,-1,-1,-1
188,6,181.00,325.00,85.00,228.00,1.0,-1,-1,-1
188,11,534.00,326.00,154.00,246.00,1.0,-1,-1,-1
188,7,398.00,363.00,182.00,211.00,1.0,-1,-1,-1
188,13,368.00,365.00,53.00,152.00,1.0,-1,-1,-1
188,8,413.00,346.00,56.00,217.00,1.0,-1,-1,-1
189,5,710.00,370.00,219.00,204.00,1.0,-1,-1,-1
189,6,183.00,325.00,84.00,228.00,1.0,-1,-1,-1
189,11,541.00,328.00,153.00,244.00,1.0,-1,-1,-1
189,13,368.00,359.00,57.00,160.00,1.0,-1,-1,-1
189,7,428.00,365.00,128.00,209.00,1.0,-1,-1,-1
189,8,424.00,344.00,54.00,232.00,1.0,-1,-1,-1
190,5,718.00,367.00,223.00,207.00,1.0,-1,-1,-1
190,6,185.00,325.00,81.00,229.00,1.0,-1,-1,-1
190,13,374.00,361.00,52.00,158.00,1.0,-1,-1,-1
190,11,545.00,333.00,154.00,238.00,1.0,-1,-1,-1
190,7,430.00,368.00,157.00,206.00,1.0,-1,-1,-1
190,8,421.00,336.00,54.00,228.00,1.0,-1,-1,-1
191,5,729.00,372.00,227.00,201.00,1.0,-1,-1,-1
191,6,186.00,324.00,80.00,230.00,1.0,-1,-1,-1
191,7,438.00,374.00,158.00,201.00,1.0,-1,-1,-1
191,11,548.00,328.00,161.00,244.00,1.0,-1,-1,-1
191,13,376.00,363.00,49.00,156.00,1.0,-1,-1,-1
191,8,424.00,342.00,63.00,237.00,1.0,-1,-1,-1
192,6,185.00,324.00,81.00,229.00,1.0,-1,-1,-1
192,5,737.00,372.00,242.00,201.00,1.0,-1,-1,-1
192,7,440.00,375.00,159.00,199.00,1.0,-1,-1,-1
192,11,551.00,326.00,163.00,246.00,1.0,-1,-1,-1
192,13,376.00,362.00,52.00,160.00,1.0,-1,-1,-1
192,8,427.00,348.00,50.00,226.00,1.0,-1,-1,-1
193,6,185.00,324.00,80.00,228.00,1.0,-1,-1,-1
193,5,748.00,374.00,241.00,199.00,1.0,-1,-1,-1
193,11,557.00,326.00,160.00,246.00,1.0,-1,-1,-1
193,7,444.00,377.00,161.00,195.00,1.0,-1,-1,-1
193,13,378.00,361.00,49.00,163.00,1.0,-1,-1,-1
193,8,432.00,336.00,50.00,239.00,1.0,-1,-1,-1
194,6,186.00,324.00,79.00,228.00,1.0,-1,-1,-1
194,5,759.00,375.00,246.00,198.00,1.0,-1,-1,-1
194,7,447.00,379.00,166.00,194.00,1.0,-1,-1,-1
194,11,561.00,328.00,166.00,244.00,1.0,-1,-1,-1
194,13,377.00,361.00,50.00,163.00,1.0,-1,-1,-1
194,8,439.00,346.00,72.00,242.00,1.0,-1,-1,-1
195,6,186.00,324.00,78.00,228.00,1.0,-1,-1,-1
195,5,767.00,381.00,247.00,191.00,1.0,-1,-1,-1
195,13,380.00,360.00,48.00,165.00,1.0,-1,-1,-1
195,7,451.00,379.00,160.00,194.00,1.0,-1,-1,-1
195,11,570.00,327.00,164.00,245.00,1.0,-1,-1,-1
195,8,442.00,343.00,73.00,198.00,1.0,-1,-1,-1
196,6,186.00,324.00,78.00,227.00,1.0,-1,-1,-1
196,5,778.00,386.00,244.00,185.00,1.0,-1,-1,-1
196,11,575.00,330.00,166.00,242.00,1.0,-1,-1,-1
196,13,381.00,359.00,47.00,167.00,1.0,-1,-1,-1
196,7,453.00,378.00,165.00,198.00,1.0,-1,-1,-1
196,8,448.00,337.00,77.00,231.00,1.0,-1,-1,-1
197,6,187.00,323.00,77.00,227.00,1.0,-1,-1,-1
197,5,789.00,383.00,234.00,189.00,1.0,-1,-1,-1
197,7,461.00,379.00,167.00,196.00,1.0,-1,-1,-1
197,11,581.00,323.00,170.00,249.00,1.0,-1,-1,-1
197,13,381.00,355.00,48.00,171.00,1.0,-1,-1,-1
197,8,441.00,340.00,70.00,207.00,1.0,-1,-1,-1
198,5,799.00,379.00,224.00,193.00,1.0,-1,-1,-1
198,6,186.00,323.00,78.00,227.00,1.0,-1,-1,-1
198,11,586.00,319.00,174.00,253.00,1.0,-1,-1,-1
198,13,381.00,357.00,51.00,169.00,1.0,-1,-1,-1
198,7,462.00,377.00,169.00,197.00,1.0,-1,-1,-1
198,8,452.00,343.00,64.00,205.00,1.0,-1,-1,-1
199,5,813.00,374.00,210.00,198.00,1.0,-1,-1,-1
199,6,188.00,322.00,75.00,228.00,1.0,-1,-1,-1
199,11,590.00,319.00,180.00,253.00,1.0,-1,-1,-1
199,7,474.00,375.00,164.00,199.00,1.0,-1,-1,-1
199,13,383.00,353.00,49.00,172.00,1.0,-1,-1,-1
199,8,445.00,338.00,70.00,192.00,1.0,-1,-1,-1
200,6,190.00,322.00,73.00,227.00,1.0,-1,-1,-1
200,5,823.00,373.00,200.00,199.00,1.0,-1,-1,-1
200,11,596.00,320.00,177.00,252.00,1.0,-1,-1,-1
200,13,382.00,352.00,51.00,173.00,1.0,-1,-1,-1
200,7,463.00,373.00,182.00,202.00,1.0,-1,-1,-1
200,8,445.00,324.00,78.00,201.00,1.0,-1,-1,-1
201,6,188.00,322.00,75.00,227.00,1.0,-1,-1,-1
201,5,838.00,360.00,185.00,212.00,1.0,-1,-1,-1
201,7,476.00,369.00,175.00,206.00,1.0,-1,-1,-1
201,13,381.00,350.00,54.00,174.00,1.0,-1,-1,-1
201,11,601.00,321.00,182.00,251.00,1.0,-1,-1,-1
202,6,188.00,321.00,75.00,225.00,1.0,-1,-1,-1
202,5,850.00,346.00,173.00,226.00,1.0,-1,-1,-1
202,7,476.00,368.00,177.00,207.00,1.0,-1,-1,-1
202,11,608.00,321.00,193.00,251.00,1.0,-1,-1,-1
202,13,378.00,351.00,58.00,173.00,1.0,-1,-1,-1
202,8,456.00,377.00,71.00,176.00,1.0,-1,-1,-1
203,6,189.00,320.00,75.00,222.00,1.0,-1,-1,-1
203,11,616.00,324.00,187.00,249.00,1.0,-1,-1,-1
203,7,471.00,366.00,186.00,209.00,1.0,-1,-1,-1
203,13,378.00,351.00,57.00,172.00,1.0,-1,-1,-1
203,5,867.00,336.00,156.00,236.00,1.0,-1,-1,-1
203,8,465.00,330.00,84.00,230.00,1.0,-1,-1,-1
204,6,188.00,321.00,78.00,220.00,1.0,-1,-1,-1
204,7,492.00,367.00,169.00,208.00,1.0,-1,-1,-1
204,11,624.00,328.00,191.00,245.00,1.0,-1,-1,-1
204,13,379.00,351.00,58.00,174.00,1.0,-1,-1,-1
204,5,878.00,292.00,145.00,280.00,1.0,-1,-1,-1
204,4,251.00,335.00,30.00,167.00,1.0,-1,-1,-1
204,8,477.00,347.00,68.00,243.00,1.0,-1,-1,-1
205,6,187.00,320.00,79.00,220.00,1.0,-1,-1,-1
205,11,632.00,330.00,196.00,242.00,1.0,-1,-1,-1
205,8,459.00,380.00,87.00,193.00,1.0,-1,-1,-1
205,13,377.00,351.00,60.00,175.00,1.0,-1,-1,-1
205,7,501.00,366.00,137.00,207.00,1.0,-1,-1,-1
205,5,896.00,343.00,127.00,227.00,1.0,-1,-1,-1
206,11,641.00,332.00,197.00,240.00,1.0,-1,-1,-1
206,6,187.00,320.00,80.00,219.00,1.0,-1,-1,-1
206,7,501.00,369.00,147.00,205.00,1.0,-1,-1,-1
206,13,377.00,351.00,61.00,176.00,1.0,-1,-1,-1
206,8,463.00,381.00,82.00,180.00,1.0,-1,-1,-1
206,5,916.00,347.00,119.00,225.00,1.0,-1,-1,-1
207,6,186.00,319.00,84.00,220.00,1.0,-1,-1,-1
207,11,648.00,331.00,205.00,242.00,1.0,-1,-1,-1
207,7,503.00,373.00,171.00,201.00,1.0,-1,-1,-1
207,13,377.00,352.00,63.00,175.00,1.0,-1,-1,-1
207,8,465.00,380.00,83.00,188.00,1.0,-1,-1,-1
207,5,940.00,365.00,92.00,230.00,1.0,-1,-1,-1
208,7,505.00,373.00,167.00,202.00,1.0,-1,-1,-1
208,6,189.00,319.00,82.00,218.00,1.0,-1,-1,-1
208,11,662.00,331.00,200.00,241.00,1.0,-1,-1,-1
208,13,378.00,356.00,62.00,170.00,1.0,-1,-1,-1
208,8,481.00,383.00,74.00,181.00,1.0,-1,-1,-1
209,11,669.00,329.00,205.00,243.00,1.0,-1,-1,-1
209,6,189.00,319.00,82.00,216.00,1.0,-1,-1,-1
209,7,505.00,374.00,154.00,201.00,1.0,-1,-1,-1
209,13,378.00,352.00,61.00,177.00,1.0,-1,-1,-1
209,8,489.00,381.00,76.00,190.00,1.0,-1,-1,-1
209,12,463.00,372.00,46.00,135.00,1.0,-1,-1,-1
210,11,678.00,324.00,207.00,248.00,1.0,-1,-1,-1
210,6,188.00,319.00,84.00,216.00,1.0,-1,-1,-1
210,7,500.00,375.00,166.00,198.00,1.0,-1,-1,-1
210,13,375.00,349.00,63.00,186.00,1.0,-1,-1,-1
210,8,495.00,380.00,73.00,190.00,1.0,-1,-1,-1
210,12,465.00,364.00,47.00,145.00,1.0,-1,-1,-1
211,11,686.00,326.00,211.00,246.00,1.0,-1,-1,-1
211,6,189.00,318.00,82.00,216.00,1.0,-1,-1,-1
211,7,509.00,376.00,159.00,197.00,1.0,-1,-1,-1
211,13,372.00,347.00,66.00,189.00,1.0,-1,-1,-1
211,8,497.00,375.00,76.00,196.00,1.0,-1,-1,-1
211,12,465.00,354.00,53.00,154.00,1.0,-1,-1,-1
212,11,695.00,325.00,215.00,246.00,1.0,-1,-1,-1
212,6,190.00,318.00,82.00,215.00,1.0,-1,-1,-1
212,13,372.00,349.00,65.00,187.00,1.0,-1,-1,-1
212,7,516.00,373.00,179.00,202.00,1.0,-1,-1,-1
212,8,497.00,368.00,85.00,202.00,1.0,-1,-1,-1
212,12,466.00,351.00,52.00,157.00,1.0,-1,-1,-1
213,6,189.00,316.00,81.00,217.00,1.0,-1,-1,-1
213,11,702.00,326.00,221.00,245.00,1.0,-1,-1,-1
213,13,372.00,348.00,64.00,187.00,1.0,-1,-1,-1
213,7,514.00,371.00,171.00,203.00,1.0,-1,-1,-1
213,8,499.00,365.00,90.00,205.00,1.0,-1,-1,-1
213,12,468.00,351.00,50.00,156.00,1.0,-1,-1,-1
214,6,190.00,316.00,84.00,216.00,1.0,-1,-1,-1
214,11,712.00,326.00,221.00,245.00,1.0,-1,-1,-1
214,7,519.00,369.00,173.00,205.00,1.0,-1,-1,-1
214,13,368.00,348.00,66.00,187.00,1.0,-1,-1,-1
214,12,469.00,351.00,48.00,158.00,1.0,-1,-1,-1
214,8,502.00,367.00,93.00,203.00,1.0,-1,-1,-1
215,11,720.00,326.00,225.00,246.00,1.0,-1,-1,-1
215,6,193.00,315.00,81.00,217.00,1.0,-1,-1,-1
215,7,524.00,366.00,188.00,208.00,1.0,-1,-1,-1
215,12,468.00,351.00,53.00,158.00,1.0,-1,-1,-1
215,8,503.00,363.00,102.00,207.00,1.0,-1,-1,-1
215,13,369.00,345.00,66.00,189.00,1.0,-1,-1,-1
216,11,728.00,328.00,232.00,244.00,1.0,-1,-1,-1
216,6,196.00,314.00,78.00,218.00,1.0,-1,-1,-1
216,7,535.00,363.00,177.00,211.00,1.0,-1,-1,-1
216,12,468.00,351.00,56.00,162.00,1.0,-1,-1,-1
216,8,510.00,362.00,98.00,209.00,1.0,-1,-1,-1
216,13,361.00,345.00,72.00,189.00,1.0,-1,-1,-1
217,11,738.00,327.00,238.00,246.00,1.0,-1,-1,-1
217,6,198.00,314.00,76.00,217.00,1.0,-1,-1,-1
217,7,539.00,364.00,173.00,210.00,1.0,-1,-1,-1
217,12,468.00,350.00,61.00,164.00,1.0,-1,-1,-1
217,13,376.00,344.00,57.00,189.00,1.0,-1,-1,-1
217,8,521.00,357.00,93.00,210.00,1.0,-1,-1,-1
218,11,751.00,331.00,239.00,242.00,1.0,-1,-1,-1
218,6,197.00,314.00,77.00,217.00,1.0,-1,-1,-1
218,7,549.00,366.00,174.00,209.00,1.0,-1,-1,-1
218,8,528.00,357.00,93.00,211.00,1.0,-1,-1,-1
218,12,469.00,350.00,62.00,164.00,1.0,-1,-1,-1
218,13,381.00,345.00,52.00,188.00,1.0,-1,-1,-1
219,11,761.00,332.00,250.00,240.00,1.0,-1,-1,-1
219,7,559.00,368.00,177.00,206.00,1.0,-1,-1,-1
219,6,179.00,313.00,96.00,218.00,1.0,-1,-1,-1
219,8,535.00,352.00,98.00,220.00,1.0,-1,-1,-1
219,12,471.00,352.00,61.00,163.00,1.0,-1,-1,-1
219,13,364.00,344.00,68.00,191.00,1.0,-1,-1,-1
220,11,773.00,333.00,250.00,239.00,1.0,-1,-1,-1
220,7,567.00,373.00,181.00,202.00,1.0,-1,-1,-1
220,6,173.00,312.00,104.00,219.00,1.0,-1,-1,-1
220,12,471.00,352.00,61.00,165.00,1.0,-1,-1,-1
220,8,545.00,348.00,98.00,225.00,1.0,-1,-1,-1
220,13,361.00,343.00,70.00,196.00,1.0,-1,-1,-1
221,11,787.00,338.00,237.00,234.00,1.0,-1,-1,-1
221,6,173.00,314.00,105.00,217.00,1.0,-1,-1,-1
221,8,550.00,340.00,113.00,234.00,1.0,-1,-1,-1
221,7,585.00,376.00,177.00,199.00,1.0,-1,-1,-1
221,12,473.00,352.00,62.00,166.00,1.0,-1,-1,-1
221,13,359.00,342.00,72.00,199.00,1.0,-1,-1,-1
222,11,800.00,339.00,224.00,233.00,1.0,-1,-1,-1
222,6,173.00,312.00,103.00,219.00,1.0,-1,-1,-1
222,8,551.00,338.00,120.00,236.00,1.0,-1,-1,-1
222,7,606.00,380.00,171.00,196.00,1.0,-1,-1,-1
222,12,476.00,353.00,61.00,166.00,1.0,-1,-1,-1
222,13,358.00,343.00,73.00,197.00,1.0,-1,-1,-1
223,11,815.00,344.00,208.00,228.00,1.0,-1,-1,-1
223,6,176.00,311.00,101.00,220.00,1.0,-1,-1,-1
223,8,560.00,336.00,124.00,237.00,1.0,-1,-1,-1
223,13,355.00,344.00,76.00,197.00,1.0,-1,-1,-1
223,7,618.00,383.00,175.00,191.00,1.0,-1,-1,-1
223,12,479.00,355.00,61.00,165.00,1.0,-1,-1,-1
224,11,825.00,344.00,198.00,228.00,1.0,-1,-1,-1
224,6,178.00,311.00,100.00,220.00,1.0,-1,-1,-1
224,7,635.00,381.00,194.00,193.00,1.0,-1,-1,-1
224,8,564.00,331.00,132.00,243.00,1.0,-1,-1,-1
224,12,481.00,355.00,61.00,165.00,1.0,-1,-1,-1
224,13,356.00,346.00,73.00,196.00,1.0,-1,-1,-1
225,11,837.00,344.00,186.00,228.00,1.0,-1,-1,-1
225,6,183.00,311.00,95.00,219.00,1.0,-1,-1,-1
225,7,653.00,382.00,179.00,193.00,1.0,-1,-1,-1
225,8,568.00,330.00,140.00,243.00,1.0,-1,-1,-1
225,13,357.00,345.00,73.00,200.00,1.0,-1,-1,-1
225,12,483.00,354.00,60.00,165.00,1.0,-1,-1,-1
226,11,851.00,354.00,168.00,219.00,1.0,-1,-1,-1
226,6,190.00,311.00,88.00,219.00,1.0,-1,-1,-1
226,7,672.00,385.00,171.00,191.00,1.0,-1,-1,-1
226,13,356.00,344.00,75.00,204.00,1.0,-1,-1,-1
226,12,487.00,354.00,58.00,164.00,1.0,-1,-1,-1
226,8,573.00,329.00,134.00,244.00,1.0,-1,-1,-1
227,6,195.00,311.00,83.00,219.00,1.0,-1,-1,-1
227,11,862.00,352.00,161.00,220.00,1.0,-1,-1,-1
227,7,687.00,387.00,174.00,187.00,1.0,-1,-1,-1
227,8,580.00,330.00,143.00,243.00,1.0,-1,-1,-1
227,13,358.00,343.00,73.00,205.00,1.0,-1,-1,-1
227,12,489.00,354.00,56.00,164.00,1.0,-1,-1,-1
228,7,704.00,386.00,178.00,188.00,1.0,-1,-1,-1
228,6,197.00,311.00,80.00,219.00,1.0,-1,-1,-1
228,11,872.00,350.00,151.00,223.00,1.0,-1,-1,-1
228,13,359.00,344.00,70.00,204.00,1.0,-1,-1,-1
228,12,490.00,353.00,55.00,164.00,1.0,-1,-1,-1
228,8,584.00,330.00,136.00,243.00,1.0,-1,-1,-1
229,6,198.00,311.00,80.00,219.00,1.0,-1,-1,-1
229,11,886.00,357.00,137.00,216.00,1.0,-1,-1,-1
229,7,724.00,382.00,180.00,192.00,1.0,-1,-1,-1
229,13,361.00,344.00,70.00,204.00,1.0,-1,-1,-1
229,8,596.00,327.00,144.00,247.00,1.0,-1,-1,-1
229,18,490.00,350.00,56.00,167.00,1.0,-1,-1,-1
230,7,740.00,381.00,179.00,193.00,1.0,-1,-1,-1
230,11,895.00,355.00,128.00,218.00,1.0,-1,-1,-1
230,6,197.00,311.00,81.00,218.00,1.0,-1,-1,-1
230,8,601.00,332.00,149.00,242.00,1.0,-1,-1,-1
230,13,359.00,344.00,70.00,204.00,1.0,-1,-1,-1
230,12,491.00,352.00,55.00,167.00,1.0,-1,-1,-1
231,8,605.00,335.00,158.00,239.00,1.0,-1,-1,-1
231,6,199.00,311.00,79.00,219.00,1.0,-1,-1,-1
231,7,756.00,378.00,185.00,196.00,1.0,-1,-1,-1
231,11,909.00,357.00,114.00,216.00,1.0,-1,-1,-1
231,12,496.00,355.00,52.00,163.00,1.0,-1,-1,-1
231,13,361.00,342.00,64.00,206.00,1.0,-1,-1,-1
231,14,386.00,342.00,48.00,184.00,1.0,-1,-1,-1
232,7,770.00,372.00,192.00,202.00,1.0,-1,-1,-1
232,8,611.00,337.00,161.00,236.00,1.0,-1,-1,-1
232,6,199.00,311.00,79.00,219.00,1.0,-1,-1,-1
232,11,928.00,359.00,95.00,215.00,1.0,-1,-1,-1
232,13,365.00,341.00,69.00,206.00,1.0,-1,-1,-1
232,12,494.00,354.00,54.00,165.00,1.0,-1,-1,-1
233,7,789.00,374.00,187.00,200.00,1.0,-1,-1,-1
233,8,616.00,341.00,168.00,232.00,1.0,-1,-1,-1
233,6,199.00,311.00,79.00,219.00,1.0,-1,-1,-1
233,13,363.00,341.00,73.00,206.00,1.0,-1,-1,-1
233,12,494.00,352.00,55.00,170.00,1.0,-1,-1,-1
233,11,946.00,439.00,77.00,136.00,1.0,-1,-1,-1
234,8,627.00,341.00,168.00,233.00,1.0,-1,-1,-1
234,6,198.00,311.00,80.00,218.00,1.0,-1,-1,-1
234,7,808.00,374.00,208.00,200.00,1.0,-1,-1,-1
234,13,360.00,341.00,78.00,211.00,1.0,-1,-1,-1
234,12,494.00,348.00,54.00,161.00,1.0,-1,-1,-1
235,7,829.00,376.00,194.00,198.00,1.0,-1,-1,-1
235,8,635.00,338.00,172.00,235.00,1.0,-1,-1,-1
235,6,198.00,311.00,81.00,218.00,1.0,-1,-1,-1
235,13,358.00,340.00,78.00,213.00,1.0,-1,-1,-1
235,12,494.00,347.00,54.00,163.00,1.0,-1,-1,-1
236,7,850.00,380.00,173.00,195.00,1.0,-1,-1,-1
236,6,198.00,311.00,80.00,218.00,1.0,-1,-1,-1
236,8,644.00,337.00,172.00,236.00,1.0,-1,-1,-1
236,13,358.00,341.00,77.00,213.00,1.0,-1,-1,-1
236,12,496.00,353.00,52.00,167.00,1.0,-1,-1,-1
237,7,879.00,385.00,144.00,189.00,1.0,-1,-1,-1
237,6,197.00,311.00,81.00,218.00,1.0,-1,-1,-1
237,8,655.00,338.00,172.00,236.00,1.0,-1,-1,-1
237,13,357.00,341.00,83.00,212.00,1.0,-1,-1,-1
237,12,499.00,355.00,49.00,169.00,1.0,-1,-1,-1
238,6,197.00,311.00,81.00,218.00,1.0,-1,-1,-1
238,8,664.00,336.00,172.00,238.00,1.0,-1,-1,-1
238,13,355.00,342.00,82.00,212.00,1.0,-1,-1,-1
238,7,906.00,390.00,117.00,183.00,1.0,-1,-1,-1
238,12,499.00,351.00,49.00,171.00,1.0,-1,-1,-1
239,8,666.00,335.00,177.00,238.00,1.0,-1,-1,-1
239,6,196.00,311.00,82.00,218.00,1.0,-1,-1,-1
239,13,352.00,343.00,84.00,213.00,1.0,-1,-1,-1
239,12,499.00,352.00,49.00,170.00,1.0,-1,-1,-1
239,11,937.00,391.00,86.00,179.00,1.0,-1,-1,-1
240,8,672.00,333.00,183.00,240.00,1.0,-1,-1,-1
240,6,196.00,310.00,81.00,219.00,1.0,-1,-1,-1
240,13,349.00,342.00,84.00,219.00,1.0,-1,-1,-1
240,12,499.00,355.00,49.00,170.00,1.0,-1,-1,-1
241,8,681.00,328.00,183.00,245.00,1.0,-1,-1,-1
241,6,197.00,310.00,79.00,219.00,1.0,-1,-1,-1
241,13,348.00,344.00,83.00,222.00,1.0,-1,-1,-1
241,12,502.00,359.00,47.00,167.00,1.0,-1,-1,-1
242,8,690.00,324.00,185.00,249.00,1.0,-1,-1,-1
242,6,197.00,310.00,78.00,219.00,1.0,-1,-1,-1
242,13,347.00,342.00,81.00,224.00,1.0,-1,-1,-1
242,12,495.00,336.00,65.00,201.00,1.0,-1,-1,-1
243,8,697.00,323.00,188.00,250.00,1.0,-1,-1,-1
243,6,197.00,310.00,78.00,218.00,1.0,-1,-1,-1
243,13,347.00,341.00,78.00,223.00,1.0,-1,-1,-1
243,12,503.00,360.00,46.00,169.00,1.0,-1,-1,-1
244,8,704.00,323.00,191.00,249.00,1.0,-1,-1,-1
244,6,197.00,309.00,78.00,219.00,1.0,-1,-1,-1
244,13,345.00,345.00,80.00,221.00,1.0,-1,-1,-1
244,12,501.00,357.00,49.00,170.00,1.0,-1,-1,-1
245,8,714.00,323.00,194.00,249.00,1.0,-1,-1,-1
245,6,197.00,309.00,78.00,219.00,1.0,-1,-1,-1
245,13,346.00,337.00,75.00,228.00,1.0,-1,-1,-1
245,12,502.00,355.00,49.00,174.00,1.0,-1,-1,-1
246,8,720.00,329.00,199.00,243.00,1.0,-1,-1,-1
246,6,197.00,309.00,77.00,219.00,1.0,-1,-1,-1
246,13,344.00,338.00,77.00,227.00,1.0,-1,-1,-1
246,12,501.00,355.00,49.00,174.00,1.0,-1,-1,-1
247,8,730.00,329.00,200.00,244.00,1.0,-1,-1,-1
247,6,197.00,309.00,77.00,218.00,1.0,-1,-1,-1
247,13,345.00,337.00,71.00,227.00,1.0,-1,-1,-1
247,12,501.00,354.00,50.00,176.00,1.0,-1,-1,-1
247,14,404.00,340.00,34.00,152.00,1.0,-1,-1,-1
248,8,738.00,333.00,203.00,239.00,1.0,-1,-1,-1
248,6,196.00,309.00,78.00,218.00,1.0,-1,-1,-1
248,13,346.00,338.00,71.00,226.00,1.0,-1,-1,-1
248,12,501.00,354.00,49.00,175.00,1.0,-1,-1,-1
248,14,404.00,347.00,34.00,144.00,1.0,-1,-1,-1
249,6,196.00,309.00,78.00,218.00,1.0,-1,-1,-1
249,8,751.00,338.00,201.00,235.00,1.0,-1,-1,-1
249,13,345.00,338.00,70.00,225.00,1.0,-1,-1,-1
249,12,501.00,354.00,48.00,176.00,1.0,-1,-1,-1
249,14,405.00,352.00,35.00,139.00,1.0,-1,-1,-1
250,6,196.00,309.00,77.00,218.00,1.0,-1,-1,-1
250,8,760.00,339.00,210.00,233.00,1.0,-1,-1,-1
250,13,344.00,339.00,75.00,226.00,1.0,-1,-1,-1
250,12,501.00,352.00,48.00,179.00,1.0,-1,-1,-1
250,14,404.00,352.00,36.00,139.00,1.0,-1,-1,-1
251,6,196.00,309.00,77.00,218.00,1.0,-1,-1,-1
251,8,772.00,343.00,214.00,229.00,1.0,-1,-1,-1
251,13,343.00,338.00,77.00,230.00,1.0,-1,-1,-1
251,14,404.00,349.00,38.00,142.00,1.0,-1,-1,-1
251,12,501.00,353.00,48.00,181.00,1.0,-1,-1,-1
252,6,195.00,309.00,78.00,218.00,1.0,-1,-1,-1
252,8,783.00,342.00,218.00,230.00,1.0,-1,-1,-1
252,13,341.00,338.00,80.00,232.00,1.0,-1,-1,-1
252,12,501.00,353.00,47.00,179.00,1.0,-1,-1,-1
252,14,404.00,340.00,38.00,152.00,1.0,-1,-1,-1
253,6,193.00,309.00,80.00,218.00,1.0,-1,-1,-1
253,13,339.00,339.00,82.00,232.00,1.0,-1,-1,-1
253,8,794.00,345.00,213.00,228.00,1.0,-1,-1,-1
253,12,500.00,354.00,47.00,180.00,1.0,-1,-1,-1
253,14,403.00,339.00,39.00,153.00,1.0,-1,-1,-1
254,6,191.00,308.00,82.00,219.00,1.0,-1,-1,-1
254,8,803.00,346.00,219.00,227.00,1.0,-1,-1,-1
254,13,339.00,339.00,84.00,232.00,1.0,-1,-1,-1
254,12,499.00,355.00,48.00,180.00,1.0,-1,-1,-1
254,14,402.00,338.00,41.00,152.00,1.0,-1,-1,-1
255,6,187.00,309.00,86.00,217.00,1.0,-1,-1,-1
255,13,335.00,340.00,87.00,231.00,1.0,-1,-1,-1
255,8,818.00,338.00,205.00,235.00,1.0,-1,-1,-1
255,32,520.00,398.00,0.00,0.00,1.0,-1,-1,-1
255,12,492.00,337.00,61.00,177.00,1.0,-1,-1,-1
255,14,393.00,316.00,56.00,163.00,1.0,-1,-1,-1
256,6,185.00,309.00,87.00,218.00,1.0,-1,-1,-1
256,8,830.00,336.00,193.00,237.00,1.0,-1,-1,-1
256,13,335.00,341.00,90.00,230.00,1.0,-1,-1,-1
256,12,499.00,360.00,48.00,182.00,1.0,-1,-1,-1
256,14,405.00,328.00,45.00,148.00,1.0,-1,-1,-1
257,6,185.00,309.00,88.00,218.00,1.0,-1,-1,-1
257,13,334.00,340.00,93.00,231.00,1.0,-1,-1,-1
257,8,837.00,334.00,186.00,239.00,1.0,-1,-1,-1
257,12,498.00,359.00,49.00,182.00,1.0,-1,-1,-1
257,14,395.00,315.00,47.00,188.00,1.0,-1,-1,-1
258,6,186.00,308.00,86.00,218.00,1.0,-1,-1,-1
258,8,848.00,331.00,175.00,243.00,1.0,-1,-1,-1
258,13,333.00,342.00,95.00,230.00,1.0,-1,-1,-1
258,12,497.00,357.00,52.00,187.00,1.0,-1,-1,-1
258,14,392.00,329.00,50.00,159.00,1.0,-1,-1,-1
259,6,187.00,308.00,87.00,217.00,1.0,-1,-1,-1
259,8,855.00,328.00,168.00,246.00,1.0,-1,-1,-1
259,13,334.00,340.00,94.00,230.00,1.0,-1,-1,-1
259,12,496.00,355.00,52.00,186.00,1.0,-1,-1,-1
259,14,392.00,333.00,53.00,152.00,1.0,-1,-1,-1
260,6,188.00,308.00,85.00,217.00,1.0,-1,-1,-1
260,8,867.00,330.00,156.00,242.00,1.0,-1,-1,-1
260,13,332.00,339.00,95.00,231.00,1.0,-1,-1,-1
260,12,485.00,338.00,88.00,214.00,1.0,-1,-1,-1
260,14,398.00,328.00,46.00,170.00,1.0,-1,-1,-1
261,6,189.00,308.00,81.00,217.00,1.0,-1,-1,-1
261,8,879.00,330.00,144.00,244.00,1.0,-1,-1,-1
261,13,331.00,338.00,95.00,233.00,1.0,-1,-1,-1
261,12,494.00,353.00,53.00,199.00,1.0,-1,-1,-1
261,14,390.00,324.00,57.00,165.00,1.0,-1,-1,-1
262,6,190.00,308.00,79.00,217.00,1.0,-1,-1,-1
262,8,891.00,331.00,132.00,242.00,1.0,-1,-1,-1
262,13,330.00,337.00,97.00,236.00,1.0,-1,-1,-1
262,12,494.00,351.00,53.00,199.00,1.0,-1,-1,-1
262,14,400.00,335.00,45.00,150.00,1.0,-1,-1,-1
263,8,902.00,334.00,121.00,240.00,1.0,-1,-1,-1
263,6,192.00,308.00,77.00,217.00,1.0,-1,-1,-1
263,13,329.00,336.00,96.00,238.00,1.0,-1,-1,-1
263,12,493.00,349.00,54.00,202.00,1.0,-1,-1,-1
263,14,401.00,354.00,46.00,143.00,1.0,-1,-1,-1
264,6,192.00,308.00,77.00,216.00,1.0,-1,-1,-1
264,12,492.00,348.00,55.00,209.00,1.0,-1,-1,-1
264,8,915.00,339.00,108.00,234.00,1.0,-1,-1,-1
264,13,330.00,337.00,95.00,236.00,1.0,-1,-1,-1
264,14,402.00,356.00,45.00,140.00,1.0,-1,-1,-1
265,6,192.00,306.00,78.00,219.00,1.0,-1,-1,-1
265,12,490.00,348.00,57.00,208.00,1.0,-1,-1,-1
265,13,337.00,338.00,89.00,237.00,1.0,-1,-1,-1
265,14,400.00,351.00,46.00,137.00,1.0,-1,-1,-1
265,8,928.00,341.00,95.00,232.00,1.0,-1,-1,-1
266,6,193.00,306.00,76.00,219.00,1.0,-1,-1,-1
266,12,486.00,349.00,60.00,209.00,1.0,-1,-1,-1
266,13,334.00,338.00,93.00,237.00,1.0,-1,-1,-1
266,14,399.00,348.00,47.00,140.00,1.0,-1,-1,-1
266,8,933.00,339.00,95.00,239.00,1.0,-1,-1,-1
267,6,193.00,306.00,76.00,219.00,1.0,-1,-1,-1
267,12,477.00,350.00,70.00,211.00,1.0,-1,-1,-1
267,13,331.00,336.00,97.00,237.00,1.0,-1,-1,-1
267,14,397.00,342.00,50.00,146.00,1.0,-1,-1,-1
268,6,192.00,307.00,78.00,218.00,1.0,-1,-1,-1
268,13,324.00,338.00,104.00,235.00,1.0,-1,-1,-1
268,12,479.00,350.00,68.00,209.00,1.0,-1,-1,-1
268,14,398.00,348.00,50.00,142.00,1.0,-1,-1,-1
269,6,192.00,307.00,78.00,219.00,1.0,-1,-1,-1
269,12,469.00,352.00,77.00,211.00,1.0,-1,-1,-1
269,13,324.00,339.00,103.00,234.00,1.0,-1,-1,-1
269,14,399.00,338.00,50.00,157.00,1.0,-1,-1,-1
270,6,192.00,307.00,78.00,219.00,1.0,-1,-1,-1
270,13,326.00,340.00,101.00,233.00,1.0,-1,-1,-1
270,12,467.00,353.00,78.00,211.00,1.0,-1,-1,-1
270,14,400.00,336.00,49.00,160.00,1.0,-1,-1,-1
271,6,192.00,307.00,78.00,219.00,1.0,-1,-1,-1
271,12,464.00,357.00,79.00,209.00,1.0,-1,-1,-1
271,13,327.00,339.00,90.00,232.00,1.0,-1,-1,-1
271,14,398.00,331.00,54.00,169.00,1.0,-1,-1,-1
272,6,192.00,307.00,78.00,219.00,1.0,-1,-1,-1
272,12,465.00,357.00,78.00,211.00,1.0,-1,-1,-1
272,13,326.00,341.00,92.00,231.00,1.0,-1,-1,-1
272,14,400.00,334.00,51.00,167.00,1.0,-1,-1,-1
273,6,193.00,308.00,78.00,218.00,1.0,-1,-1,-1
273,12,465.00,358.00,78.00,211.00,1.0,-1,-1,-1
273,13,325.00,342.00,90.00,231.00,1.0,-1,-1,-1
273,14,400.00,335.00,52.00,167.00,1.0,-1,-1,-1
274,6,193.00,308.00,78.00,218.00,1.0,-1,-1,-1
274,12,464.00,358.00,78.00,211.00,1.0,-1,-1,-1
274,14,400.00,335.00,53.00,169.00,1.0,-1,-1,-1
274,13,320.00,341.00,94.00,232.00,1.0,-1,-1,-1
275,6,193.00,308.00,78.00,218.00,1.0,-1,-1,-1
275,13,316.00,341.00,95.00,230.00,1.0,-1,-1,-1
275,12,461.00,357.00,80.00,212.00,1.0,-1,-1,-1
275,14,403.00,350.00,50.00,157.00,1.0,-1,-1,-1
276,6,194.00,308.00,77.00,218.00,1.0,-1,-1,-1
276,13,315.00,339.00,97.00,232.00,1.0,-1,-1,-1
276,12,459.00,354.00,79.00,214.00,1.0,-1,-1,-1
276,14,405.00,359.00,51.00,148.00,1.0,-1,-1,-1
277,6,194.00,308.00,77.00,218.00,1.0,-1,-1,-1
277,13,312.00,337.00,93.00,236.00,1.0,-1,-1,-1
277,14,407.00,355.00,55.00,154.00,1.0,-1,-1,-1
277,12,460.00,354.00,74.00,213.00,1.0,-1,-1,-1
278,6,193.00,308.00,79.00,218.00,1.0,-1,-1,-1
278,13,311.00,336.00,93.00,238.00,1.0,-1,-1,-1
278,14,409.00,356.00,50.00,153.00,1.0,-1,-1,-1
278,12,457.00,349.00,75.00,220.00,1.0,-1,-1,-1
279,6,195.00,308.00,76.00,218.00,1.0,-1,-1,-1
279,13,307.00,337.00,95.00,236.00,1.0,-1,-1,-1
279,12,457.00,350.00,71.00,218.00,1.0,-1,-1,-1
279,14,409.00,354.00,50.00,156.00,1.0,-1,-1,-1
280,6,195.00,309.00,77.00,217.00,1.0,-1,-1,-1
280,13,305.00,335.00,94.00,239.00,1.0,-1,-1,-1
280,12,456.00,349.00,69.00,222.00,1.0,-1,-1,-1
280,14,411.00,352.00,48.00,160.00,1.0,-1,-1,-1
281,6,195.00,309.00,77.00,217.00,1.0,-1,-1,-1
281,13,302.00,335.00,96.00,239.00,1.0,-1,-1,-1
281,12,456.00,346.00,69.00,224.00,1.0,-1,-1,-1
281,14,412.00,351.00,49.00,162.00,1.0,-1,-1,-1
282,6,196.00,309.00,76.00,217.00,1.0,-1,-1,-1
282,12,454.00,346.00,69.00,226.00,1.0,-1,-1,-1
282,14,412.00,351.00,49.00,164.00,1.0,-1,-1,-1
282,13,288.00,336.00,108.00,238.00,1.0,-1,-1,-1
283,6,195.00,310.00,80.00,216.00,1.0,-1,-1,-1
283,13,287.00,336.00,108.00,233.00,1.0,-1,-1,-1
283,12,452.00,346.00,71.00,225.00,1.0,-1,-1,-1
283,14,413.00,354.00,49.00,157.00,1.0,-1,-1,-1
284,6,195.00,310.00,81.00,216.00,1.0,-1,-1,-1
284,13,287.00,337.00,106.00,232.00,1.0,-1,-1,-1
284,12,449.00,347.00,71.00,223.00,1.0,-1,-1,-1
284,14,413.00,356.00,47.00,154.00,1.0,-1,-1,-1
284,21,0.00,301.00,24.00,136.00,1.0,-1,-1,-1
285,6,195.00,309.00,83.00,217.00,1.0,-1,-1,-1
285,13,285.00,339.00,108.00,233.00,1.0,-1,-1,-1
285,12,447.00,348.00,71.00,221.00,1.0,-1,-1,-1
285,14,414.00,358.00,47.00,150.00,1.0,-1,-1,-1
285,21,0.00,302.00,24.00,133.00,1.0,-1,-1,-1
286,6,195.00,309.00,82.00,217.00,1.0,-1,-1,-1
286,14,282.00,339.00,109.00,235.00,1.0,-1,-1,-1
286,12,447.00,349.00,70.00,221.00,1.0,-1,-1,-1
286,21,0.00,301.00,25.00,135.00,1.0,-1,-1,-1
287,6,197.00,309.00,80.00,217.00,1.0,-1,-1,-1
287,13,282.00,340.00,108.00,234.00,1.0,-1,-1,-1
287,12,449.00,352.00,66.00,220.00,1.0,-1,-1,-1
287,21,0.00,302.00,25.00,133.00,1.0,-1,-1,-1
287,14,419.00,359.00,45.00,153.00,1.0,-1,-1,-1
288,6,196.00,309.00,82.00,217.00,1.0,-1,-1,-1
288,13,276.00,339.00,114.00,235.00,1.0,-1,-1,-1
288,12,443.00,353.00,69.00,220.00,1.0,-1,-1,-1
288,21,0.00,302.00,27.00,133.00,1.0,-1,-1,-1
289,6,197.00,309.00,80.00,217.00,1.0,-1,-1,-1
289,13,274.00,339.00,113.00,234.00,1.0,-1,-1,-1
289,12,426.00,353.00,85.00,221.00,1.0,-1,-1,-1
289,21,0.00,303.00,29.00,132.00,1.0,-1,-1,-1
290,6,197.00,309.00,80.00,217.00,1.0,-1,-1,-1
290,13,271.00,338.00,114.00,234.00,1.0,-1,-1,-1
290,12,427.00,353.00,83.00,221.00,1.0,-1,-1,-1
290,21,0.00,306.00,32.00,128.00,1.0,-1,-1,-1
291,6,197.00,309.00,82.00,217.00,1.0,-1,-1,-1
291,12,427.00,351.00,82.00,223.00,1.0,-1,-1,-1
291,13,271.00,338.00,118.00,235.00,1.0,-1,-1,-1
291,21,0.00,306.00,37.00,130.00,1.0,-1,-1,-1
292,6,197.00,310.00,83.00,216.00,1.0,-1,-1,-1
292,12,428.00,349.00,79.00,223.00,1.0,-1,-1,-1
292,13,267.00,337.00,105.00,235.00,1.0,-1,-1,-1
292,21,0.00,308.00,38.00,131.00,1.0,-1,-1,-1
293,6,197.00,310.00,83.00,216.00,1.0,-1,-1,-1
293,12,429.00,348.00,78.00,225.00,1.0,-1,-1,-1
293,13,261.00,336.00,109.00,236.00,1.0,-1,-1,-1
293,21,0.00,310.00,38.00,126.00,1.0,-1,-1,-1
294,6,198.00,310.00,82.00,216.00,1.0,-1,-1,-1
294,12,430.00,347.00,75.00,227.00,1.0,-1,-1,-1
294,13,252.00,336.00,116.00,237.00,1.0,-1,-1,-1
294,21,0.00,311.00,39.00,126.00,1.0,-1,-1,-1
295,6,198.00,311.00,83.00,215.00,1.0,-1,-1,-1
295,12,430.00,347.00,74.00,227.00,1.0,-1,-1,-1
295,13,245.00,336.00,120.00,237.00,1.0,-1,-1,-1
295,21,0.00,312.00,41.00,124.00,1.0,-1,-1,-1
296,6,198.00,309.00,82.00,216.00,1.0,-1,-1,-1
296,12,429.00,346.00,75.00,229.00,1.0,-1,-1,-1
296,13,236.00,338.00,132.00,238.00,1.0,-1,-1,-1
296,21,0.00,312.00,43.00,124.00,1.0,-1,-1,-1
297,6,198.00,309.00,83.00,216.00,1.0,-1,-1,-1
297,12,428.00,348.00,76.00,227.00,1.0,-1,-1,-1
297,13,221.00,337.00,139.00,238.00,1.0,-1,-1,-1
297,21,0.00,314.00,45.00,121.00,1.0,-1,-1,-1
298,6,198.00,309.00,82.00,216.00,1.0,-1,-1,-1
298,12,426.00,346.00,77.00,228.00,1.0,-1,-1,-1
298,21,0.00,315.00,46.00,120.00,1.0,-1,-1,-1
298,13,235.00,338.00,120.00,238.00,1.0,-1,-1,-1
299,6,199.00,309.00,78.00,217.00,1.0,-1,-1,-1
299,12,425.00,348.00,77.00,227.00,1.0,-1,-1,-1
299,21,0.00,316.00,47.00,119.00,1.0,-1,-1,-1
299,13,223.00,339.00,129.00,236.00,1.0,-1,-1,-1
300,6,184.00,309.00,89.00,217.00,1.0,-1,-1,-1
300,12,423.00,348.00,78.00,227.00,1.0,-1,-1,-1
300,21,0.00,316.00,48.00,119.00,1.0,-1,-1,-1
300,13,215.00,347.00,146.00,228.00,1.0,-1,-1,-1
301,12,415.00,348.00,86.00,226.00,1.0,-1,-1,-1
301,6,174.00,309.00,97.00,217.00,1.0,-1,-1,-1
301,21,0.00,319.00,54.00,115.00,1.0,-1,-1,-1
301,13,200.00,339.00,140.00,236.00,1.0,-1,-1,-1
302,12,412.00,349.00,87.00,225.00,1.0,-1,-1,-1
302,21,0.00,319.00,56.00,116.00,1.0,-1,-1,-1
302,6,173.00,310.00,96.00,215.00,1.0,-1,-1,-1
302,13,171.00,340.00,179.00,235.00,1.0,-1,-1,-1
303,12,410.00,350.00,88.00,224.00,1.0,-1,-1,-1
303,21,0.00,318.00,58.00,117.00,1.0,-1,-1,-1
303,13,165.00,341.00,192.00,234.00,1.0,-1,-1,-1
303,6,200.00,310.00,68.00,210.00,1.0,-1,-1,-1
304,12,410.00,351.00,89.00,224.00,1.0,-1,-1,-1
304,21,0.00,318.00,60.00,117.00,1.0,-1,-1,-1
304,13,155.00,342.00,187.00,232.00,1.0,-1,-1,-1
304,2,195.00,304.00,59.00,221.00,1.0,-1,-1,-1
305,12,410.00,352.00,88.00,224.00,1.0,-1,-1,-1
305,21,0.00,319.00,61.00,116.00,1.0,-1,-1,-1
305,13,146.00,342.00,187.00,231.00,1.0,-1,-1,-1
305,6,192.00,309.00,66.00,203.00,1.0,-1,-1,-1
306,12,410.00,354.00,87.00,222.00,1.0,-1,-1,-1
306,21,0.00,320.00,64.00,115.00,1.0,-1,-1,-1
306,13,149.00,340.00,184.00,233.00,1.0,-1,-1,-1
306,6,201.00,309.00,59.00,117.00,1.0,-1,-1,-1
307,12,410.00,354.00,87.00,221.00,1.0,-1,-1,-1
307,21,4.00,320.00,62.00,116.00,1.0,-1,-1,-1
307,6,201.00,309.00,54.00,117.00,1.0,-1,-1,-1
307,14,479.00,366.00,44.00,169.00,1.0,-1,-1,-1
307,13,200.00,345.00,153.00,239.00,1.0,-1,-1,-1
308,12,410.00,354.00,83.00,221.00,1.0,-1,-1,-1
308,13,182.00,339.00,141.00,234.00,1.0,-1,-1,-1
308,21,0.00,321.00,69.00,116.00,1.0,-1,-1,-1
308,14,479.00,366.00,45.00,170.00,1.0,-1,-1,-1
308,6,201.00,309.00,52.00,112.00,1.0,-1,-1,-1
309,12,408.00,354.00,86.00,221.00,1.0,-1,-1,-1
309,13,126.00,338.00,190.00,235.00,1.0,-1,-1,-1
309,21,1.00,323.00,72.00,114.00,1.0,-1,-1,-1
309,14,479.00,366.00,46.00,172.00,1.0,-1,-1,-1
309,6,199.00,310.00,53.00,102.00,1.0,-1,-1,-1
310,12,406.00,353.00,89.00,222.00,1.0,-1,-1,-1
310,13,130.00,337.00,183.00,236.00,1.0,-1,-1,-1
310,21,3.00,324.00,74.00,118.00,1.0,-1,-1,-1
310,14,480.00,365.00,49.00,179.00,1.0,-1,-1,-1
310,6,200.00,310.00,51.00,101.00,1.0,-1,-1,-1
311,13,134.00,338.00,177.00,235.00,1.0,-1,-1,-1
311,12,406.00,352.00,89.00,223.00,1.0,-1,-1,-1
311,21,6.00,325.00,74.00,124.00,1.0,-1,-1,-1
311,14,485.00,363.00,43.00,183.00,1.0,-1,-1,-1
311,6,199.00,309.00,51.00,92.00,1.0,-1,-1,-1
312,13,148.00,333.00,157.00,240.00,1.0,-1,-1,-1
312,12,406.00,350.00,90.00,225.00,1.0,-1,-1,-1
312,21,8.00,325.00,75.00,124.00,1.0,-1,-1,-1
312,14,479.00,360.00,51.00,184.00,1.0,-1,-1,-1
313,13,150.00,330.00,152.00,243.00,1.0,-1,-1,-1
313,12,405.00,348.00,91.00,228.00,1.0,-1,-1,-1
313,21,11.00,324.00,76.00,131.00,1.0,-1,-1,-1
313,14,481.00,356.00,53.00,188.00,1.0,-1,-1,-1
314,12,406.00,344.00,93.00,232.00,1.0,-1,-1,-1
314,13,151.00,337.00,143.00,235.00,1.0,-1,-1,-1
314,21,14.00,323.00,77.00,134.00,1.0,-1,-1,-1
314,14,479.00,353.00,54.00,190.00,1.0,-1,-1,-1
315,12,406.00,343.00,95.00,233.00,1.0,-1,-1,-1
315,13,150.00,338.00,138.00,234.00,1.0,-1,-1,-1
315,21,15.00,322.00,79.00,134.00,1.0,-1,-1,-1
315,14,479.00,350.00,57.00,193.00,1.0,-1,-1,-1
316,13,406.00,343.00,98.00,232.00,1.0,-1,-1,-1
316,14,150.00,339.00,135.00,234.00,1.0,-1,-1,-1
316,21,17.00,322.00,79.00,134.00,1.0,-1,-1,-1
316,12,481.00,349.00,59.00,195.00,1.0,-1,-1,-1
317,12,407.00,345.00,97.00,231.00,1.0,-1,-1,-1
317,13,154.00,344.00,127.00,230.00,1.0,-1,-1,-1
317,21,18.00,322.00,80.00,134.00,1.0,-1,-1,-1
317,14,482.00,350.00,59.00,192.00,1.0,-1,-1,-1
317,6,214.00,310.00,69.00,114.00,1.0,-1,-1,-1
318,12,410.00,348.00,96.00,228.00,1.0,-1,-1,-1
318,13,145.00,346.00,133.00,228.00,1.0,-1,-1,-1
318,21,20.00,321.00,80.00,133.00,1.0,-1,-1,-1
318,14,485.00,351.00,58.00,191.00,1.0,-1,-1,-1
318,6,215.00,310.00,67.00,122.00,1.0,-1,-1,-1
319,12,410.00,349.00,98.00,226.00,1.0,-1,-1,-1
319,13,146.00,347.00,129.00,227.00,1.0,-1,-1,-1
319,21,22.00,320.00,81.00,134.00,1.0,-1,-1,-1
319,14,491.00,352.00,55.00,193.00,1.0,-1,-1,-1
320,13,135.00,348.00,134.00,226.00,1.0,-1,-1,-1
320,12,409.00,349.00,98.00,225.00,1.0,-1,-1,-1
320,14,495.00,355.00,52.00,192.00,1.0,-1,-1,-1
320,21,24.00,320.00,82.00,132.00,1.0,-1,-1,-1
321,13,112.00,342.00,153.00,233.00,1.0,-1,-1,-1
321,21,24.00,320.00,83.00,127.00,1.0,-1,-1,-1
321,12,411.00,352.00,95.00,223.00,1.0,-1,-1,-1
321,14,494.00,356.00,53.00,191.00,1.0,-1,-1,-1
321,6,213.00,310.00,68.00,181.00,1.0,-1,-1,-1
322,12,414.00,355.00,95.00,220.00,1.0,-1,-1,-1
322,21,26.00,320.00,83.00,124.00,1.0,-1,-1,-1
322,13,139.00,342.00,123.00,232.00,1.0,-1,-1,-1
322,14,496.00,356.00,51.00,197.00,1.0,-1,-1,-1
322,6,212.00,309.00,65.00,180.00,1.0,-1,-1,-1
323,12,416.00,353.00,94.00,223.00,1.0,-1,-1,-1
323,21,28.00,320.00,81.00,122.00,1.0,-1,-1,-1
323,14,498.00,358.00,53.00,192.00,1.0,-1,-1,-1
323,6,212.00,309.00,66.00,179.00,1.0,-1,-1,-1
323,13,142.00,344.00,116.00,231.00,1.0,-1,-1,-1
324,12,416.00,350.00,103.00,226.00,1.0,-1,-1,-1
324,21,30.00,320.00,80.00,122.00,1.0,-1,-1,-1
324,14,500.00,360.00,52.00,191.00,1.0,-1,-1,-1
324,6,211.00,309.00,66.00,189.00,1.0,-1,-1,-1
324,13,134.00,340.00,118.00,235.00,1.0,-1,-1,-1
325,6,210.00,309.00,68.00,216.00,1.0,-1,-1,-1
325,13,78.00,336.00,168.00,237.00,1.0,-1,-1,-1
325,12,418.00,353.00,113.00,223.00,1.0,-1,-1,-1
325,21,32.00,320.00,78.00,119.00,1.0,-1,-1,-1
325,14,503.00,350.00,73.00,205.00,1.0,-1,-1,-1
326,6,207.00,309.00,70.00,219.00,1.0,-1,-1,-1
326,12,424.00,347.00,115.00,229.00,1.0,-1,-1,-1
326,13,78.00,334.00,166.00,239.00,1.0,-1,-1,-1
326,21,33.00,320.00,78.00,115.00,1.0,-1,-1,-1
326,14,511.00,353.00,60.00,201.00,1.0,-1,-1,-1
327,6,203.00,305.00,74.00,217.00,1.0,-1,-1,-1
327,12,425.00,346.00,115.00,229.00,1.0,-1,-1,-1
327,21,33.00,320.00,79.00,112.00,1.0,-1,-1,-1
327,13,70.00,334.00,173.00,239.00,1.0,-1,-1,-1
327,14,513.00,342.00,61.00,231.00,1.0,-1,-1,-1
328,6,203.00,306.00,73.00,215.00,1.0,-1,-1,-1
328,12,429.00,344.00,115.00,231.00,1.0,-1,-1,-1
328,13,109.00,336.00,131.00,239.00,1.0,-1,-1,-1
328,21,34.00,321.00,77.00,110.00,1.0,-1,-1,-1
328,14,518.00,348.00,60.00,210.00,1.0,-1,-1,-1
329,6,202.00,306.00,74.00,215.00,1.0,-1,-1,-1
329,13,105.00,334.00,128.00,242.00,1.0,-1,-1,-1
329,12,432.00,344.00,115.00,231.00,1.0,-1,-1,-1
329,21,35.00,320.00,76.00,116.00,1.0,-1,-1,-1
329,14,517.00,349.00,71.00,200.00,1.0,-1,-1,-1
330,6,201.00,306.00,74.00,215.00,1.0,-1,-1,-1
330,13,97.00,335.00,132.00,241.00,1.0,-1,-1,-1
330,12,440.00,344.00,107.00,232.00,1.0,-1,-1,-1
330,21,37.00,320.00,76.00,119.00,1.0,-1,-1,-1
330,14,517.00,349.00,71.00,213.00,1.0,-1,-1,-1
331,6,199.00,306.00,74.00,214.00,1.0,-1,-1,-1
331,12,443.00,340.00,106.00,233.00,1.0,-1,-1,-1
331,13,95.00,337.00,132.00,239.00,1.0,-1,-1,-1
331,21,33.00,320.00,81.00,121.00,1.0,-1,-1,-1
331,14,524.00,348.00,61.00,210.00,1.0,-1,-1,-1
332,12,446.00,335.00,110.00,236.00,1.0,-1,-1,-1
332,6,197.00,306.00,75.00,215.00,1.0,-1,-1,-1
332,13,72.00,338.00,151.00,237.00,1.0,-1,-1,-1
332,21,26.00,318.00,88.00,132.00,1.0,-1,-1,-1
332,14,529.00,341.00,60.00,215.00,1.0,-1,-1,-1
333,6,193.00,305.00,77.00,216.00,1.0,-1,-1,-1
333,12,446.00,334.00,115.00,240.00,1.0,-1,-1,-1
333,13,81.00,336.00,134.00,239.00,1.0,-1,-1,-1
333,21,53.00,317.00,63.00,137.00,1.0,-1,-1,-1
333,14,533.00,347.00,67.00,210.00,1.0,-1,-1,-1
334,6,193.00,305.00,77.00,216.00,1.0,-1,-1,-1
334,13,72.00,341.00,139.00,232.00,1.0,-1,-1,-1
334,12,448.00,341.00,119.00,233.00,1.0,-1,-1,-1
334,21,40.00,316.00,74.00,139.00,1.0,-1,-1,-1
334,14,552.00,350.00,54.00,203.00,1.0,-1,-1,-1
335,13,23.00,340.00,187.00,233.00,1.0,-1,-1,-1
335,6,191.00,304.00,79.00,216.00,1.0,-1,-1,-1
335,12,454.00,342.00,114.00,232.00,1.0,-1,-1,-1
335,21,43.00,315.00,69.00,107.00,1.0,-1,-1,-1
335,14,551.00,354.00,56.00,204.00,1.0,-1,-1,-1
336,6,191.00,304.00,78.00,216.00,1.0,-1,-1,-1
336,13,24.00,342.00,181.00,231.00,1.0,-1,-1,-1
336,12,456.00,345.00,121.00,228.00,1.0,-1,-1,-1
336,14,552.00,350.00,56.00,209.00,1.0,-1,-1,-1
336,21,44.00,314.00,67.00,111.00,1.0,-1,-1,-1
337,6,192.00,303.00,76.00,217.00,1.0,-1,-1,-1
337,12,458.00,347.00,130.00,226.00,1.0,-1,-1,-1
337,13,66.00,342.00,130.00,231.00,1.0,-1,-1,-1
337,14,553.00,351.00,71.00,213.00,1.0,-1,-1,-1
337,21,44.00,314.00,68.00,107.00,1.0,-1,-1,-1
338,6,191.00,303.00,77.00,217.00,1.0,-1,-1,-1
338,12,462.00,348.00,127.00,226.00,1.0,-1,-1,-1
338,13,50.00,343.00,140.00,230.00,1.0,-1,-1,-1
338,14,553.00,355.00,79.00,213.00,1.0,-1,-1,-1
338,21,45.00,313.00,67.00,109.00,1.0,-1,-1,-1
339,6,191.00,303.00,76.00,217.00,1.0,-1,-1,-1
339,12,465.00,348.00,130.00,225.00,1.0,-1,-1,-1
339,13,19.00,341.00,165.00,233.00,1.0,-1,-1,-1
339,14,557.00,357.00,83.00,215.00,1.0,-1,-1,-1
339,21,44.00,312.00,66.00,105.00,1.0,-1,-1,-1
340,6,190.00,302.00,77.00,217.00,1.0,-1,-1,-1
340,13,28.00,339.00,151.00,234.00,1.0,-1,-1,-1
340,12,467.00,351.00,135.00,222.00,1.0,-1,-1,-1
340,14,558.00,360.00,84.00,213.00,1.0,-1,-1,-1
340,21,43.00,311.00,68.00,105.00,1.0,-1,-1,-1
341,6,191.00,302.00,76.00,217.00,1.0,-1,-1,-1
341,13,13.00,336.00,162.00,236.00,1.0,-1,-1,-1
341,12,469.00,357.00,134.00,216.00,1.0,-1,-1,-1
341,14,562.00,366.00,83.00,209.00,1.0,-1,-1,-1
341,21,44.00,311.00,68.00,102.00,1.0,-1,-1,-1
342,6,191.00,302.00,76.00,217.00,1.0,-1,-1,-1
342,13,1.00,335.00,171.00,238.00,1.0,-1,-1,-1
342,12,471.00,360.00,129.00,214.00,1.0,-1,-1,-1
342,14,567.00,367.00,74.00,205.00,1.0,-1,-1,-1
343,13,0.00,336.00,168.00,238.00,1.0,-1,-1,-1
343,6,192.00,302.00,75.00,217.00,1.0,-1,-1,-1
343,12,473.00,361.00,135.00,213.00,1.0,-1,-1,-1
343,14,570.00,370.00,73.00,202.00,1.0,-1,-1,-1
344,13,0.00,334.00,163.00,240.00,1.0,-1,-1,-1
344,6,192.00,302.00,75.00,217.00,1.0,-1,-1,-1
344,12,476.00,359.00,135.00,216.00,1.0,-1,-1,-1
344,14,572.00,368.00,72.00,202.00,1.0,-1,-1,-1
344,21,77.00,310.00,54.00,109.00,1.0,-1,-1,-1
345,13,0.00,329.00,158.00,245.00,1.0,-1,-1,-1
345,6,194.00,302.00,72.00,217.00,1.0,-1,-1,-1
345,12,483.00,358.00,125.00,216.00,1.0,-1,-1,-1
345,14,580.00,367.00,69.00,201.00,1.0,-1,-1,-1
345,25,324.00,332.00,25.00,91.00,1.0,-1,-1,-1
346,13,0.00,330.00,155.00,243.00,1.0,-1,-1,-1
346,6,195.00,301.00,70.00,218.00,1.0,-1,-1,-1
346,12,486.00,349.00,128.00,225.00,1.0,-1,-1,-1
346,14,584.00,361.00,66.00,200.00,1.0,-1,-1,-1
346,25,323.00,332.00,26.00,92.00,1.0,-1,-1,-1
347,13,0.00,333.00,150.00,240.00,1.0,-1,-1,-1
347,6,195.00,301.00,66.00,217.00,1.0,-1,-1,-1
347,12,491.00,347.00,131.00,227.00,1.0,-1,-1,-1
347,14,589.00,360.00,63.00,195.00,1.0,-1,-1,-1
347,25,323.00,332.00,26.00,91.00,1.0,-1,-1,-1
348,13,0.00,334.00,147.00,239.00,1.0,-1,-1,-1
348,6,196.00,301.00,65.00,217.00,1.0,-1,-1,-1
348,14,596.00,361.00,60.00,201.00,1.0,-1,-1,-1
348,12,497.00,347.00,127.00,228.00,1.0,-1,-1,-1
348,25,322.00,332.00,27.00,91.00,1.0,-1,-1,-1
349,13,0.00,335.00,143.00,238.00,1.0,-1,-1,-1
349,6,200.00,301.00,60.00,217.00,1.0,-1,-1,-1
349,12,500.00,347.00,149.00,228.00,1.0,-1,-1,-1
349,14,597.00,358.00,60.00,191.00,1.0,-1,-1,-1
349,25,322.00,331.00,27.00,92.00,1.0,-1,-1,-1
350,13,0.00,334.00,138.00,239.00,1.0,-1,-1,-1
350,6,200.00,300.00,61.00,218.00,1.0,-1,-1,-1
350,25,322.00,331.00,27.00,91.00,1.0,-1,-1,-1
350,14,596.00,353.00,63.00,187.00,1.0,-1,-1,-1
350,12,486.00,334.00,139.00,241.00,1.0,-1,-1,-1
351,13,0.00,334.00,135.00,238.00,1.0,-1,-1,-1
351,6,201.00,300.00,60.00,217.00,1.0,-1,-1,-1
351,12,507.00,346.00,138.00,228.00,1.0,-1,-1,-1
351,21,80.00,308.00,51.00,161.00,1.0,-1,-1,-1
351,25,322.00,331.00,27.00,91.00,1.0,-1,-1,-1
351,14,605.00,349.00,74.00,198.00,1.0,-1,-1,-1
352,12,0.00,333.00,132.00,240.00,1.0,-1,-1,-1
352,6,201.00,300.00,61.00,217.00,1.0,-1,-1,-1
352,12,510.00,347.00,132.00,226.00,1.0,-1,-1,-1
352,21,80.00,306.00,51.00,183.00,1.0,-1,-1,-1
352,25,322.00,331.00,28.00,92.00,1.0,-1,-1,-1
352,14,602.00,338.00,72.00,218.00,1.0,-1,-1,-1
353,13,0.00,334.00,129.00,239.00,1.0,-1,-1,-1
353,6,201.00,299.00,62.00,218.00,1.0,-1,-1,-1
353,12,515.00,346.00,153.00,228.00,1.0,-1,-1,-1
353,21,79.00,305.00,52.00,207.00,1.0,-1,-1,-1
353,25,322.00,330.00,28.00,93.00,1.0,-1,-1,-1
353,14,599.00,336.00,95.00,213.00,1.0,-1,-1,-1
354,13,0.00,333.00,128.00,239.00,1.0,-1,-1,-1
354,6,201.00,299.00,61.00,217.00,1.0,-1,-1,-1
354,12,522.00,349.00,153.00,225.00,1.0,-1,-1,-1
354,21,79.00,305.00,56.00,229.00,1.0,-1,-1,-1
354,25,322.00,329.00,30.00,95.00,1.0,-1,-1,-1
354,14,604.00,344.00,89.00,221.00,1.0,-1,-1,-1
355,13,0.00,332.00,126.00,240.00,1.0,-1,-1,-1
355,6,201.00,299.00,60.00,216.00,1.0,-1,-1,-1
355,12,528.00,350.00,145.00,224.00,1.0,-1,-1,-1
355,21,79.00,305.00,58.00,231.00,1.0,-1,-1,-1
355,25,321.00,328.00,31.00,95.00,1.0,-1,-1,-1
355,14,617.00,343.00,81.00,206.00,1.0,-1,-1,-1
356,13,0.00,331.00,122.00,240.00,1.0,-1,-1,-1
356,12,533.00,352.00,141.00,222.00,1.0,-1,-1,-1
356,6,202.00,299.00,60.00,216.00,1.0,-1,-1,-1
356,21,75.00,305.00,63.00,234.00,1.0,-1,-1,-1
356,25,320.00,327.00,27.00,105.00,1.0,-1,-1,-1
356,14,625.00,342.00,71.00,209.00,1.0,-1,-1,-1
357,13,0.00,328.00,114.00,244.00,1.0,-1,-1,-1
357,6,201.00,298.00,61.00,216.00,1.0,-1,-1,-1
357,12,544.00,355.00,145.00,219.00,1.0,-1,-1,-1
357,21,74.00,304.00,64.00,235.00,1.0,-1,-1,-1
357,14,631.00,352.00,86.00,181.00,1.0,-1,-1,-1
357,25,322.00,325.00,25.00,91.00,1.0,-1,-1,-1
358,13,0.00,327.00,115.00,245.00,1.0,-1,-1,-1
358,6,200.00,298.00,63.00,214.00,1.0,-1,-1,-1
358,21,73.00,304.00,65.00,234.00,1.0,-1,-1,-1
358,14,623.00,356.00,77.00,216.00,1.0,-1,-1,-1
358,12,550.00,355.00,141.00,219.00,1.0,-1,-1,-1
358,25,324.00,327.00,25.00,98.00,1.0,-1,-1,-1
359,14,0.00,325.00,107.00,247.00,1.0,-1,-1,-1
359,12,555.00,355.00,145.00,219.00,1.0,-1,-1,-1
359,6,201.00,298.00,62.00,212.00,1.0,-1,-1,-1
359,21,70.00,303.00,68.00,235.00,1.0,-1,-1,-1
359,25,320.00,324.00,31.00,102.00,1.0,-1,-1,-1
360,12,560.00,354.00,150.00,219.00,1.0,-1,-1,-1
360,14,0.00,325.00,102.00,247.00,1.0,-1,-1,-1
360,21,62.00,301.00,75.00,234.00,1.0,-1,-1,-1
360,6,199.00,298.00,64.00,212.00,1.0,-1,-1,-1
360,25,321.00,326.00,27.00,101.00,1.0,-1,-1,-1
361,13,0.00,324.00,96.00,247.00,1.0,-1,-1,-1
361,21,56.00,302.00,82.00,237.00,1.0,-1,-1,-1
361,6,200.00,297.00,63.00,212.00,1.0,-1,-1,-1
361,12,570.00,350.00,154.00,224.00,1.0,-1,-1,-1
361,25,322.00,323.00,26.00,102.00,1.0,-1,-1,-1
362,13,0.00,323.00,89.00,248.00,1.0,-1,-1,-1
362,12,570.00,344.00,167.00,229.00,1.0,-1,-1,-1
362,6,199.00,297.00,64.00,211.00,1.0,-1,-1,-1
362,21,51.00,302.00,86.00,253.00,1.0,-1,-1,-1
362,25,320.00,317.00,31.00,109.00,1.0,-1,-1,-1
363,13,0.00,323.00,84.00,248.00,1.0,-1,-1,-1
363,6,198.00,297.00,65.00,211.00,1.0,-1,-1,-1
363,12,581.00,341.00,166.00,232.00,1.0,-1,-1,-1
363,21,47.00,301.00,90.00,256.00,1.0,-1,-1,-1
363,25,323.00,320.00,29.00,103.00,1.0,-1,-1,-1
364,6,198.00,297.00,65.00,210.00,1.0,-1,-1,-1
364,21,47.00,301.00,90.00,255.00,1.0,-1,-1,-1
364,13,0.00,329.00,82.00,245.00,1.0,-1,-1,-1
364,14,667.00,344.00,57.00,84.00,1.0,-1,-1,-1
364,12,570.00,317.00,160.00,258.00,1.0,-1,-1,-1
364,25,319.00,323.00,36.00,101.00,1.0,-1,-1,-1
365,21,48.00,301.00,90.00,240.00,1.0,-1,-1,-1
365,6,199.00,297.00,64.00,210.00,1.0,-1,-1,-1
365,13,0.00,382.00,75.00,189.00,1.0,-1,-1,-1
365,12,596.00,314.00,139.00,257.00,1.0,-1,-1,-1
365,14,674.00,320.00,73.00,160.00,1.0,-1,-1,-1
365,25,325.00,321.00,28.00,106.00,1.0,-1,-1,-1
366,12,601.00,325.00,167.00,247.00,1.0,-1,-1,-1
366,21,48.00,300.00,91.00,239.00,1.0,-1,-1,-1
366,6,199.00,296.00,65.00,211.00,1.0,-1,-1,-1
366,13,0.00,344.00,69.00,229.00,1.0,-1,-1,-1
366,25,317.00,322.00,32.00,99.00,1.0,-1,-1,-1
367,21,48.00,301.00,93.00,237.00,1.0,-1,-1,-1
367,12,607.00,326.00,165.00,246.00,1.0,-1,-1,-1
367,6,199.00,294.00,64.00,212.00,1.0,-1,-1,-1
367,13,0.00,415.00,63.00,157.00,1.0,-1,-1,-1
367,25,319.00,317.00,33.00,111.00,1.0,-1,-1,-1
368,21,48.00,301.00,93.00,237.00,1.0,-1,-1,-1
368,12,613.00,325.00,163.00,247.00,1.0,-1,-1,-1
368,6,198.00,293.00,63.00,214.00,1.0,-1,-1,-1
368,13,0.00,336.00,58.00,236.00,1.0,-1,-1,-1
368,25,321.00,318.00,33.00,103.00,1.0,-1,-1,-1
369,21,48.00,300.00,93.00,238.00,1.0,-1,-1,-1
369,12,620.00,323.00,165.00,249.00,1.0,-1,-1,-1
369,6,197.00,292.00,63.00,214.00,1.0,-1,-1,-1
369,13,0.00,446.00,50.00,128.00,1.0,-1,-1,-1
369,25,315.00,316.00,46.00,111.00,1.0,-1,-1,-1
370,21,48.00,300.00,93.00,238.00,1.0,-1,-1,-1
370,12,627.00,331.00,162.00,241.00,1.0,-1,-1,-1
370,6,195.00,292.00,64.00,214.00,1.0,-1,-1,-1
370,25,321.00,321.00,38.00,107.00,1.0,-1,-1,-1
371,21,49.00,300.00,92.00,241.00,1.0,-1,-1,-1
371,12,635.00,340.00,165.00,232.00,1.0,-1,-1,-1
371,6,194.00,292.00,64.00,214.00,1.0,-1,-1,-1
371,25,322.00,323.00,33.00,99.00,1.0,-1,-1,-1
372,12,644.00,337.00,165.00,235.00,1.0,-1,-1,-1
372,21,50.00,300.00,90.00,242.00,1.0,-1,-1,-1
372,6,193.00,291.00,64.00,215.00,1.0,-1,-1,-1
372,25,322.00,319.00,32.00,106.00,1.0,-1,-1,-1
373,12,654.00,339.00,164.00,233.00,1.0,-1,-1,-1
373,21,51.00,300.00,91.00,243.00,1.0,-1,-1,-1
373,6,193.00,292.00,67.00,213.00,1.0,-1,-1,-1
373,25,315.00,319.00,39.00,104.00,1.0,-1,-1,-1
374,12,659.00,345.00,166.00,226.00,1.0,-1,-1,-1
374,21,52.00,300.00,92.00,240.00,1.0,-1,-1,-1
374,6,191.00,292.00,68.00,213.00,1.0,-1,-1,-1
374,25,317.00,321.00,35.00,107.00,1.0,-1,-1,-1
375,12,669.00,350.00,175.00,222.00,1.0,-1,-1,-1
375,6,190.00,291.00,69.00,214.00,1.0,-1,-1,-1
375,21,53.00,301.00,92.00,241.00,1.0,-1,-1,-1
375,25,317.00,321.00,36.00,107.00,1.0,-1,-1,-1
376,12,677.00,356.00,178.00,217.00,1.0,-1,-1,-1
376,21,54.00,302.00,92.00,242.00,1.0,-1,-1,-1
376,6,190.00,292.00,68.00,213.00,1.0,-1,-1,-1
376,25,317.00,321.00,35.00,106.00,1.0,-1,-1,-1
377,12,687.00,366.00,181.00,206.00,1.0,-1,-1,-1
377,21,55.00,302.00,91.00,249.00,1.0,-1,-1,-1
377,6,190.00,292.00,68.00,213.00,1.0,-1,-1,-1
377,25,317.00,321.00,36.00,106.00,1.0,-1,-1,-1
378,21,57.00,303.00,89.00,249.00,1.0,-1,-1,-1
378,12,695.00,368.00,186.00,204.00,1.0,-1,-1,-1
378,6,188.00,292.00,70.00,213.00,1.0,-1,-1,-1
378,25,318.00,321.00,35.00,106.00,1.0,-1,-1,-1
379,12,702.00,360.00,192.00,212.00,1.0,-1,-1,-1
379,21,59.00,306.00,87.00,245.00,1.0,-1,-1,-1
379,6,189.00,290.00,69.00,215.00,1.0,-1,-1,-1
379,25,318.00,321.00,36.00,106.00,1.0,-1,-1,-1
380,12,707.00,353.00,199.00,219.00,1.0,-1,-1,-1
380,21,61.00,309.00,87.00,242.00,1.0,-1,-1,-1
380,6,187.00,289.00,71.00,216.00,1.0,-1,-1,-1
380,25,319.00,322.00,36.00,106.00,1.0,-1,-1,-1
381,12,713.00,350.00,203.00,221.00,1.0,-1,-1,-1
381,21,64.00,310.00,85.00,241.00,1.0,-1,-1,-1
381,6,186.00,289.00,69.00,216.00,1.0,-1,-1,-1
381,25,319.00,322.00,36.00,106.00,1.0,-1,-1,-1
382,12,720.00,342.00,207.00,230.00,1.0,-1,-1,-1
382,21,68.00,310.00,85.00,241.00,1.0,-1,-1,-1
382,6,186.00,289.00,66.00,216.00,1.0,-1,-1,-1
382,25,319.00,321.00,36.00,107.00,1.0,-1,-1,-1
383,12,725.00,337.00,216.00,234.00,1.0,-1,-1,-1
383,21,71.00,309.00,84.00,241.00,1.0,-1,-1,-1
383,6,186.00,289.00,64.00,216.00,1.0,-1,-1,-1
383,25,319.00,320.00,37.00,108.00,1.0,-1,-1,-1
384,21,73.00,308.00,86.00,240.00,1.0,-1,-1,-1
384,12,731.00,332.00,226.00,240.00,1.0,-1,-1,-1
384,6,184.00,290.00,65.00,215.00,1.0,-1,-1,-1
384,25,319.00,319.00,38.00,109.00,1.0,-1,-1,-1
385,21,76.00,307.00,85.00,239.00,1.0,-1,-1,-1
385,12,749.00,329.00,219.00,243.00,1.0,-1,-1,-1
385,6,183.00,290.00,65.00,215.00,1.0,-1,-1,-1
385,25,318.00,320.00,40.00,107.00,1.0,-1,-1,-1
385,14,725.00,343.00,76.00,224.00,1.0,-1,-1,-1
386,21,78.00,307.00,98.00,239.00,1.0,-1,-1,-1
386,12,759.00,322.00,223.00,249.00,1.0,-1,-1,-1
386,6,184.00,289.00,64.00,216.00,1.0,-1,-1,-1
386,25,318.00,319.00,40.00,109.00,1.0,-1,-1,-1
386,14,730.00,343.00,75.00,230.00,1.0,-1,-1,-1
387,21,79.00,306.00,101.00,239.00,1.0,-1,-1,-1
387,12,775.00,318.00,219.00,254.00,1.0,-1,-1,-1
387,6,182.00,289.00,64.00,217.00,1.0,-1,-1,-1
387,14,733.00,343.00,75.00,231.00,1.0,-1,-1,-1
387,25,318.00,319.00,41.00,108.00,1.0,-1,-1,-1
388,12,785.00,323.00,228.00,248.00,1.0,-1,-1,-1
388,21,81.00,306.00,103.00,240.00,1.0,-1,-1,-1
388,14,735.00,348.00,81.00,226.00,1.0,-1,-1,-1
388,6,179.00,288.00,65.00,218.00,1.0,-1,-1,-1
388,25,318.00,317.00,41.00,111.00,1.0,-1,-1,-1
389,12,800.00,325.00,223.00,247.00,1.0,-1,-1,-1
389,21,84.00,307.00,78.00,246.00,1.0,-1,-1,-1
389,6,176.00,288.00,68.00,217.00,1.0,-1,-1,-1
389,14,738.00,350.00,76.00,224.00,1.0,-1,-1,-1
389,25,319.00,316.00,41.00,113.00,1.0,-1,-1,-1
390,12,809.00,330.00,214.00,242.00,1.0,-1,-1,-1
390,21,84.00,307.00,81.00,251.00,1.0,-1,-1,-1
390,6,174.00,288.00,68.00,217.00,1.0,-1,-1,-1
390,14,742.00,358.00,85.00,214.00,1.0,-1,-1,-1
390,25,319.00,314.00,41.00,116.00,1.0,-1,-1,-1
391,12,830.00,336.00,193.00,236.00,1.0,-1,-1,-1
391,21,86.00,307.00,79.00,253.00,1.0,-1,-1,-1
391,6,173.00,288.00,68.00,217.00,1.0,-1,-1,-1
391,14,747.00,360.00,101.00,211.00,1.0,-1,-1,-1
391,25,316.00,308.00,44.00,121.00,1.0,-1,-1,-1
392,12,846.00,344.00,177.00,228.00,1.0,-1,-1,-1
392,21,89.00,307.00,78.00,252.00,1.0,-1,-1,-1
392,6,173.00,288.00,68.00,217.00,1.0,-1,-1,-1
392,14,750.00,354.00,104.00,217.00,1.0,-1,-1,-1
392,25,315.00,308.00,46.00,122.00,1.0,-1,-1,-1
393,12,862.00,345.00,161.00,227.00,1.0,-1,-1,-1
393,21,91.00,308.00,80.00,250.00,1.0,-1,-1,-1
393,14,755.00,354.00,104.00,218.00,1.0,-1,-1,-1
393,6,172.00,287.00,68.00,217.00,1.0,-1,-1,-1
393,25,314.00,307.00,46.00,124.00,1.0,-1,-1,-1
394,12,876.00,350.00,147.00,223.00,1.0,-1,-1,-1
394,14,758.00,330.00,107.00,244.00,1.0,-1,-1,-1
394,21,94.00,305.00,82.00,253.00,1.0,-1,-1,-1
394,6,171.00,287.00,68.00,218.00,1.0,-1,-1,-1
395,12,891.00,350.00,132.00,222.00,1.0,-1,-1,-1
395,14,763.00,329.00,107.00,244.00,1.0,-1,-1,-1
395,21,96.00,307.00,78.00,251.00,1.0,-1,-1,-1
395,6,171.00,287.00,68.00,217.00,1.0,-1,-1,-1
395,25,313.00,306.00,49.00,123.00,1.0,-1,-1,-1
396,12,907.00,351.00,116.00,220.00,1.0,-1,-1,-1
396,14,767.00,328.00,112.00,245.00,1.0,-1,-1,-1
396,21,98.00,308.00,79.00,252.00,1.0,-1,-1,-1
396,6,171.00,286.00,67.00,219.00,1.0,-1,-1,-1
396,25,316.00,316.00,44.00,113.00,1.0,-1,-1,-1
397,12,920.00,343.00,103.00,230.00,1.0,-1,-1,-1
397,21,99.00,310.00,78.00,251.00,1.0,-1,-1,-1
397,14,771.00,328.00,113.00,244.00,1.0,-1,-1,-1
397,6,170.00,286.00,68.00,218.00,1.0,-1,-1,-1
397,25,316.00,316.00,44.00,114.00,1.0,-1,-1,-1
398,14,777.00,330.00,111.00,243.00,1.0,-1,-1,-1
398,12,936.00,347.00,87.00,225.00,1.0,-1,-1,-1
398,21,100.00,312.00,76.00,250.00,1.0,-1,-1,-1
398,6,171.00,286.00,68.00,217.00,1.0,-1,-1,-1
398,25,316.00,317.00,44.00,112.00,1.0,-1,-1,-1
399,12,950.00,336.00,73.00,235.00,1.0,-1,-1,-1
399,14,784.00,333.00,108.00,241.00,1.0,-1,-1,-1
399,21,102.00,313.00,75.00,254.00,1.0,-1,-1,-1
399,6,170.00,287.00,70.00,216.00,1.0,-1,-1,-1
399,25,315.00,319.00,45.00,110.00,1.0,-1,-1,-1
400,14,789.00,334.00,105.00,238.00,1.0,-1,-1,-1
400,21,105.00,312.00,72.00,252.00,1.0,-1,-1,-1
400,12,966.00,330.00,57.00,241.00,1.0,-1,-1,-1
400,6,171.00,287.00,69.00,215.00,1.0,-1,-1,-1
400,25,318.00,321.00,42.00,108.00,1.0,-1,-1,-1
401,14,794.00,339.00,108.00,233.00,1.0,-1,-1,-1
401,21,105.00,312.00,74.00,252.00,1.0,-1,-1,-1
401,6,171.00,287.00,68.00,216.00,1.0,-1,-1,-1
401,25,316.00,315.00,44.00,114.00,1.0,-1,-1,-1
402,14,799.00,342.00,109.00,231.00,1.0,-1,-1,-1
402,21,108.00,312.00,73.00,250.00,1.0,-1,-1,-1
402,6,172.00,287.00,66.00,214.00,1.0,-1,-1,-1
402,25,318.00,313.00,42.00,117.00,1.0,-1,-1,-1
403,14,805.00,344.00,111.00,229.00,1.0,-1,-1,-1
403,21,108.00,313.00,74.00,249.00,1.0,-1,-1,-1
403,6,171.00,286.00,65.00,217.00,1.0,-1,-1,-1
403,25,317.00,313.00,43.00,116.00,1.0,-1,-1,-1
403,27,331.00,314.00,29.00,114.00,1.0,-1,-1,-1
404,14,811.00,346.00,114.00,227.00,1.0,-1,-1,-1
404,21,112.00,312.00,71.00,254.00,1.0,-1,-1,-1
404,6,171.00,286.00,65.00,216.00,1.0,-1,-1,-1
404,25,317.00,313.00,43.00,117.00,1.0,-1,-1,-1
404,27,332.00,317.00,28.00,111.00,1.0,-1,-1,-1
405,14,816.00,348.00,116.00,225.00,1.0,-1,-1,-1
405,21,118.00,312.00,66.00,255.00,1.0,-1,-1,-1
405,6,171.00,286.00,65.00,215.00,1.0,-1,-1,-1
405,25,317.00,315.00,43.00,114.00,1.0,-1,-1,-1
405,27,336.00,317.00,24.00,111.00,1.0,-1,-1,-1
406,14,820.00,345.00,120.00,227.00,1.0,-1,-1,-1
406,21,121.00,312.00,65.00,254.00,1.0,-1,-1,-1
406,6,171.00,285.00,64.00,215.00,1.0,-1,-1,-1
406,25,317.00,315.00,43.00,114.00,1.0,-1,-1,-1
407,14,826.00,338.00,121.00,234.00,1.0,-1,-1,-1
407,21,125.00,312.00,63.00,253.00,1.0,-1,-1,-1
407,6,172.00,286.00,64.00,210.00,1.0,-1,-1,-1
407,25,318.00,317.00,44.00,112.00,1.0,-1,-1,-1
408,14,831.00,335.00,122.00,236.00,1.0,-1,-1,-1
408,21,126.00,311.00,64.00,253.00,1.0,-1,-1,-1
408,6,172.00,286.00,62.00,206.00,1.0,-1,-1,-1
409,14,837.00,333.00,122.00,239.00,1.0,-1,-1,-1
409,21,129.00,310.00,62.00,254.00,1.0,-1,-1,-1
409,6,172.00,285.00,62.00,197.00,1.0,-1,-1,-1
409,25,334.00,321.00,24.00,102.00,1.0,-1,-1,-1
410,14,842.00,331.00,125.00,242.00,1.0,-1,-1,-1
410,21,131.00,310.00,62.00,253.00,1.0,-1,-1,-1
410,6,174.00,285.00,60.00,180.00,1.0,-1,-1,-1
410,25,334.00,322.00,33.00,110.00,1.0,-1,-1,-1
411,14,851.00,332.00,125.00,241.00,1.0,-1,-1,-1
411,21,132.00,310.00,73.00,256.00,1.0,-1,-1,-1
411,6,177.00,286.00,58.00,191.00,1.0,-1,-1,-1
411,25,334.00,319.00,22.00,116.00,1.0,-1,-1,-1
412,21,133.00,309.00,66.00,255.00,1.0,-1,-1,-1
412,14,857.00,323.00,126.00,250.00,1.0,-1,-1,-1
412,6,180.00,286.00,55.00,194.00,1.0,-1,-1,-1
412,25,327.00,315.00,40.00,117.00,1.0,-1,-1,-1
413,14,859.00,333.00,131.00,240.00,1.0,-1,-1,-1
413,21,133.00,307.00,97.00,257.00,1.0,-1,-1,-1
413,25,325.00,313.00,43.00,119.00,1.0,-1,-1,-1
413,6,183.00,286.00,52.00,185.00,1.0,-1,-1,-1
414,14,863.00,333.00,135.00,240.00,1.0,-1,-1,-1
414,21,133.00,305.00,100.00,258.00,1.0,-1,-1,-1
414,25,326.00,315.00,42.00,116.00,1.0,-1,-1,-1
414,6,185.00,286.00,50.00,179.00,1.0,-1,-1,-1
415,14,871.00,332.00,134.00,241.00,1.0,-1,-1,-1
415,21,136.00,310.00,95.00,254.00,1.0,-1,-1,-1
415,25,328.00,315.00,41.00,118.00,1.0,-1,-1,-1
415,6,187.00,286.00,48.00,173.00,1.0,-1,-1,-1
416,14,878.00,339.00,134.00,235.00,1.0,-1,-1,-1
416,21,139.00,309.00,109.00,254.00,1.0,-1,-1,-1
416,25,329.00,314.00,40.00,118.00,1.0,-1,-1,-1
416,6,188.00,285.00,48.00,174.00,1.0,-1,-1,-1
416,29,309.00,315.00,30.00,118.00,1.0,-1,-1,-1
417,21,140.00,307.00,109.00,255.00,1.0,-1,-1,-1
417,14,883.00,305.00,139.00,269.00,1.0,-1,-1,-1
417,25,330.00,315.00,39.00,119.00,1.0,-1,-1,-1
417,6,189.00,285.00,47.00,176.00,1.0,-1,-1,-1
417,29,309.00,315.00,31.00,118.00,1.0,-1,-1,-1
418,14,891.00,316.00,132.00,258.00,1.0,-1,-1,-1
418,21,141.00,306.00,111.00,256.00,1.0,-1,-1,-1
418,25,330.00,313.00,40.00,121.00,1.0,-1,-1,-1
418,6,196.00,286.00,41.00,175.00,1.0,-1,-1,-1
418,29,309.00,314.00,29.00,119.00,1.0,-1,-1,-1
419,21,143.00,305.00,108.00,256.00,1.0,-1,-1,-1
419,25,330.00,315.00,40.00,120.00,1.0,-1,-1,-1
419,6,199.00,286.00,41.00,175.00,1.0,-1,-1,-1
419,29,309.00,314.00,29.00,118.00,1.0,-1,-1,-1
419,14,889.00,338.00,134.00,236.00,1.0,-1,-1,-1
420,21,143.00,305.00,110.00,256.00,1.0,-1,-1,-1
420,14,904.00,348.00,119.00,226.00,1.0,-1,-1,-1
420,25,328.00,317.00,42.00,119.00,1.0,-1,-1,-1
420,29,309.00,314.00,29.00,118.00,1.0,-1,-1,-1
420,6,203.00,286.00,39.00,174.00,1.0,-1,-1,-1
421,21,143.00,308.00,107.00,254.00,1.0,-1,-1,-1
421,25,337.00,319.00,33.00,111.00,1.0,-1,-1,-1
421,14,897.00,336.00,133.00,259.00,1.0,-1,-1,-1
421,29,311.00,313.00,26.00,115.00,1.0,-1,-1,-1
422,21,142.00,296.00,108.00,268.00,1.0,-1,-1,-1
422,14,919.00,343.00,104.00,229.00,1.0,-1,-1,-1
422,29,309.00,314.00,30.00,122.00,1.0,-1,-1,-1
422,30,338.00,319.00,32.00,111.00,1.0,-1,-1,-1
422,25,326.00,318.00,43.00,118.00,1.0,-1,-1,-1
423,21,142.00,291.00,108.00,273.00,1.0,-1,-1,-1
423,29,308.00,312.00,33.00,121.00,1.0,-1,-1,-1
423,25,335.00,318.00,35.00,118.00,1.0,-1,-1,-1
423,14,929.00,339.00,94.00,231.00,1.0,-1,-1,-1
424,21,143.00,290.00,106.00,274.00,1.0,-1,-1,-1
424,29,308.00,314.00,32.00,119.00,1.0,-1,-1,-1
424,14,937.00,311.00,86.00,253.00,1.0,-1,-1,-1
424,25,332.00,318.00,37.00,118.00,1.0,-1,-1,-1
425,21,145.00,295.00,104.00,269.00,1.0,-1,-1,-1
425,14,943.00,330.00,80.00,242.00,1.0,-1,-1,-1
425,29,308.00,314.00,33.00,119.00,1.0,-1,-1,-1
425,25,335.00,318.00,34.00,117.00,1.0,-1,-1,-1
426,21,148.00,300.00,101.00,264.00,1.0,-1,-1,-1
426,14,954.00,325.00,69.00,242.00,1.0,-1,-1,-1
426,29,308.00,314.00,33.00,119.00,1.0,-1,-1,-1
426,30,330.00,318.00,39.00,118.00,1.0,-1,-1,-1
427,21,151.00,300.00,98.00,265.00,1.0,-1,-1,-1
427,25,330.00,318.00,39.00,119.00,1.0,-1,-1,-1
427,29,310.00,313.00,30.00,119.00,1.0,-1,-1,-1
427,14,946.00,324.00,79.00,246.00,1.0,-1,-1,-1
428,21,154.00,307.00,95.00,257.00,1.0,-1,-1,-1
428,25,334.00,316.00,37.00,120.00,1.0,-1,-1,-1
428,29,308.00,312.00,32.00,122.00,1.0,-1,-1,-1
428,14,959.00,325.00,79.00,256.00,1.0,-1,-1,-1
429,21,159.00,306.00,92.00,256.00,1.0,-1,-1,-1
429,25,334.00,317.00,39.00,119.00,1.0,-1,-1,-1
429,29,308.00,313.00,32.00,122.00,1.0,-1,-1,-1
430,21,161.00,309.00,92.00,252.00,1.0,-1,-1,-1
430,29,308.00,313.00,30.00,123.00,1.0,-1,-1,-1
430,25,336.00,318.00,37.00,118.00,1.0,-1,-1,-1
431,21,164.00,307.00,93.00,257.00,1.0,-1,-1,-1
431,29,309.00,315.00,30.00,122.00,1.0,-1,-1,-1
431,25,333.00,319.00,40.00,117.00,1.0,-1,-1,-1
432,21,167.00,307.00,95.00,258.00,1.0,-1,-1,-1
432,29,308.00,315.00,31.00,122.00,1.0,-1,-1,-1
432,25,337.00,317.00,40.00,120.00,1.0,-1,-1,-1
432,6,156.00,285.00,51.00,209.00,1.0,-1,-1,-1
433,21,170.00,305.00,94.00,260.00,1.0,-1,-1,-1
433,29,308.00,316.00,32.00,121.00,1.0,-1,-1,-1
433,6,152.00,284.00,58.00,210.00,1.0,-1,-1,-1
433,25,337.00,318.00,40.00,118.00,1.0,-1,-1,-1
434,21,174.00,303.00,89.00,266.00,1.0,-1,-1,-1
434,6,150.00,284.00,61.00,211.00,1.0,-1,-1,-1
434,29,309.00,316.00,32.00,121.00,1.0,-1,-1,-1
434,25,336.00,318.00,43.00,121.00,1.0,-1,-1,-1
435,21,174.00,303.00,92.00,268.00,1.0,-1,-1,-1
435,6,150.00,283.00,61.00,213.00,1.0,-1,-1,-1
435,29,309.00,314.00,33.00,124.00,1.0,-1,-1,-1
435,25,336.00,321.00,44.00,117.00,1.0,-1,-1,-1
436,21,182.00,306.00,82.00,267.00,1.0,-1,-1,-1
436,29,309.00,314.00,33.00,124.00,1.0,-1,-1,-1
436,6,149.00,284.00,62.00,214.00,1.0,-1,-1,-1
436,25,336.00,319.00,44.00,121.00,1.0,-1,-1,-1
437,21,186.00,308.00,79.00,264.00,1.0,-1,-1,-1
437,6,150.00,284.00,61.00,215.00,1.0,-1,-1,-1
437,29,308.00,316.00,33.00,122.00,1.0,-1,-1,-1
437,25,334.00,321.00,47.00,119.00,1.0,-1,-1,-1
438,21,186.00,309.00,93.00,264.00,1.0,-1,-1,-1
438,6,149.00,283.00,62.00,217.00,1.0,-1,-1,-1
438,29,308.00,315.00,34.00,123.00,1.0,-1,-1,-1
438,25,334.00,318.00,47.00,122.00,1.0,-1,-1,-1
439,21,186.00,309.00,90.00,264.00,1.0,-1,-1,-1
439,6,149.00,283.00,63.00,217.00,1.0,-1,-1,-1
439,29,308.00,314.00,34.00,125.00,1.0,-1,-1,-1
439,25,334.00,318.00,48.00,122.00,1.0,-1,-1,-1
440,21,186.00,309.00,96.00,263.00,1.0,-1,-1,-1
440,6,149.00,284.00,64.00,217.00,1.0,-1,-1,-1
440,29,308.00,313.00,35.00,127.00,1.0,-1,-1,-1
440,25,336.00,318.00,46.00,122.00,1.0,-1,-1,-1
441,21,185.00,310.00,99.00,262.00,1.0,-1,-1,-1
441,6,149.00,284.00,63.00,216.00,1.0,-1,-1,-1
441,25,338.00,319.00,45.00,121.00,1.0,-1,-1,-1
441,29,308.00,316.00,33.00,122.00,1.0,-1,-1,-1
442,21,182.00,310.00,88.00,264.00,1.0,-1,-1,-1
442,6,149.00,284.00,63.00,215.00,1.0,-1,-1,-1
442,25,341.00,319.00,43.00,121.00,1.0,-1,-1,-1
442,29,309.00,313.00,34.00,128.00,1.0,-1,-1,-1
443,21,178.00,311.00,90.00,259.00,1.0,-1,-1,-1
443,6,149.00,284.00,63.00,215.00,1.0,-1,-1,-1
443,25,340.00,319.00,45.00,122.00,1.0,-1,-1,-1
443,29,308.00,316.00,33.00,124.00,1.0,-1,-1,-1
444,21,180.00,311.00,90.00,258.00,1.0,-1,-1,-1
444,6,149.00,284.00,64.00,215.00,1.0,-1,-1,-1
444,25,341.00,318.00,44.00,122.00,1.0,-1,-1,-1
444,29,308.00,316.00,30.00,124.00,1.0,-1,-1,-1
445,21,180.00,310.00,90.00,259.00,1.0,-1,-1,-1
445,25,345.00,318.00,40.00,122.00,1.0,-1,-1,-1
445,6,149.00,284.00,63.00,215.00,1.0,-1,-1,-1
445,29,308.00,317.00,31.00,125.00,1.0,-1,-1,-1
446,21,167.00,310.00,106.00,260.00,1.0,-1,-1,-1
446,25,345.00,318.00,41.00,122.00,1.0,-1,-1,-1
446,6,148.00,285.00,63.00,214.00,1.0,-1,-1,-1
446,29,308.00,316.00,33.00,125.00,1.0,-1,-1,-1
447,21,169.00,309.00,107.00,262.00,1.0,-1,-1,-1
447,25,345.00,318.00,42.00,123.00,1.0,-1,-1,-1
447,6,147.00,284.00,65.00,215.00,1.0,-1,-1,-1
447,29,308.00,319.00,34.00,123.00,1.0,-1,-1,-1
448,21,165.00,308.00,111.00,263.00,1.0,-1,-1,-1
448,25,346.00,322.00,42.00,122.00,1.0,-1,-1,-1
448,6,147.00,284.00,65.00,215.00,1.0,-1,-1,-1
448,29,308.00,319.00,40.00,123.00,1.0,-1,-1,-1
449,21,167.00,307.00,110.00,265.00,1.0,-1,-1,-1
449,25,346.00,320.00,43.00,126.00,1.0,-1,-1,-1
449,6,147.00,284.00,65.00,215.00,1.0,-1,-1,-1
449,29,309.00,318.00,40.00,124.00,1.0,-1,-1,-1
450,21,169.00,305.00,109.00,266.00,1.0,-1,-1,-1
450,25,348.00,320.00,42.00,126.00,1.0,-1,-1,-1
450,6,146.00,284.00,65.00,216.00,1.0,-1,-1,-1
450,29,309.00,316.00,40.00,125.00,1.0,-1,-1,-1
451,21,172.00,303.00,108.00,267.00,1.0,-1,-1,-1
451,25,348.00,320.00,43.00,127.00,1.0,-1,-1,-1
451,16,146.00,283.00,65.00,217.00,1.0,-1,-1,-1
451,29,310.00,316.00,41.00,126.00,1.0,-1,-1,-1
452,21,178.00,303.00,103.00,267.00,1.0,-1,-1,-1
452,25,349.00,320.00,44.00,128.00,1.0,-1,-1,-1
452,16,147.00,284.00,64.00,216.00,1.0,-1,-1,-1
452,29,315.00,314.00,38.00,131.00,1.0,-1,-1,-1
453,21,176.00,302.00,106.00,268.00,1.0,-1,-1,-1
453,25,352.00,319.00,41.00,128.00,1.0,-1,-1,-1
453,6,146.00,283.00,66.00,217.00,1.0,-1,-1,-1
453,29,309.00,315.00,45.00,129.00,1.0,-1,-1,-1
454,21,178.00,302.00,105.00,271.00,1.0,-1,-1,-1
454,25,354.00,319.00,40.00,128.00,1.0,-1,-1,-1
454,29,312.00,314.00,42.00,132.00,1.0,-1,-1,-1
454,6,147.00,283.00,66.00,217.00,1.0,-1,-1,-1
455,21,176.00,303.00,109.00,271.00,1.0,-1,-1,-1
455,29,313.00,315.00,41.00,131.00,1.0,-1,-1,-1
455,25,352.00,317.00,42.00,129.00,1.0,-1,-1,-1
455,6,147.00,284.00,66.00,216.00,1.0,-1,-1,-1
456,21,171.00,302.00,115.00,272.00,1.0,-1,-1,-1
456,6,149.00,283.00,65.00,216.00,1.0,-1,-1,-1
456,29,313.00,315.00,40.00,132.00,1.0,-1,-1,-1
456,25,354.00,317.00,40.00,130.00,1.0,-1,-1,-1
457,21,173.00,303.00,114.00,271.00,1.0,-1,-1,-1
457,29,312.00,313.00,41.00,135.00,1.0,-1,-1,-1
457,6,149.00,283.00,66.00,217.00,1.0,-1,-1,-1
457,25,356.00,317.00,39.00,130.00,1.0,-1,-1,-1
458,21,174.00,304.00,114.00,270.00,1.0,-1,-1,-1
458,29,312.00,316.00,40.00,132.00,1.0,-1,-1,-1
458,25,351.00,316.00,44.00,131.00,1.0,-1,-1,-1
458,6,150.00,283.00,66.00,216.00,1.0,-1,-1,-1
459,21,173.00,304.00,115.00,270.00,1.0,-1,-1,-1
459,29,309.00,316.00,44.00,131.00,1.0,-1,-1,-1
459,25,352.00,316.00,44.00,131.00,1.0,-1,-1,-1
459,6,149.00,284.00,69.00,215.00,1.0,-1,-1,-1
460,21,177.00,306.00,112.00,268.00,1.0,-1,-1,-1
460,6,150.00,284.00,68.00,215.00,1.0,-1,-1,-1
460,29,309.00,316.00,45.00,134.00,1.0,-1,-1,-1
460,25,355.00,317.00,42.00,130.00,1.0,-1,-1,-1
461,21,182.00,305.00,108.00,269.00,1.0,-1,-1,-1
461,6,150.00,284.00,69.00,215.00,1.0,-1,-1,-1
461,25,360.00,317.00,39.00,132.00,1.0,-1,-1,-1
461,29,313.00,315.00,44.00,136.00,1.0,-1,-1,-1
462,21,184.00,306.00,106.00,267.00,1.0,-1,-1,-1
462,6,149.00,285.00,70.00,214.00,1.0,-1,-1,-1
462,29,313.00,315.00,43.00,137.00,1.0,-1,-1,-1
462,25,360.00,316.00,43.00,136.00,1.0,-1,-1,-1
463,21,186.00,307.00,104.00,266.00,1.0,-1,-1,-1
463,6,147.00,285.00,75.00,214.00,1.0,-1,-1,-1
463,29,313.00,314.00,44.00,138.00,1.0,-1,-1,-1
463,25,360.00,317.00,45.00,135.00,1.0,-1,-1,-1
464,21,189.00,306.00,102.00,267.00,1.0,-1,-1,-1
464,6,147.00,285.00,77.00,214.00,1.0,-1,-1,-1
464,29,314.00,314.00,43.00,138.00,1.0,-1,-1,-1
464,25,361.00,318.00,46.00,136.00,1.0,-1,-1,-1
465,21,189.00,307.00,102.00,266.00,1.0,-1,-1,-1
465,29,314.00,313.00,44.00,139.00,1.0,-1,-1,-1
465,6,147.00,285.00,77.00,213.00,1.0,-1,-1,-1
465,25,362.00,318.00,46.00,136.00,1.0,-1,-1,-1
466,21,180.00,307.00,114.00,266.00,1.0,-1,-1,-1
466,29,313.00,313.00,47.00,139.00,1.0,-1,-1,-1
466,6,147.00,285.00,78.00,213.00,1.0,-1,-1,-1
466,25,362.00,317.00,47.00,137.00,1.0,-1,-1,-1
467,21,185.00,305.00,110.00,267.00,1.0,-1,-1,-1
467,29,315.00,312.00,45.00,140.00,1.0,-1,-1,-1
467,6,148.00,285.00,77.00,212.00,1.0,-1,-1,-1
467,25,362.00,318.00,49.00,136.00,1.0,-1,-1,-1
468,21,189.00,303.00,108.00,268.00,1.0,-1,-1,-1
468,29,315.00,312.00,46.00,139.00,1.0,-1,-1,-1
468,6,150.00,285.00,76.00,212.00,1.0,-1,-1,-1
468,25,362.00,316.00,50.00,138.00,1.0,-1,-1,-1
