1,1,973.00,312.00,56.00,115.00,1.00,-1,-1,-1
1,2,964.00,212.00,46.00,109.00,1.00,-1,-1,-1
1,3,443.00,431.00,53.00,136.00,1.00,-1,-1,-1
1,4,1195.00,96.00,38.00,86.00,1.00,-1,-1,-1
1,5,499.00,300.00,50.00,115.00,1.00,-1,-1,-1
1,6,172.00,290.00,45.00,117.00,1.00,-1,-1,-1
1,7,759.00,633.00,70.00,87.00,1.00,-1,-1,-1
1,8,800.00,84.00,36.00,94.00,1.00,-1,-1,-1
1,9,471.00,159.00,38.00,98.00,1.00,-1,-1,-1
1,10,132.00,29.00,44.00,77.00,1.00,-1,-1,-1
1,11,726.00,30.00,29.00,68.00,1.00,-1,-1,-1
1,12,594.00,62.00,27.00,78.00,1.00,-1,-1,-1
1,13,1074.00,10.00,29.00,75.00,1.00,-1,-1,-1
1,14,378.00,174.00,42.00,96.00,1.00,-1,-1,-1
1,15,1116.00,7.00,35.00,85.00,1.00,-1,-1,-1
1,16,569.00,47.00,27.00,83.00,1.00,-1,-1,-1
1,17,532.00,50.00,31.00,85.00,1.00,-1,-1,-1
1,18,1128.00,51.00,60.00,139.00,1.00,-1,-1,-1
1,19,775.00,99.00,33.00,87.00,1.00,-1,-1,-1
1,20,945.00,468.00,72.00,123.00,1.00,-1,-1,-1
1,21,617.00,116.00,36.00,88.00,1.00,-1,-1,-1
1,22,59.00,85.00,37.00,83.00,1.00,-1,-1,-1
2,1,976.00,319.00,55.00,112.00,1.00,-1,-1,-1
2,2,967.00,214.00,45.00,108.00,1.00,-1,-1,-1
2,3,446.00,426.00,51.00,136.00,1.00,-1,-1,-1
2,5,503.00,296.00,47.00,106.00,1.00,-1,-1,-1
2,10,136.00,27.00,41.00,76.00,1.00,-1,-1,-1
2,8,800.00,80.00,36.00,93.00,1.00,-1,-1,-1
2,4,1196.00,98.00,37.00,85.00,1.00,-1,-1,-1
2,7,759.00,628.00,70.00,92.00,1.00,-1,-1,-1
2,6,170.00,294.00,47.00,112.00,1.00,-1,-1,-1
2,9,472.00,156.00,37.00,94.00,1.00,-1,-1,-1
2,11,727.00,31.00,29.00,69.00,1.00,-1,-1,-1
2,21,617.00,118.00,37.00,92.00,1.00,-1,-1,-1
2,17,533.00,49.00,28.00,84.00,1.00,-1,-1,-1
2,19,776.00,99.00,33.00,84.00,1.00,-1,-1,-1
2,13,1075.00,10.00,28.00,75.00,1.00,-1,-1,-1
2,16,569.00,46.00,27.00,84.00,1.00,-1,-1,-1
2,12,595.00,56.00,28.00,80.00,1.00,-1,-1,-1
2,23,231.00,0.00,41.00,90.00,1.00,-1,-1,-1
2,14,378.00,177.00,41.00,98.00,1.00,-1,-1,-1
2,24,23.00,531.00,69.00,129.00,1.00,-1,-1,-1
3,1,978.00,319.00,54.00,112.00,1.00,-1,-1,-1
3,3,447.00,422.00,50.00,126.00,1.00,-1,-1,-1
3,2,968.00,215.00,46.00,109.00,1.00,-1,-1,-1
3,22,138.00,26.00,39.00,76.00,1.00,-1,-1,-1
3,5,503.00,294.00,47.00,104.00,1.00,-1,-1,-1
3,8,800.00,79.00,37.00,92.00,1.00,-1,-1,-1
3,6,169.00,294.00,48.00,112.00,1.00,-1,-1,-1
3,7,758.00,624.00,71.00,96.00,1.00,-1,-1,-1
3,4,1196.00,100.00,38.00,84.00,1.00,-1,-1,-1
3,11,727.00,32.00,29.00,70.00,1.00,-1,-1,-1
3,9,473.00,152.00,37.00,95.00,1.00,-1,-1,-1
3,21,617.00,120.00,37.00,90.00,1.00,-1,-1,-1
3,17,533.00,49.00,28.00,84.00,1.00,-1,-1,-1
3,18,1125.00,108.00,45.00,90.00,1.00,-1,-1,-1
3,16,567.00,44.00,29.00,86.00,1.00,-1,-1,-1
3,19,777.00,98.00,33.00,85.00,1.00,-1,-1,-1
3,12,595.00,56.00,29.00,80.00,1.00,-1,-1,-1
3,15,1076.00,10.00,27.00,75.00,1.00,-1,-1,-1
3,23,232.00,1.00,40.00,88.00,1.00,-1,-1,-1
4,1,979.00,320.00,53.00,111.00,1.00,-1,-1,-1
4,2,968.00,215.00,48.00,109.00,1.00,-1,-1,-1
4,3,448.00,420.00,49.00,124.00,1.00,-1,-1,-1
4,7,758.00,620.00,71.00,100.00,1.00,-1,-1,-1
4,22,141.00,23.00,36.00,78.00,1.00,-1,-1,-1
4,4,1196.00,102.00,39.00,83.00,1.00,-1,-1,-1
4,5,502.00,292.00,48.00,107.00,1.00,-1,-1,-1
4,8,801.00,78.00,36.00,92.00,1.00,-1,-1,-1
4,6,169.00,295.00,48.00,110.00,1.00,-1,-1,-1
4,9,473.00,151.00,37.00,95.00,1.00,-1,-1,-1
4,11,726.00,32.00,30.00,70.00,1.00,-1,-1,-1
4,17,533.00,48.00,28.00,84.00,1.00,-1,-1,-1
4,21,617.00,120.00,37.00,91.00,1.00,-1,-1,-1
4,18,1124.00,111.00,47.00,87.00,1.00,-1,-1,-1
4,19,778.00,97.00,31.00,85.00,1.00,-1,-1,-1
4,12,594.00,57.00,31.00,80.00,1.00,-1,-1,-1
4,20,936.00,469.00,74.00,122.00,1.00,-1,-1,-1
4,16,568.00,45.00,27.00,84.00,1.00,-1,-1,-1
4,23,233.00,0.00,42.00,89.00,1.00,-1,-1,-1
4,25,62.00,86.00,35.00,81.00,1.00,-1,-1,-1
4,13,1077.00,10.00,27.00,74.00,1.00,-1,-1,-1
5,2,970.00,217.00,47.00,107.00,1.00,-1,-1,-1
5,1,980.00,321.00,52.00,110.00,1.00,-1,-1,-1
5,3,448.00,416.00,49.00,120.00,1.00,-1,-1,-1
5,5,503.00,289.00,46.00,104.00,1.00,-1,-1,-1
5,8,801.00,78.00,36.00,90.00,1.00,-1,-1,-1
5,6,168.00,295.00,49.00,110.00,1.00,-1,-1,-1
5,4,1196.00,103.00,40.00,85.00,1.00,-1,-1,-1
5,9,473.00,149.00,37.00,98.00,1.00,-1,-1,-1
5,22,142.00,23.00,35.00,77.00,1.00,-1,-1,-1
5,20,932.00,469.00,76.00,121.00,1.00,-1,-1,-1
5,17,533.00,48.00,28.00,84.00,1.00,-1,-1,-1
5,11,727.00,33.00,29.00,70.00,1.00,-1,-1,-1
5,21,617.00,120.00,36.00,91.00,1.00,-1,-1,-1
5,19,779.00,97.00,30.00,84.00,1.00,-1,-1,-1
5,18,1125.00,111.00,47.00,89.00,1.00,-1,-1,-1
5,26,655.00,70.00,40.00,94.00,1.00,-1,-1,-1
5,7,759.00,617.00,69.00,102.00,1.00,-1,-1,-1
5,16,568.00,45.00,27.00,84.00,1.00,-1,-1,-1
5,12,595.00,60.00,30.00,75.00,1.00,-1,-1,-1
6,2,970.00,218.00,47.00,105.00,1.00,-1,-1,-1
6,7,760.00,613.00,68.00,107.00,1.00,-1,-1,-1
6,3,448.00,413.00,49.00,119.00,1.00,-1,-1,-1
6,5,502.00,286.00,46.00,104.00,1.00,-1,-1,-1
6,8,801.00,78.00,35.00,89.00,1.00,-1,-1,-1
6,1,980.00,323.00,52.00,109.00,1.00,-1,-1,-1
6,25,143.00,22.00,35.00,76.00,1.00,-1,-1,-1
6,9,473.00,149.00,38.00,97.00,1.00,-1,-1,-1
6,6,167.00,297.00,50.00,108.00,1.00,-1,-1,-1
6,20,931.00,469.00,76.00,121.00,1.00,-1,-1,-1
6,17,533.00,48.00,28.00,83.00,1.00,-1,-1,-1
6,4,1196.00,103.00,40.00,87.00,1.00,-1,-1,-1
6,11,727.00,33.00,29.00,71.00,1.00,-1,-1,-1
6,19,780.00,96.00,28.00,85.00,1.00,-1,-1,-1
6,16,568.00,44.00,27.00,84.00,1.00,-1,-1,-1
6,18,1124.00,112.00,51.00,90.00,1.00,-1,-1,-1
6,21,617.00,121.00,37.00,91.00,1.00,-1,-1,-1
6,13,1079.00,11.00,26.00,73.00,1.00,-1,-1,-1
6,26,655.00,71.00,40.00,95.00,1.00,-1,-1,-1
7,2,972.00,221.00,46.00,105.00,1.00,-1,-1,-1
7,7,760.00,608.00,69.00,112.00,1.00,-1,-1,-1
7,3,449.00,409.00,48.00,121.00,1.00,-1,-1,-1
7,5,503.00,284.00,44.00,104.00,1.00,-1,-1,-1
7,8,801.00,77.00,35.00,90.00,1.00,-1,-1,-1
7,6,167.00,301.00,50.00,110.00,1.00,-1,-1,-1
7,1,979.00,325.00,52.00,106.00,1.00,-1,-1,-1
7,20,931.00,472.00,74.00,120.00,1.00,-1,-1,-1
7,19,779.00,94.00,28.00,86.00,1.00,-1,-1,-1
7,17,533.00,48.00,28.00,83.00,1.00,-1,-1,-1
7,9,473.00,147.00,39.00,99.00,1.00,-1,-1,-1
7,27,1233.00,441.00,46.00,131.00,1.00,-1,-1,-1
7,4,1195.00,103.00,44.00,90.00,1.00,-1,-1,-1
7,11,727.00,34.00,30.00,72.00,1.00,-1,-1,-1
7,21,617.00,122.00,37.00,92.00,1.00,-1,-1,-1
7,28,1117.00,7.00,39.00,87.00,1.00,-1,-1,-1
7,13,1080.00,11.00,25.00,73.00,1.00,-1,-1,-1
7,29,59.00,86.00,37.00,81.00,1.00,-1,-1,-1
7,16,568.00,44.00,26.00,84.00,1.00,-1,-1,-1
7,25,144.00,21.00,36.00,77.00,1.00,-1,-1,-1
8,2,972.00,224.00,47.00,104.00,1.00,-1,-1,-1
8,3,450.00,404.00,47.00,125.00,1.00,-1,-1,-1
8,27,1235.00,438.00,44.00,122.00,1.00,-1,-1,-1
8,6,164.00,305.00,53.00,115.00,1.00,-1,-1,-1
8,9,473.00,144.00,38.00,101.00,1.00,-1,-1,-1
8,1,983.00,326.00,51.00,105.00,1.00,-1,-1,-1
8,20,929.00,472.00,72.00,120.00,1.00,-1,-1,-1
8,8,800.00,75.00,35.00,95.00,1.00,-1,-1,-1
8,4,1195.00,103.00,46.00,90.00,1.00,-1,-1,-1
8,5,505.00,282.00,38.00,103.00,1.00,-1,-1,-1
8,30,1118.00,7.00,39.00,88.00,1.00,-1,-1,-1
8,25,148.00,20.00,38.00,77.00,1.00,-1,-1,-1
8,11,727.00,35.00,30.00,70.00,1.00,-1,-1,-1
8,28,1128.00,58.00,62.00,146.00,1.00,-1,-1,-1
8,21,616.00,124.00,38.00,89.00,1.00,-1,-1,-1
8,19,780.00,92.00,29.00,84.00,1.00,-1,-1,-1
8,29,60.00,84.00,36.00,82.00,1.00,-1,-1,-1
8,7,759.00,600.00,68.00,120.00,1.00,-1,-1,-1
8,13,1079.00,11.00,27.00,73.00,1.00,-1,-1,-1
8,31,925.00,0.00,37.00,121.00,1.00,-1,-1,-1
8,16,568.00,42.00,26.00,86.00,1.00,-1,-1,-1
8,32,481.00,0.00,31.00,61.00,1.00,-1,-1,-1
9,3,450.00,402.00,47.00,128.00,1.00,-1,-1,-1
9,2,973.00,226.00,48.00,108.00,1.00,-1,-1,-1
9,6,164.00,308.00,53.00,115.00,1.00,-1,-1,-1
9,27,1232.00,433.00,47.00,129.00,1.00,-1,-1,-1
9,9,473.00,144.00,38.00,101.00,1.00,-1,-1,-1
9,4,1195.00,104.00,47.00,89.00,1.00,-1,-1,-1
9,20,929.00,472.00,70.00,120.00,1.00,-1,-1,-1
9,1,982.00,328.00,53.00,111.00,1.00,-1,-1,-1
9,5,505.00,280.00,38.00,105.00,1.00,-1,-1,-1
9,25,151.00,20.00,39.00,77.00,1.00,-1,-1,-1
9,30,1118.00,7.00,38.00,91.00,1.00,-1,-1,-1
9,21,616.00,125.00,38.00,89.00,1.00,-1,-1,-1
9,8,802.00,75.00,33.00,94.00,1.00,-1,-1,-1
9,15,1079.00,11.00,28.00,73.00,1.00,-1,-1,-1
9,11,728.00,35.00,30.00,71.00,1.00,-1,-1,-1
9,17,533.00,48.00,27.00,81.00,1.00,-1,-1,-1
9,29,60.00,84.00,36.00,82.00,1.00,-1,-1,-1
9,16,568.00,41.00,25.00,87.00,1.00,-1,-1,-1
9,32,481.00,0.00,31.00,62.00,1.00,-1,-1,-1
9,12,600.00,55.00,29.00,78.00,1.00,-1,-1,-1
10,3,450.00,400.00,49.00,130.00,1.00,-1,-1,-1
10,2,975.00,229.00,47.00,109.00,1.00,-1,-1,-1
10,6,163.00,310.00,54.00,117.00,1.00,-1,-1,-1
10,7,758.00,592.00,67.00,125.00,1.00,-1,-1,-1
10,9,473.00,143.00,38.00,101.00,1.00,-1,-1,-1
10,27,1232.00,431.00,47.00,130.00,1.00,-1,-1,-1
10,5,504.00,279.00,39.00,105.00,1.00,-1,-1,-1
10,1,982.00,330.00,56.00,115.00,1.00,-1,-1,-1
10,4,1195.00,104.00,47.00,89.00,1.00,-1,-1,-1
10,20,927.00,472.00,70.00,118.00,1.00,-1,-1,-1
10,14,380.00,184.00,41.00,95.00,1.00,-1,-1,-1
10,21,616.00,126.00,37.00,89.00,1.00,-1,-1,-1
10,15,1079.00,11.00,28.00,73.00,1.00,-1,-1,-1
10,30,1118.00,8.00,38.00,91.00,1.00,-1,-1,-1
10,19,781.00,91.00,31.00,80.00,1.00,-1,-1,-1
10,17,533.00,48.00,26.00,81.00,1.00,-1,-1,-1
10,11,727.00,35.00,31.00,70.00,1.00,-1,-1,-1
10,23,245.00,2.00,38.00,82.00,1.00,-1,-1,-1
10,32,481.00,0.00,30.00,61.00,1.00,-1,-1,-1
10,28,1129.00,60.00,62.00,143.00,1.00,-1,-1,-1
10,25,152.00,19.00,41.00,78.00,1.00,-1,-1,-1
10,8,803.00,74.00,32.00,93.00,1.00,-1,-1,-1
10,26,657.00,75.00,38.00,95.00,1.00,-1,-1,-1
10,16,568.00,40.00,25.00,89.00,1.00,-1,-1,-1
10,29,60.00,84.00,36.00,81.00,1.00,-1,-1,-1
11,3,450.00,399.00,50.00,131.00,1.00,-1,-1,-1
11,7,756.00,590.00,67.00,125.00,1.00,-1,-1,-1
11,2,974.00,230.00,48.00,110.00,1.00,-1,-1,-1
11,6,162.00,310.00,55.00,119.00,1.00,-1,-1,-1
11,20,927.00,472.00,68.00,117.00,1.00,-1,-1,-1
11,27,1232.00,431.00,47.00,130.00,1.00,-1,-1,-1
11,9,473.00,143.00,39.00,99.00,1.00,-1,-1,-1
11,4,1196.00,104.00,45.00,87.00,1.00,-1,-1,-1
11,5,504.00,277.00,38.00,107.00,1.00,-1,-1,-1
11,21,617.00,127.00,36.00,87.00,1.00,-1,-1,-1
11,25,154.00,17.00,42.00,80.00,1.00,-1,-1,-1
11,15,1079.00,10.00,28.00,74.00,1.00,-1,-1,-1
11,28,1130.00,61.00,64.00,142.00,1.00,-1,-1,-1
11,30,1119.00,9.00,38.00,91.00,1.00,-1,-1,-1
11,32,481.00,0.00,31.00,61.00,1.00,-1,-1,-1
11,1,982.00,334.00,57.00,113.00,1.00,-1,-1,-1
11,11,727.00,36.00,31.00,69.00,1.00,-1,-1,-1
11,14,379.00,191.00,42.00,90.00,1.00,-1,-1,-1
11,23,247.00,2.00,36.00,82.00,1.00,-1,-1,-1
11,8,803.00,71.00,32.00,95.00,1.00,-1,-1,-1
11,26,657.00,75.00,38.00,95.00,1.00,-1,-1,-1
12,3,450.00,396.00,50.00,133.00,1.00,-1,-1,-1
12,7,756.00,586.00,65.00,129.00,1.00,-1,-1,-1
12,2,974.00,233.00,49.00,112.00,1.00,-1,-1,-1
12,20,929.00,473.00,62.00,118.00,1.00,-1,-1,-1
12,27,1232.00,430.00,47.00,130.00,1.00,-1,-1,-1
12,6,162.00,313.00,55.00,119.00,1.00,-1,-1,-1
12,5,503.00,276.00,39.00,108.00,1.00,-1,-1,-1
12,21,616.00,127.00,38.00,88.00,1.00,-1,-1,-1
12,4,1197.00,104.00,44.00,87.00,1.00,-1,-1,-1
12,9,474.00,141.00,38.00,100.00,1.00,-1,-1,-1
12,28,1131.00,63.00,63.00,140.00,1.00,-1,-1,-1
12,23,248.00,2.00,35.00,80.00,1.00,-1,-1,-1
12,30,1119.00,11.00,37.00,89.00,1.00,-1,-1,-1
12,26,656.00,76.00,39.00,94.00,1.00,-1,-1,-1
12,11,727.00,36.00,31.00,69.00,1.00,-1,-1,-1
12,15,1079.00,10.00,29.00,73.00,1.00,-1,-1,-1
12,25,156.00,16.00,41.00,78.00,1.00,-1,-1,-1
12,1,984.00,336.00,55.00,115.00,1.00,-1,-1,-1
12,32,481.00,0.00,33.00,61.00,1.00,-1,-1,-1
12,31,924.00,0.00,37.00,120.00,1.00,-1,-1,-1
12,8,804.00,71.00,31.00,95.00,1.00,-1,-1,-1
12,17,533.00,46.00,25.00,82.00,1.00,-1,-1,-1
12,14,379.00,196.00,42.00,89.00,1.00,-1,-1,-1
13,7,753.00,580.00,65.00,135.00,1.00,-1,-1,-1
13,3,450.00,390.00,48.00,134.00,1.00,-1,-1,-1
13,2,976.00,235.00,50.00,111.00,1.00,-1,-1,-1
13,27,1231.00,426.00,48.00,132.00,1.00,-1,-1,-1
13,21,616.00,127.00,36.00,92.00,1.00,-1,-1,-1
13,20,925.00,473.00,59.00,117.00,1.00,-1,-1,-1
13,6,161.00,319.00,55.00,117.00,1.00,-1,-1,-1
13,4,1197.00,106.00,45.00,89.00,1.00,-1,-1,-1
13,5,504.00,272.00,38.00,111.00,1.00,-1,-1,-1
13,1,986.00,340.00,54.00,117.00,1.00,-1,-1,-1
13,28,1132.00,63.00,62.00,141.00,1.00,-1,-1,-1
13,26,655.00,77.00,40.00,94.00,1.00,-1,-1,-1
13,11,726.00,38.00,32.00,70.00,1.00,-1,-1,-1
13,15,1079.00,10.00,29.00,73.00,1.00,-1,-1,-1
13,9,473.00,137.00,38.00,98.00,1.00,-1,-1,-1
13,31,923.00,0.00,38.00,120.00,1.00,-1,-1,-1
13,29,61.00,85.00,34.00,80.00,1.00,-1,-1,-1
13,17,532.00,43.00,26.00,85.00,1.00,-1,-1,-1
13,30,1119.00,12.00,38.00,89.00,1.00,-1,-1,-1
13,16,567.00,39.00,26.00,88.00,1.00,-1,-1,-1
13,33,1061.00,12.00,26.00,70.00,1.00,-1,-1,-1
14,2,977.00,237.00,50.00,108.00,1.00,-1,-1,-1
14,7,753.00,577.00,64.00,138.00,1.00,-1,-1,-1
14,3,450.00,388.00,48.00,132.00,1.00,-1,-1,-1
14,1,986.00,341.00,55.00,121.00,1.00,-1,-1,-1
14,27,1230.00,424.00,49.00,133.00,1.00,-1,-1,-1
14,20,924.00,473.00,57.00,117.00,1.00,-1,-1,-1
14,21,616.00,127.00,36.00,94.00,1.00,-1,-1,-1
14,4,1199.00,108.00,44.00,89.00,1.00,-1,-1,-1
14,5,503.00,270.00,39.00,112.00,1.00,-1,-1,-1
14,28,1134.00,63.00,60.00,144.00,1.00,-1,-1,-1
14,6,162.00,319.00,54.00,117.00,1.00,-1,-1,-1
14,9,473.00,135.00,37.00,95.00,1.00,-1,-1,-1
14,15,1079.00,10.00,30.00,73.00,1.00,-1,-1,-1
14,31,923.00,0.00,38.00,120.00,1.00,-1,-1,-1
14,26,655.00,77.00,40.00,93.00,1.00,-1,-1,-1
14,17,532.00,41.00,26.00,87.00,1.00,-1,-1,-1
14,30,1119.00,15.00,39.00,88.00,1.00,-1,-1,-1
14,29,61.00,85.00,34.00,80.00,1.00,-1,-1,-1
14,11,725.00,39.00,33.00,72.00,1.00,-1,-1,-1
14,33,1061.00,12.00,25.00,71.00,1.00,-1,-1,-1
14,14,378.00,199.00,42.00,90.00,1.00,-1,-1,-1
15,2,980.00,239.00,49.00,106.00,1.00,-1,-1,-1
15,3,449.00,384.00,48.00,133.00,1.00,-1,-1,-1
15,20,921.00,473.00,57.00,117.00,1.00,-1,-1,-1
15,1,988.00,342.00,55.00,119.00,1.00,-1,-1,-1
15,7,752.00,575.00,64.00,140.00,1.00,-1,-1,-1
15,27,1225.00,422.00,54.00,134.00,1.00,-1,-1,-1
15,9,473.00,133.00,36.00,94.00,1.00,-1,-1,-1
15,4,1199.00,110.00,43.00,90.00,1.00,-1,-1,-1
15,21,616.00,129.00,36.00,94.00,1.00,-1,-1,-1
15,5,504.00,268.00,38.00,108.00,1.00,-1,-1,-1
15,28,1134.00,63.00,60.00,147.00,1.00,-1,-1,-1
15,31,922.00,0.00,39.00,120.00,1.00,-1,-1,-1
15,17,532.00,40.00,26.00,87.00,1.00,-1,-1,-1
15,30,1119.00,15.00,39.00,88.00,1.00,-1,-1,-1
15,15,1079.00,10.00,30.00,73.00,1.00,-1,-1,-1
15,11,724.00,39.00,33.00,73.00,1.00,-1,-1,-1
15,29,60.00,83.00,34.00,81.00,1.00,-1,-1,-1
15,16,567.00,39.00,25.00,88.00,1.00,-1,-1,-1
15,23,251.00,0.00,31.00,74.00,1.00,-1,-1,-1
15,8,800.00,64.00,35.00,92.00,1.00,-1,-1,-1
15,6,161.00,320.00,54.00,116.00,1.00,-1,-1,-1
15,33,1061.00,12.00,26.00,71.00,1.00,-1,-1,-1
16,2,982.00,241.00,48.00,103.00,1.00,-1,-1,-1
16,3,449.00,381.00,48.00,130.00,1.00,-1,-1,-1
16,7,751.00,571.00,62.00,143.00,1.00,-1,-1,-1
16,20,920.00,472.00,56.00,118.00,1.00,-1,-1,-1
16,1,989.00,343.00,55.00,117.00,1.00,-1,-1,-1
16,27,1222.00,419.00,57.00,136.00,1.00,-1,-1,-1
16,9,472.00,131.00,36.00,94.00,1.00,-1,-1,-1
16,4,1201.00,112.00,41.00,89.00,1.00,-1,-1,-1
16,21,617.00,131.00,35.00,92.00,1.00,-1,-1,-1
16,17,532.00,39.00,26.00,88.00,1.00,-1,-1,-1
16,31,922.00,0.00,38.00,120.00,1.00,-1,-1,-1
16,8,801.00,62.00,34.00,90.00,1.00,-1,-1,-1
16,30,1119.00,15.00,39.00,88.00,1.00,-1,-1,-1
16,11,724.00,39.00,33.00,73.00,1.00,-1,-1,-1
16,15,1079.00,10.00,30.00,73.00,1.00,-1,-1,-1
16,5,504.00,266.00,37.00,107.00,1.00,-1,-1,-1
16,16,565.00,38.00,27.00,88.00,1.00,-1,-1,-1
16,19,780.00,84.00,33.00,82.00,1.00,-1,-1,-1
16,23,251.00,0.00,32.00,73.00,1.00,-1,-1,-1
17,20,919.00,473.00,54.00,115.00,1.00,-1,-1,-1
17,2,982.00,241.00,50.00,104.00,1.00,-1,-1,-1
17,7,751.00,570.00,60.00,143.00,1.00,-1,-1,-1
17,27,1220.00,416.00,58.00,134.00,1.00,-1,-1,-1
17,3,449.00,378.00,46.00,125.00,1.00,-1,-1,-1
17,1,990.00,345.00,55.00,115.00,1.00,-1,-1,-1
17,4,1201.00,113.00,41.00,88.00,1.00,-1,-1,-1
17,9,473.00,130.00,35.00,93.00,1.00,-1,-1,-1
17,21,617.00,133.00,36.00,91.00,1.00,-1,-1,-1
17,8,802.00,63.00,32.00,89.00,1.00,-1,-1,-1
17,11,724.00,41.00,33.00,72.00,1.00,-1,-1,-1
17,17,532.00,40.00,25.00,86.00,1.00,-1,-1,-1
17,31,922.00,0.00,37.00,120.00,1.00,-1,-1,-1
17,30,1119.00,15.00,39.00,88.00,1.00,-1,-1,-1
17,5,503.00,264.00,38.00,103.00,1.00,-1,-1,-1
17,15,1078.00,11.00,31.00,72.00,1.00,-1,-1,-1
17,16,565.00,39.00,27.00,87.00,1.00,-1,-1,-1
17,14,378.00,203.00,40.00,88.00,1.00,-1,-1,-1
17,19,781.00,84.00,32.00,82.00,1.00,-1,-1,-1
17,23,251.00,0.00,32.00,72.00,1.00,-1,-1,-1
17,29,59.00,83.00,34.00,81.00,1.00,-1,-1,-1
17,6,160.00,322.00,52.00,114.00,1.00,-1,-1,-1
17,25,164.00,10.00,34.00,75.00,1.00,-1,-1,-1
18,3,449.00,372.00,46.00,118.00,1.00,-1,-1,-1
18,2,983.00,243.00,49.00,110.00,1.00,-1,-1,-1
18,27,1216.00,411.00,61.00,132.00,1.00,-1,-1,-1
18,7,748.00,561.00,61.00,144.00,1.00,-1,-1,-1
18,5,503.00,259.00,39.00,98.00,1.00,-1,-1,-1
18,20,910.00,472.00,58.00,116.00,1.00,-1,-1,-1
18,1,992.00,348.00,55.00,112.00,1.00,-1,-1,-1
18,21,617.00,136.00,36.00,92.00,1.00,-1,-1,-1
18,11,724.00,43.00,34.00,72.00,1.00,-1,-1,-1
18,4,1201.00,114.00,41.00,89.00,1.00,-1,-1,-1
18,17,532.00,39.00,25.00,86.00,1.00,-1,-1,-1
18,9,469.00,128.00,36.00,94.00,1.00,-1,-1,-1
18,31,921.00,0.00,38.00,119.00,1.00,-1,-1,-1
18,8,801.00,60.00,34.00,92.00,1.00,-1,-1,-1
18,30,1118.00,15.00,39.00,88.00,1.00,-1,-1,-1
18,29,58.00,82.00,35.00,81.00,1.00,-1,-1,-1
18,16,565.00,38.00,27.00,87.00,1.00,-1,-1,-1
18,25,167.00,6.00,34.00,76.00,1.00,-1,-1,-1
18,6,160.00,324.00,49.00,112.00,1.00,-1,-1,-1
18,14,377.00,204.00,41.00,86.00,1.00,-1,-1,-1
18,15,1078.00,10.00,32.00,76.00,1.00,-1,-1,-1
18,23,253.00,0.00,30.00,72.00,1.00,-1,-1,-1
19,2,984.00,245.00,49.00,114.00,1.00,-1,-1,-1
19,7,745.00,558.00,63.00,140.00,1.00,-1,-1,-1
19,27,1216.00,409.00,61.00,128.00,1.00,-1,-1,-1
19,3,450.00,369.00,45.00,119.00,1.00,-1,-1,-1
19,5,502.00,257.00,40.00,100.00,1.00,-1,-1,-1
19,1,993.00,350.00,56.00,110.00,1.00,-1,-1,-1
19,20,904.00,473.00,61.00,115.00,1.00,-1,-1,-1
19,21,617.00,136.00,36.00,94.00,1.00,-1,-1,-1
19,11,724.00,43.00,34.00,72.00,1.00,-1,-1,-1
19,6,159.00,326.00,49.00,112.00,1.00,-1,-1,-1
19,4,1201.00,114.00,40.00,91.00,1.00,-1,-1,-1
19,9,468.00,127.00,37.00,95.00,1.00,-1,-1,-1
19,25,168.00,5.00,37.00,77.00,1.00,-1,-1,-1
19,29,58.00,82.00,35.00,81.00,1.00,-1,-1,-1
19,17,532.00,40.00,24.00,85.00,1.00,-1,-1,-1
19,18,1135.00,128.00,46.00,92.00,1.00,-1,-1,-1
19,30,1118.00,15.00,39.00,86.00,1.00,-1,-1,-1
19,31,921.00,0.00,35.00,119.00,1.00,-1,-1,-1
19,8,801.00,60.00,33.00,91.00,1.00,-1,-1,-1
19,14,377.00,207.00,42.00,84.00,1.00,-1,-1,-1
19,16,565.00,39.00,27.00,86.00,1.00,-1,-1,-1
19,23,254.00,0.00,31.00,72.00,1.00,-1,-1,-1
19,26,656.00,82.00,40.00,96.00,1.00,-1,-1,-1
19,15,1079.00,11.00,30.00,75.00,1.00,-1,-1,-1
20,27,1214.00,407.00,64.00,121.00,1.00,-1,-1,-1
20,3,448.00,368.00,48.00,117.00,1.00,-1,-1,-1
20,7,745.00,553.00,61.00,140.00,1.00,-1,-1,-1
20,2,984.00,249.00,50.00,112.00,1.00,-1,-1,-1
20,20,896.00,472.00,67.00,116.00,1.00,-1,-1,-1
20,5,502.00,255.00,39.00,99.00,1.00,-1,-1,-1
20,1,993.00,352.00,57.00,107.00,1.00,-1,-1,-1
20,21,617.00,136.00,37.00,93.00,1.00,-1,-1,-1
20,6,159.00,327.00,47.00,114.00,1.00,-1,-1,-1
20,11,725.00,43.00,33.00,72.00,1.00,-1,-1,-1
20,9,467.00,125.00,37.00,97.00,1.00,-1,-1,-1
20,25,169.00,4.00,41.00,77.00,1.00,-1,-1,-1
20,4,1201.00,116.00,41.00,90.00,1.00,-1,-1,-1
20,8,800.00,58.00,34.00,95.00,1.00,-1,-1,-1
20,17,532.00,39.00,24.00,86.00,1.00,-1,-1,-1
20,29,58.00,82.00,34.00,80.00,1.00,-1,-1,-1
20,26,656.00,82.00,39.00,96.00,1.00,-1,-1,-1
20,31,921.00,0.00,34.00,119.00,1.00,-1,-1,-1
20,14,377.00,207.00,42.00,84.00,1.00,-1,-1,-1
20,23,253.00,0.00,33.00,72.00,1.00,-1,-1,-1
20,30,1118.00,15.00,38.00,79.00,1.00,-1,-1,-1
20,15,1080.00,11.00,30.00,76.00,1.00,-1,-1,-1
20,18,1135.00,128.00,47.00,92.00,1.00,-1,-1,-1
20,16,565.00,38.00,27.00,86.00,1.00,-1,-1,-1
21,2,984.00,252.00,52.00,111.00,1.00,-1,-1,-1
21,7,744.00,551.00,61.00,133.00,1.00,-1,-1,-1
21,3,448.00,366.00,48.00,118.00,1.00,-1,-1,-1
21,27,1212.00,406.00,62.00,119.00,1.00,-1,-1,-1
21,6,158.00,331.00,48.00,119.00,1.00,-1,-1,-1
21,20,884.00,473.00,74.00,114.00,1.00,-1,-1,-1
21,5,502.00,253.00,39.00,101.00,1.00,-1,-1,-1
21,1,994.00,352.00,56.00,112.00,1.00,-1,-1,-1
21,25,171.00,4.00,43.00,77.00,1.00,-1,-1,-1
21,21,617.00,137.00,37.00,93.00,1.00,-1,-1,-1
21,4,1202.00,117.00,40.00,89.00,1.00,-1,-1,-1
21,11,726.00,43.00,32.00,72.00,1.00,-1,-1,-1
21,9,468.00,124.00,36.00,97.00,1.00,-1,-1,-1
21,29,58.00,82.00,34.00,80.00,1.00,-1,-1,-1
21,8,800.00,57.00,34.00,96.00,1.00,-1,-1,-1
21,17,531.00,39.00,24.00,86.00,1.00,-1,-1,-1
21,31,920.00,0.00,34.00,119.00,1.00,-1,-1,-1
21,15,1078.00,12.00,32.00,76.00,1.00,-1,-1,-1
21,16,564.00,37.00,28.00,87.00,1.00,-1,-1,-1
21,26,657.00,85.00,39.00,95.00,1.00,-1,-1,-1
21,14,377.00,203.00,43.00,88.00,1.00,-1,-1,-1
21,18,1135.00,127.00,48.00,93.00,1.00,-1,-1,-1
22,2,984.00,255.00,53.00,111.00,1.00,-1,-1,-1
22,7,743.00,547.00,61.00,125.00,1.00,-1,-1,-1
22,6,158.00,334.00,47.00,118.00,1.00,-1,-1,-1
22,3,448.00,363.00,48.00,122.00,1.00,-1,-1,-1
22,27,1211.00,403.00,60.00,117.00,1.00,-1,-1,-1
22,1,995.00,355.00,56.00,118.00,1.00,-1,-1,-1
22,20,879.00,474.00,76.00,113.00,1.00,-1,-1,-1
22,5,502.00,252.00,39.00,101.00,1.00,-1,-1,-1
22,21,617.00,137.00,37.00,93.00,1.00,-1,-1,-1
22,11,727.00,44.00,31.00,71.00,1.00,-1,-1,-1
22,4,1202.00,117.00,39.00,89.00,1.00,-1,-1,-1
22,25,172.00,5.00,46.00,75.00,1.00,-1,-1,-1
22,8,799.00,59.00,33.00,94.00,1.00,-1,-1,-1
22,9,466.00,123.00,38.00,97.00,1.00,-1,-1,-1
22,17,531.00,39.00,24.00,86.00,1.00,-1,-1,-1
22,29,58.00,83.00,34.00,79.00,1.00,-1,-1,-1
22,16,563.00,37.00,28.00,86.00,1.00,-1,-1,-1
22,18,1134.00,127.00,49.00,93.00,1.00,-1,-1,-1
22,15,1078.00,12.00,32.00,76.00,1.00,-1,-1,-1
22,14,377.00,202.00,44.00,89.00,1.00,-1,-1,-1
22,31,920.00,0.00,33.00,118.00,1.00,-1,-1,-1
22,30,1119.00,15.00,38.00,86.00,1.00,-1,-1,-1
22,26,657.00,86.00,39.00,96.00,1.00,-1,-1,-1
23,27,1201.00,399.00,66.00,118.00,1.00,-1,-1,-1
23,2,987.00,257.00,50.00,116.00,1.00,-1,-1,-1
23,6,157.00,338.00,47.00,118.00,1.00,-1,-1,-1
23,3,448.00,359.00,46.00,126.00,1.00,-1,-1,-1
23,1,996.00,359.00,56.00,122.00,1.00,-1,-1,-1
23,20,876.00,474.00,74.00,113.00,1.00,-1,-1,-1
23,5,502.00,250.00,40.00,104.00,1.00,-1,-1,-1
23,21,617.00,137.00,38.00,92.00,1.00,-1,-1,-1
23,4,1203.00,118.00,39.00,87.00,1.00,-1,-1,-1
23,11,727.00,45.00,31.00,70.00,1.00,-1,-1,-1
23,8,797.00,56.00,34.00,95.00,1.00,-1,-1,-1
23,9,468.00,119.00,37.00,93.00,1.00,-1,-1,-1
23,29,58.00,82.00,34.00,79.00,1.00,-1,-1,-1
23,17,531.00,38.00,24.00,85.00,1.00,-1,-1,-1
23,7,741.00,540.00,62.00,122.00,1.00,-1,-1,-1
23,16,563.00,34.00,28.00,89.00,1.00,-1,-1,-1
23,14,377.00,203.00,46.00,91.00,1.00,-1,-1,-1
23,30,1119.00,16.00,40.00,87.00,1.00,-1,-1,-1
23,15,1079.00,12.00,31.00,76.00,1.00,-1,-1,-1
24,27,1198.00,397.00,66.00,118.00,1.00,-1,-1,-1
24,2,989.00,258.00,49.00,116.00,1.00,-1,-1,-1
24,20,875.00,473.00,74.00,114.00,1.00,-1,-1,-1
24,6,156.00,340.00,48.00,122.00,1.00,-1,-1,-1
24,1,996.00,363.00,57.00,120.00,1.00,-1,-1,-1
24,3,448.00,356.00,47.00,129.00,1.00,-1,-1,-1
24,7,740.00,537.00,62.00,124.00,1.00,-1,-1,-1
24,5,503.00,248.00,39.00,105.00,1.00,-1,-1,-1
24,21,616.00,137.00,38.00,91.00,1.00,-1,-1,-1
24,11,727.00,45.00,31.00,72.00,1.00,-1,-1,-1
24,4,1204.00,118.00,39.00,87.00,1.00,-1,-1,-1
24,9,468.00,119.00,36.00,92.00,1.00,-1,-1,-1
24,16,564.00,35.00,28.00,88.00,1.00,-1,-1,-1
24,29,58.00,82.00,34.00,79.00,1.00,-1,-1,-1
24,8,797.00,56.00,33.00,93.00,1.00,-1,-1,-1
24,17,531.00,38.00,24.00,85.00,1.00,-1,-1,-1
24,14,377.00,208.00,47.00,89.00,1.00,-1,-1,-1
24,15,1078.00,13.00,32.00,76.00,1.00,-1,-1,-1
24,31,919.00,0.00,33.00,118.00,1.00,-1,-1,-1
25,27,1192.00,395.00,71.00,121.00,1.00,-1,-1,-1
25,7,737.00,535.00,65.00,128.00,1.00,-1,-1,-1
25,6,155.00,342.00,49.00,122.00,1.00,-1,-1,-1
25,20,874.00,473.00,72.00,115.00,1.00,-1,-1,-1
25,2,990.00,260.00,50.00,115.00,1.00,-1,-1,-1
25,3,447.00,355.00,49.00,127.00,1.00,-1,-1,-1
25,1,998.00,366.00,55.00,120.00,1.00,-1,-1,-1
25,5,503.00,248.00,38.00,105.00,1.00,-1,-1,-1
25,21,616.00,138.00,40.00,92.00,1.00,-1,-1,-1
25,4,1204.00,118.00,40.00,86.00,1.00,-1,-1,-1
25,11,727.00,47.00,31.00,71.00,1.00,-1,-1,-1
25,9,469.00,116.00,35.00,94.00,1.00,-1,-1,-1
25,29,58.00,82.00,34.00,79.00,1.00,-1,-1,-1
25,14,377.00,208.00,48.00,91.00,1.00,-1,-1,-1
25,16,563.00,35.00,29.00,87.00,1.00,-1,-1,-1
25,17,531.00,37.00,24.00,86.00,1.00,-1,-1,-1
25,8,798.00,57.00,32.00,92.00,1.00,-1,-1,-1
25,25,177.00,0.00,44.00,75.00,1.00,-1,-1,-1
26,27,1186.00,393.00,76.00,124.00,1.00,-1,-1,-1
26,6,154.00,344.00,49.00,123.00,1.00,-1,-1,-1
26,20,874.00,473.00,70.00,113.00,1.00,-1,-1,-1
26,7,736.00,532.00,66.00,129.00,1.00,-1,-1,-1
26,3,448.00,352.00,48.00,129.00,1.00,-1,-1,-1
26,2,992.00,263.00,49.00,112.00,1.00,-1,-1,-1
26,1,999.00,368.00,55.00,122.00,1.00,-1,-1,-1
26,5,503.00,247.00,38.00,105.00,1.00,-1,-1,-1
26,4,1205.00,120.00,40.00,86.00,1.00,-1,-1,-1
26,21,616.00,139.00,40.00,92.00,1.00,-1,-1,-1
26,11,727.00,48.00,31.00,70.00,1.00,-1,-1,-1
26,29,58.00,81.00,34.00,80.00,1.00,-1,-1,-1
26,24,50.00,551.00,72.00,113.00,1.00,-1,-1,-1
26,16,564.00,36.00,28.00,86.00,1.00,-1,-1,-1
26,17,530.00,36.00,25.00,86.00,1.00,-1,-1,-1
26,9,469.00,115.00,34.00,92.00,1.00,-1,-1,-1
26,28,1142.00,70.00,56.00,151.00,1.00,-1,-1,-1
26,14,377.00,209.00,49.00,92.00,1.00,-1,-1,-1
26,25,178.00,0.00,42.00,75.00,1.00,-1,-1,-1
26,8,798.00,56.00,32.00,91.00,1.00,-1,-1,-1
27,6,153.00,346.00,49.00,122.00,1.00,-1,-1,-1
27,7,736.00,529.00,65.00,132.00,1.00,-1,-1,-1
27,27,1185.00,391.00,74.00,126.00,1.00,-1,-1,-1
27,20,873.00,473.00,68.00,112.00,1.00,-1,-1,-1
27,3,449.00,349.00,47.00,119.00,1.00,-1,-1,-1
27,2,992.00,264.00,50.00,112.00,1.00,-1,-1,-1
27,4,1205.00,121.00,41.00,89.00,1.00,-1,-1,-1
27,1,999.00,371.00,56.00,121.00,1.00,-1,-1,-1
27,5,503.00,244.00,39.00,107.00,1.00,-1,-1,-1
27,21,616.00,140.00,39.00,95.00,1.00,-1,-1,-1
27,9,467.00,113.00,35.00,93.00,1.00,-1,-1,-1
27,11,728.00,49.00,30.00,70.00,1.00,-1,-1,-1
27,24,51.00,551.00,72.00,114.00,1.00,-1,-1,-1
27,29,58.00,81.00,34.00,80.00,1.00,-1,-1,-1
27,17,530.00,35.00,26.00,87.00,1.00,-1,-1,-1
27,8,797.00,55.00,32.00,89.00,1.00,-1,-1,-1
27,16,563.00,36.00,28.00,86.00,1.00,-1,-1,-1
27,28,1141.00,71.00,57.00,154.00,1.00,-1,-1,-1
27,18,1139.00,105.00,50.00,119.00,1.00,-1,-1,-1
27,30,1119.00,21.00,37.00,87.00,1.00,-1,-1,-1
28,27,1183.00,388.00,71.00,128.00,1.00,-1,-1,-1
28,6,152.00,349.00,49.00,119.00,1.00,-1,-1,-1
28,3,451.00,344.00,46.00,117.00,1.00,-1,-1,-1
28,7,734.00,525.00,66.00,135.00,1.00,-1,-1,-1
28,20,872.00,471.00,59.00,112.00,1.00,-1,-1,-1
28,1,1000.00,375.00,56.00,119.00,1.00,-1,-1,-1
28,2,994.00,268.00,50.00,106.00,1.00,-1,-1,-1
28,4,1204.00,123.00,43.00,91.00,1.00,-1,-1,-1
28,21,616.00,143.00,39.00,95.00,1.00,-1,-1,-1
28,5,504.00,239.00,39.00,100.00,1.00,-1,-1,-1
28,9,468.00,111.00,34.00,92.00,1.00,-1,-1,-1
28,11,729.00,51.00,30.00,70.00,1.00,-1,-1,-1
28,29,57.00,81.00,35.00,80.00,1.00,-1,-1,-1
28,28,1136.00,74.00,61.00,154.00,1.00,-1,-1,-1
28,30,1119.00,21.00,38.00,90.00,1.00,-1,-1,-1
28,24,53.00,552.00,71.00,114.00,1.00,-1,-1,-1
28,25,184.00,0.00,38.00,73.00,1.00,-1,-1,-1
28,33,1062.00,16.00,26.00,68.00,1.00,-1,-1,-1
28,16,563.00,35.00,28.00,86.00,1.00,-1,-1,-1
28,17,530.00,34.00,26.00,88.00,1.00,-1,-1,-1
28,26,656.00,91.00,41.00,91.00,1.00,-1,-1,-1
29,3,452.00,341.00,45.00,116.00,1.00,-1,-1,-1
29,27,1183.00,385.00,68.00,128.00,1.00,-1,-1,-1
29,7,735.00,522.00,64.00,139.00,1.00,-1,-1,-1
29,1,1001.00,376.00,57.00,118.00,1.00,-1,-1,-1
29,6,151.00,350.00,51.00,120.00,1.00,-1,-1,-1
29,2,996.00,271.00,49.00,105.00,1.00,-1,-1,-1
29,4,1204.00,126.00,42.00,90.00,1.00,-1,-1,-1
29,20,873.00,471.00,55.00,113.00,1.00,-1,-1,-1
29,21,615.00,144.00,41.00,96.00,1.00,-1,-1,-1
29,24,54.00,552.00,70.00,117.00,1.00,-1,-1,-1
29,9,468.00,110.00,34.00,93.00,1.00,-1,-1,-1
29,28,1137.00,76.00,61.00,153.00,1.00,-1,-1,-1
29,5,504.00,237.00,39.00,99.00,1.00,-1,-1,-1
29,29,57.00,81.00,35.00,80.00,1.00,-1,-1,-1
29,11,729.00,52.00,30.00,70.00,1.00,-1,-1,-1
29,26,657.00,91.00,41.00,93.00,1.00,-1,-1,-1
29,30,1119.00,21.00,39.00,91.00,1.00,-1,-1,-1
29,25,181.00,0.00,41.00,70.00,1.00,-1,-1,-1
29,16,563.00,34.00,28.00,87.00,1.00,-1,-1,-1
29,17,530.00,34.00,26.00,87.00,1.00,-1,-1,-1
29,33,1062.00,16.00,27.00,69.00,1.00,-1,-1,-1
30,1,1003.00,375.00,56.00,120.00,1.00,-1,-1,-1
30,7,733.00,520.00,66.00,141.00,1.00,-1,-1,-1
30,27,1183.00,384.00,67.00,125.00,1.00,-1,-1,-1
30,3,453.00,338.00,42.00,115.00,1.00,-1,-1,-1
30,4,1204.00,128.00,44.00,90.00,1.00,-1,-1,-1
30,2,996.00,272.00,50.00,110.00,1.00,-1,-1,-1
30,6,151.00,351.00,52.00,118.00,1.00,-1,-1,-1
30,20,871.00,471.00,53.00,114.00,1.00,-1,-1,-1
30,18,1141.00,134.00,49.00,98.00,1.00,-1,-1,-1
30,21,615.00,145.00,39.00,97.00,1.00,-1,-1,-1
30,5,504.00,235.00,38.00,101.00,1.00,-1,-1,-1
30,9,468.00,109.00,34.00,93.00,1.00,-1,-1,-1
30,29,57.00,81.00,35.00,80.00,1.00,-1,-1,-1
30,11,730.00,53.00,29.00,70.00,1.00,-1,-1,-1
30,34,760.00,276.00,48.00,92.00,1.00,-1,-1,-1
30,25,180.00,0.00,41.00,69.00,1.00,-1,-1,-1
30,26,656.00,92.00,42.00,94.00,1.00,-1,-1,-1
30,30,1119.00,22.00,39.00,89.00,1.00,-1,-1,-1
30,23,259.00,1.00,37.00,56.00,1.00,-1,-1,-1
30,16,563.00,34.00,28.00,87.00,1.00,-1,-1,-1
30,17,530.00,34.00,26.00,87.00,1.00,-1,-1,-1
30,33,1062.00,17.00,27.00,70.00,1.00,-1,-1,-1
30,24,54.00,554.00,70.00,118.00,1.00,-1,-1,-1
31,7,734.00,516.00,64.00,143.00,1.00,-1,-1,-1
31,27,1183.00,382.00,65.00,124.00,1.00,-1,-1,-1
31,3,452.00,336.00,45.00,115.00,1.00,-1,-1,-1
31,1,1006.00,378.00,54.00,116.00,1.00,-1,-1,-1
31,4,1204.00,129.00,45.00,90.00,1.00,-1,-1,-1
31,2,997.00,274.00,51.00,112.00,1.00,-1,-1,-1
31,18,1142.00,131.00,48.00,104.00,1.00,-1,-1,-1
31,6,150.00,352.00,53.00,116.00,1.00,-1,-1,-1
31,20,868.00,472.00,54.00,113.00,1.00,-1,-1,-1
31,5,504.00,233.00,39.00,101.00,1.00,-1,-1,-1
31,9,469.00,109.00,33.00,94.00,1.00,-1,-1,-1
31,29,57.00,81.00,35.00,80.00,1.00,-1,-1,-1
31,21,614.00,148.00,40.00,95.00,1.00,-1,-1,-1
31,11,730.00,53.00,29.00,70.00,1.00,-1,-1,-1
31,30,1120.00,22.00,39.00,89.00,1.00,-1,-1,-1
31,25,180.00,0.00,42.00,70.00,1.00,-1,-1,-1
31,17,530.00,33.00,26.00,88.00,1.00,-1,-1,-1
31,33,1062.00,17.00,27.00,71.00,1.00,-1,-1,-1
32,27,1184.00,379.00,63.00,126.00,1.00,-1,-1,-1
32,7,734.00,513.00,64.00,141.00,1.00,-1,-1,-1
32,3,453.00,332.00,43.00,117.00,1.00,-1,-1,-1
32,20,867.00,473.00,52.00,118.00,1.00,-1,-1,-1
32,4,1204.00,131.00,46.00,90.00,1.00,-1,-1,-1
32,6,149.00,353.00,55.00,114.00,1.00,-1,-1,-1
32,2,998.00,277.00,50.00,108.00,1.00,-1,-1,-1
32,5,504.00,232.00,40.00,100.00,1.00,-1,-1,-1
32,1,1006.00,381.00,57.00,114.00,1.00,-1,-1,-1
32,18,1144.00,132.00,47.00,106.00,1.00,-1,-1,-1
32,29,57.00,81.00,35.00,80.00,1.00,-1,-1,-1
32,21,614.00,150.00,40.00,94.00,1.00,-1,-1,-1
32,9,469.00,108.00,33.00,95.00,1.00,-1,-1,-1
32,11,731.00,53.00,28.00,72.00,1.00,-1,-1,-1
32,33,1062.00,18.00,27.00,70.00,1.00,-1,-1,-1
32,25,179.00,0.00,45.00,69.00,1.00,-1,-1,-1
32,23,262.00,1.00,38.00,55.00,1.00,-1,-1,-1
32,31,919.00,0.00,32.00,117.00,1.00,-1,-1,-1
32,17,529.00,33.00,28.00,88.00,1.00,-1,-1,-1
33,27,1183.00,376.00,60.00,116.00,1.00,-1,-1,-1
33,3,453.00,330.00,44.00,117.00,1.00,-1,-1,-1
33,20,860.00,472.00,53.00,123.00,1.00,-1,-1,-1
33,4,1204.00,134.00,47.00,92.00,1.00,-1,-1,-1
33,6,147.00,358.00,58.00,117.00,1.00,-1,-1,-1
33,2,999.00,284.00,52.00,105.00,1.00,-1,-1,-1
33,7,735.00,506.00,60.00,136.00,1.00,-1,-1,-1
33,1,1007.00,386.00,57.00,114.00,1.00,-1,-1,-1
33,5,504.00,228.00,40.00,100.00,1.00,-1,-1,-1
33,29,57.00,81.00,35.00,80.00,1.00,-1,-1,-1
33,18,1144.00,132.00,51.00,106.00,1.00,-1,-1,-1
33,33,1063.00,19.00,28.00,70.00,1.00,-1,-1,-1
33,9,469.00,106.00,33.00,96.00,1.00,-1,-1,-1
33,17,529.00,33.00,28.00,87.00,1.00,-1,-1,-1
33,24,59.00,558.00,70.00,129.00,1.00,-1,-1,-1
33,31,917.00,1.00,34.00,116.00,1.00,-1,-1,-1
33,11,731.00,55.00,29.00,71.00,1.00,-1,-1,-1
33,15,1087.00,16.00,27.00,72.00,1.00,-1,-1,-1
33,21,615.00,152.00,38.00,93.00,1.00,-1,-1,-1
33,26,656.00,96.00,42.00,99.00,1.00,-1,-1,-1
34,27,1183.00,372.00,59.00,116.00,1.00,-1,-1,-1
34,20,857.00,473.00,54.00,120.00,1.00,-1,-1,-1
34,6,146.00,361.00,59.00,119.00,1.00,-1,-1,-1
34,1,1007.00,388.00,56.00,124.00,1.00,-1,-1,-1
34,3,453.00,328.00,44.00,121.00,1.00,-1,-1,-1
34,2,1000.00,287.00,53.00,109.00,1.00,-1,-1,-1
34,5,505.00,227.00,39.00,101.00,1.00,-1,-1,-1
34,7,734.00,504.00,61.00,128.00,1.00,-1,-1,-1
34,4,1205.00,136.00,47.00,90.00,1.00,-1,-1,-1
34,24,59.00,560.00,73.00,129.00,1.00,-1,-1,-1
34,29,57.00,81.00,35.00,80.00,1.00,-1,-1,-1
34,21,614.00,152.00,37.00,93.00,1.00,-1,-1,-1
34,17,530.00,33.00,27.00,87.00,1.00,-1,-1,-1
34,15,1086.00,16.00,28.00,70.00,1.00,-1,-1,-1
34,9,470.00,105.00,33.00,95.00,1.00,-1,-1,-1
34,33,1063.00,19.00,29.00,70.00,1.00,-1,-1,-1
34,16,564.00,36.00,27.00,85.00,1.00,-1,-1,-1
34,18,1145.00,120.00,51.00,117.00,1.00,-1,-1,-1
34,31,915.00,1.00,36.00,116.00,1.00,-1,-1,-1
34,11,730.00,55.00,30.00,73.00,1.00,-1,-1,-1
35,27,1183.00,370.00,57.00,115.00,1.00,-1,-1,-1
35,20,851.00,475.00,57.00,126.00,1.00,-1,-1,-1
35,1,1007.00,391.00,57.00,126.00,1.00,-1,-1,-1
35,6,146.00,365.00,60.00,122.00,1.00,-1,-1,-1
35,3,453.00,326.00,44.00,124.00,1.00,-1,-1,-1
35,5,505.00,227.00,39.00,101.00,1.00,-1,-1,-1
35,7,733.00,501.00,61.00,124.00,1.00,-1,-1,-1
35,2,1000.00,287.00,55.00,111.00,1.00,-1,-1,-1
35,24,62.00,560.00,70.00,129.00,1.00,-1,-1,-1
35,4,1206.00,136.00,48.00,91.00,1.00,-1,-1,-1
35,29,57.00,81.00,35.00,80.00,1.00,-1,-1,-1
35,16,564.00,37.00,27.00,85.00,1.00,-1,-1,-1
35,21,613.00,153.00,39.00,92.00,1.00,-1,-1,-1
35,17,530.00,34.00,27.00,86.00,1.00,-1,-1,-1
35,18,1145.00,136.00,51.00,101.00,1.00,-1,-1,-1
35,9,470.00,104.00,33.00,95.00,1.00,-1,-1,-1
35,15,1087.00,16.00,28.00,72.00,1.00,-1,-1,-1
35,11,730.00,58.00,31.00,72.00,1.00,-1,-1,-1
36,27,1183.00,367.00,56.00,117.00,1.00,-1,-1,-1
36,6,145.00,368.00,62.00,123.00,1.00,-1,-1,-1
36,7,732.00,497.00,62.00,121.00,1.00,-1,-1,-1
36,20,844.00,477.00,61.00,126.00,1.00,-1,-1,-1
36,1,1009.00,394.00,55.00,126.00,1.00,-1,-1,-1
36,2,1004.00,289.00,53.00,114.00,1.00,-1,-1,-1
36,3,453.00,325.00,44.00,124.00,1.00,-1,-1,-1
36,5,504.00,226.00,39.00,102.00,1.00,-1,-1,-1
36,24,63.00,560.00,69.00,129.00,1.00,-1,-1,-1
36,4,1209.00,136.00,47.00,90.00,1.00,-1,-1,-1
36,29,57.00,81.00,35.00,80.00,1.00,-1,-1,-1
36,16,564.00,38.00,27.00,84.00,1.00,-1,-1,-1
36,21,614.00,153.00,38.00,92.00,1.00,-1,-1,-1
36,17,529.00,34.00,28.00,86.00,1.00,-1,-1,-1
36,9,470.00,103.00,35.00,93.00,1.00,-1,-1,-1
36,11,729.00,59.00,32.00,74.00,1.00,-1,-1,-1
36,15,1089.00,17.00,27.00,72.00,1.00,-1,-1,-1
36,31,914.00,0.00,36.00,117.00,1.00,-1,-1,-1
36,33,1063.00,19.00,31.00,70.00,1.00,-1,-1,-1
37,27,1183.00,366.00,55.00,118.00,1.00,-1,-1,-1
37,6,145.00,371.00,62.00,122.00,1.00,-1,-1,-1
37,7,731.00,495.00,62.00,121.00,1.00,-1,-1,-1
37,2,1005.00,291.00,54.00,112.00,1.00,-1,-1,-1
37,1,1010.00,399.00,55.00,125.00,1.00,-1,-1,-1
37,3,453.00,324.00,44.00,123.00,1.00,-1,-1,-1
37,4,1209.00,136.00,50.00,90.00,1.00,-1,-1,-1
37,5,503.00,225.00,39.00,103.00,1.00,-1,-1,-1
37,20,843.00,479.00,59.00,123.00,1.00,-1,-1,-1
37,29,57.00,81.00,35.00,80.00,1.00,-1,-1,-1
37,24,64.00,562.00,68.00,126.00,1.00,-1,-1,-1
37,21,613.00,154.00,40.00,93.00,1.00,-1,-1,-1
37,16,564.00,37.00,27.00,85.00,1.00,-1,-1,-1
37,9,470.00,100.00,35.00,94.00,1.00,-1,-1,-1
37,17,530.00,34.00,27.00,86.00,1.00,-1,-1,-1
37,11,729.00,61.00,32.00,73.00,1.00,-1,-1,-1
37,15,1089.00,16.00,28.00,73.00,1.00,-1,-1,-1
37,31,913.00,0.00,36.00,117.00,1.00,-1,-1,-1
37,33,1063.00,19.00,31.00,70.00,1.00,-1,-1,-1
37,25,202.00,1.00,39.00,67.00,1.00,-1,-1,-1
38,6,145.00,375.00,63.00,125.00,1.00,-1,-1,-1
38,27,1183.00,363.00,52.00,119.00,1.00,-1,-1,-1
38,2,1008.00,294.00,54.00,111.00,1.00,-1,-1,-1
38,7,730.00,490.00,59.00,126.00,1.00,-1,-1,-1
38,4,1213.00,136.00,50.00,89.00,1.00,-1,-1,-1
38,3,452.00,319.00,44.00,127.00,1.00,-1,-1,-1
38,1,1014.00,404.00,57.00,125.00,1.00,-1,-1,-1
38,20,838.00,482.00,59.00,121.00,1.00,-1,-1,-1
38,5,503.00,223.00,37.00,105.00,1.00,-1,-1,-1
38,29,57.00,81.00,35.00,80.00,1.00,-1,-1,-1
38,21,613.00,156.00,39.00,95.00,1.00,-1,-1,-1
38,9,470.00,98.00,33.00,88.00,1.00,-1,-1,-1
38,16,564.00,36.00,28.00,87.00,1.00,-1,-1,-1
38,25,207.00,0.00,37.00,68.00,1.00,-1,-1,-1
38,11,728.00,63.00,33.00,73.00,1.00,-1,-1,-1
38,17,530.00,33.00,27.00,87.00,1.00,-1,-1,-1
38,15,1088.00,18.00,30.00,74.00,1.00,-1,-1,-1
38,14,383.00,224.00,44.00,99.00,1.00,-1,-1,-1
38,28,1152.00,93.00,50.00,148.00,1.00,-1,-1,-1
38,30,1123.00,30.00,40.00,91.00,1.00,-1,-1,-1
39,6,145.00,378.00,62.00,126.00,1.00,-1,-1,-1
39,27,1180.00,362.00,54.00,120.00,1.00,-1,-1,-1
39,2,1008.00,296.00,55.00,109.00,1.00,-1,-1,-1
39,1,1014.00,406.00,58.00,124.00,1.00,-1,-1,-1
39,7,729.00,488.00,58.00,128.00,1.00,-1,-1,-1
39,3,452.00,316.00,43.00,126.00,1.00,-1,-1,-1
39,20,838.00,483.00,57.00,120.00,1.00,-1,-1,-1
39,4,1215.00,137.00,50.00,89.00,1.00,-1,-1,-1
39,9,469.00,97.00,33.00,88.00,1.00,-1,-1,-1
39,29,57.00,81.00,35.00,80.00,1.00,-1,-1,-1
39,21,613.00,158.00,40.00,96.00,1.00,-1,-1,-1
39,5,503.00,222.00,37.00,102.00,1.00,-1,-1,-1
39,16,565.00,37.00,27.00,86.00,1.00,-1,-1,-1
39,14,384.00,225.00,43.00,100.00,1.00,-1,-1,-1
39,25,208.00,0.00,37.00,66.00,1.00,-1,-1,-1
39,15,1087.00,17.00,30.00,75.00,1.00,-1,-1,-1
39,11,728.00,64.00,33.00,73.00,1.00,-1,-1,-1
39,17,531.00,34.00,26.00,86.00,1.00,-1,-1,-1
39,35,0.00,81.00,20.00,39.00,1.00,-1,-1,-1
40,6,145.00,380.00,61.00,125.00,1.00,-1,-1,-1
40,27,1179.00,360.00,53.00,122.00,1.00,-1,-1,-1
40,2,1010.00,298.00,54.00,109.00,1.00,-1,-1,-1
40,1,1016.00,406.00,58.00,125.00,1.00,-1,-1,-1
40,7,729.00,487.00,56.00,129.00,1.00,-1,-1,-1
40,3,452.00,314.00,44.00,121.00,1.00,-1,-1,-1
40,20,838.00,484.00,53.00,119.00,1.00,-1,-1,-1
40,21,613.00,158.00,40.00,98.00,1.00,-1,-1,-1
40,9,469.00,96.00,33.00,88.00,1.00,-1,-1,-1
40,29,57.00,81.00,35.00,80.00,1.00,-1,-1,-1
40,4,1217.00,139.00,46.00,90.00,1.00,-1,-1,-1
40,14,383.00,227.00,43.00,99.00,1.00,-1,-1,-1
40,5,503.00,220.00,37.00,99.00,1.00,-1,-1,-1
40,16,565.00,37.00,27.00,87.00,1.00,-1,-1,-1
40,15,1089.00,17.00,29.00,76.00,1.00,-1,-1,-1
40,11,727.00,64.00,35.00,74.00,1.00,-1,-1,-1
40,17,531.00,34.00,26.00,86.00,1.00,-1,-1,-1
40,35,0.00,78.00,20.00,42.00,1.00,-1,-1,-1
40,24,69.00,568.00,71.00,125.00,1.00,-1,-1,-1
40,25,212.00,0.00,33.00,66.00,1.00,-1,-1,-1
40,18,1154.00,140.00,49.00,111.00,1.00,-1,-1,-1
41,6,144.00,383.00,59.00,122.00,1.00,-1,-1,-1
41,27,1178.00,359.00,53.00,123.00,1.00,-1,-1,-1
41,2,1011.00,304.00,54.00,112.00,1.00,-1,-1,-1
41,7,728.00,485.00,57.00,131.00,1.00,-1,-1,-1
41,3,452.00,311.00,42.00,118.00,1.00,-1,-1,-1
41,1,1018.00,409.00,58.00,122.00,1.00,-1,-1,-1
41,20,837.00,484.00,51.00,120.00,1.00,-1,-1,-1
41,21,613.00,160.00,40.00,97.00,1.00,-1,-1,-1
41,29,56.00,81.00,36.00,80.00,1.00,-1,-1,-1
41,9,469.00,96.00,32.00,88.00,1.00,-1,-1,-1
41,5,503.00,218.00,37.00,95.00,1.00,-1,-1,-1
41,14,383.00,228.00,42.00,100.00,1.00,-1,-1,-1
41,4,1220.00,140.00,45.00,92.00,1.00,-1,-1,-1
41,16,564.00,37.00,28.00,88.00,1.00,-1,-1,-1
41,15,1090.00,17.00,29.00,76.00,1.00,-1,-1,-1
41,17,530.00,34.00,27.00,85.00,1.00,-1,-1,-1
41,11,730.00,63.00,32.00,75.00,1.00,-1,-1,-1
41,35,0.00,68.00,21.00,52.00,1.00,-1,-1,-1
41,18,1153.00,144.00,50.00,107.00,1.00,-1,-1,-1
41,25,214.00,0.00,32.00,64.00,1.00,-1,-1,-1
41,36,383.00,172.00,38.00,68.00,1.00,-1,-1,-1
42,6,143.00,383.00,60.00,122.00,1.00,-1,-1,-1
42,2,1012.00,305.00,54.00,114.00,1.00,-1,-1,-1
42,7,727.00,482.00,57.00,134.00,1.00,-1,-1,-1
42,3,452.00,309.00,41.00,114.00,1.00,-1,-1,-1
42,27,1179.00,356.00,51.00,125.00,1.00,-1,-1,-1
42,1,1021.00,411.00,60.00,120.00,1.00,-1,-1,-1
42,20,836.00,485.00,50.00,118.00,1.00,-1,-1,-1
42,21,613.00,164.00,41.00,94.00,1.00,-1,-1,-1
42,29,56.00,81.00,36.00,80.00,1.00,-1,-1,-1
42,9,469.00,95.00,32.00,89.00,1.00,-1,-1,-1
42,5,502.00,215.00,37.00,99.00,1.00,-1,-1,-1
42,14,383.00,231.00,41.00,98.00,1.00,-1,-1,-1
42,18,1154.00,147.00,49.00,106.00,1.00,-1,-1,-1
42,4,1221.00,142.00,44.00,93.00,1.00,-1,-1,-1
42,16,564.00,38.00,28.00,87.00,1.00,-1,-1,-1
42,15,1092.00,18.00,27.00,76.00,1.00,-1,-1,-1
42,17,531.00,34.00,26.00,86.00,1.00,-1,-1,-1
42,11,730.00,63.00,32.00,75.00,1.00,-1,-1,-1
42,36,383.00,172.00,37.00,71.00,1.00,-1,-1,-1
42,25,215.00,0.00,31.00,62.00,1.00,-1,-1,-1
42,26,657.00,104.00,41.00,96.00,1.00,-1,-1,-1
43,27,1175.00,352.00,53.00,126.00,1.00,-1,-1,-1
43,2,1016.00,310.00,49.00,120.00,1.00,-1,-1,-1
43,6,143.00,386.00,55.00,119.00,1.00,-1,-1,-1
43,7,726.00,479.00,54.00,136.00,1.00,-1,-1,-1
43,3,452.00,304.00,43.00,113.00,1.00,-1,-1,-1
43,20,829.00,487.00,54.00,116.00,1.00,-1,-1,-1
43,21,614.00,167.00,41.00,98.00,1.00,-1,-1,-1
43,1,1022.00,415.00,62.00,115.00,1.00,-1,-1,-1
43,5,501.00,211.00,38.00,100.00,1.00,-1,-1,-1
43,29,56.00,81.00,36.00,80.00,1.00,-1,-1,-1
43,18,1156.00,151.00,49.00,106.00,1.00,-1,-1,-1
43,9,468.00,93.00,33.00,91.00,1.00,-1,-1,-1
43,11,732.00,64.00,30.00,75.00,1.00,-1,-1,-1
43,26,657.00,109.00,42.00,95.00,1.00,-1,-1,-1
43,14,383.00,232.00,42.00,97.00,1.00,-1,-1,-1
43,4,1221.00,145.00,46.00,95.00,1.00,-1,-1,-1
43,17,531.00,35.00,26.00,85.00,1.00,-1,-1,-1
43,25,218.00,0.00,29.00,57.00,1.00,-1,-1,-1
43,16,564.00,38.00,29.00,87.00,1.00,-1,-1,-1
43,36,383.00,175.00,38.00,70.00,1.00,-1,-1,-1
43,37,706.00,671.00,49.00,49.00,1.00,-1,-1,-1
44,27,1175.00,351.00,52.00,125.00,1.00,-1,-1,-1
44,2,1017.00,314.00,49.00,118.00,1.00,-1,-1,-1
44,6,140.00,387.00,55.00,119.00,1.00,-1,-1,-1
44,7,725.00,473.00,53.00,139.00,1.00,-1,-1,-1
44,3,452.00,302.00,43.00,113.00,1.00,-1,-1,-1
44,1,1024.00,417.00,62.00,112.00,1.00,-1,-1,-1
44,21,614.00,168.00,40.00,98.00,1.00,-1,-1,-1
44,20,826.00,488.00,54.00,114.00,1.00,-1,-1,-1
44,5,499.00,210.00,39.00,99.00,1.00,-1,-1,-1
44,29,56.00,81.00,36.00,80.00,1.00,-1,-1,-1
44,18,1156.00,152.00,49.00,107.00,1.00,-1,-1,-1
44,11,733.00,65.00,29.00,73.00,1.00,-1,-1,-1
44,9,468.00,92.00,33.00,93.00,1.00,-1,-1,-1
44,16,565.00,38.00,29.00,86.00,1.00,-1,-1,-1
44,17,531.00,35.00,27.00,84.00,1.00,-1,-1,-1
44,26,657.00,111.00,42.00,98.00,1.00,-1,-1,-1
44,4,1221.00,147.00,47.00,95.00,1.00,-1,-1,-1
44,25,219.00,0.00,29.00,58.00,1.00,-1,-1,-1
44,35,0.00,45.00,23.00,74.00,1.00,-1,-1,-1
44,14,383.00,234.00,43.00,96.00,1.00,-1,-1,-1
44,37,706.00,669.00,48.00,50.00,1.00,-1,-1,-1
45,27,1174.00,348.00,52.00,125.00,1.00,-1,-1,-1
45,2,1018.00,318.00,49.00,116.00,1.00,-1,-1,-1
45,6,140.00,390.00,54.00,115.00,1.00,-1,-1,-1
45,1,1026.00,419.00,63.00,112.00,1.00,-1,-1,-1
45,7,724.00,473.00,54.00,134.00,1.00,-1,-1,-1
45,3,452.00,301.00,43.00,114.00,1.00,-1,-1,-1
45,5,498.00,208.00,40.00,99.00,1.00,-1,-1,-1
45,21,615.00,169.00,40.00,97.00,1.00,-1,-1,-1
45,29,56.00,81.00,36.00,80.00,1.00,-1,-1,-1
45,20,823.00,487.00,55.00,115.00,1.00,-1,-1,-1
45,11,732.00,67.00,30.00,75.00,1.00,-1,-1,-1
45,18,1157.00,155.00,50.00,103.00,1.00,-1,-1,-1
45,37,707.00,666.00,46.00,54.00,1.00,-1,-1,-1
45,16,565.00,39.00,29.00,85.00,1.00,-1,-1,-1
45,9,468.00,90.00,34.00,94.00,1.00,-1,-1,-1
45,17,532.00,35.00,25.00,84.00,1.00,-1,-1,-1
45,25,220.00,0.00,32.00,57.00,1.00,-1,-1,-1
45,35,0.00,45.00,29.00,74.00,1.00,-1,-1,-1
45,4,1220.00,148.00,46.00,97.00,1.00,-1,-1,-1
45,24,71.00,576.00,70.00,122.00,1.00,-1,-1,-1
46,2,1018.00,320.00,50.00,118.00,1.00,-1,-1,-1
46,6,140.00,392.00,52.00,121.00,1.00,-1,-1,-1
46,27,1172.00,346.00,53.00,119.00,1.00,-1,-1,-1
46,1,1025.00,422.00,64.00,119.00,1.00,-1,-1,-1
46,3,451.00,299.00,44.00,116.00,1.00,-1,-1,-1
46,20,814.00,488.00,62.00,115.00,1.00,-1,-1,-1
46,7,722.00,470.00,55.00,132.00,1.00,-1,-1,-1
46,5,499.00,207.00,39.00,98.00,1.00,-1,-1,-1
46,21,615.00,169.00,40.00,98.00,1.00,-1,-1,-1
46,29,56.00,81.00,36.00,80.00,1.00,-1,-1,-1
46,11,732.00,68.00,29.00,74.00,1.00,-1,-1,-1
46,37,707.00,662.00,47.00,58.00,1.00,-1,-1,-1
46,9,468.00,88.00,34.00,95.00,1.00,-1,-1,-1
46,16,565.00,39.00,30.00,85.00,1.00,-1,-1,-1
46,17,532.00,34.00,27.00,85.00,1.00,-1,-1,-1
46,18,1161.00,153.00,46.00,107.00,1.00,-1,-1,-1
46,31,917.00,29.00,29.00,88.00,1.00,-1,-1,-1
46,26,657.00,113.00,42.00,99.00,1.00,-1,-1,-1
46,38,774.00,55.00,29.00,79.00,1.00,-1,-1,-1
46,4,1221.00,151.00,48.00,94.00,1.00,-1,-1,-1
47,6,139.00,395.00,53.00,123.00,1.00,-1,-1,-1
47,27,1170.00,344.00,55.00,117.00,1.00,-1,-1,-1
47,1,1028.00,423.00,63.00,128.00,1.00,-1,-1,-1
47,7,721.00,466.00,56.00,127.00,1.00,-1,-1,-1
47,2,1018.00,320.00,50.00,119.00,1.00,-1,-1,-1
47,3,451.00,297.00,45.00,119.00,1.00,-1,-1,-1
47,29,56.00,81.00,36.00,80.00,1.00,-1,-1,-1
47,21,615.00,169.00,41.00,100.00,1.00,-1,-1,-1
47,5,499.00,207.00,39.00,99.00,1.00,-1,-1,-1
47,20,812.00,489.00,62.00,114.00,1.00,-1,-1,-1
47,11,733.00,70.00,28.00,75.00,1.00,-1,-1,-1
47,37,707.00,659.00,45.00,61.00,1.00,-1,-1,-1
47,9,467.00,87.00,35.00,94.00,1.00,-1,-1,-1
47,31,917.00,29.00,30.00,88.00,1.00,-1,-1,-1
47,38,773.00,53.00,29.00,80.00,1.00,-1,-1,-1
47,26,657.00,115.00,42.00,98.00,1.00,-1,-1,-1
47,16,566.00,39.00,29.00,85.00,1.00,-1,-1,-1
47,17,532.00,35.00,25.00,84.00,1.00,-1,-1,-1
47,35,0.00,50.00,39.00,69.00,1.00,-1,-1,-1
48,6,138.00,400.00,53.00,129.00,1.00,-1,-1,-1
48,1,1029.00,430.00,63.00,131.00,1.00,-1,-1,-1
48,27,1166.00,341.00,54.00,112.00,1.00,-1,-1,-1
48,7,718.00,460.00,57.00,118.00,1.00,-1,-1,-1
48,2,1020.00,325.00,51.00,115.00,1.00,-1,-1,-1
48,21,615.00,169.00,42.00,100.00,1.00,-1,-1,-1
48,20,793.00,492.00,76.00,112.00,1.00,-1,-1,-1
48,29,57.00,81.00,35.00,79.00,1.00,-1,-1,-1
48,37,706.00,652.00,45.00,68.00,1.00,-1,-1,-1
48,3,450.00,294.00,46.00,122.00,1.00,-1,-1,-1
48,5,499.00,204.00,39.00,102.00,1.00,-1,-1,-1
48,11,733.00,74.00,29.00,73.00,1.00,-1,-1,-1
48,31,915.00,29.00,32.00,88.00,1.00,-1,-1,-1
48,24,75.00,578.00,73.00,119.00,1.00,-1,-1,-1
48,9,467.00,85.00,35.00,91.00,1.00,-1,-1,-1
48,14,383.00,242.00,49.00,91.00,1.00,-1,-1,-1
48,8,794.00,31.00,30.00,85.00,1.00,-1,-1,-1
48,35,2.00,49.00,42.00,71.00,1.00,-1,-1,-1
48,4,1225.00,154.00,43.00,94.00,1.00,-1,-1,-1
49,6,137.00,404.00,55.00,130.00,1.00,-1,-1,-1
49,1,1031.00,433.00,60.00,131.00,1.00,-1,-1,-1
49,27,1166.00,338.00,54.00,113.00,1.00,-1,-1,-1
49,29,57.00,81.00,35.00,79.00,1.00,-1,-1,-1
49,21,615.00,171.00,43.00,97.00,1.00,-1,-1,-1
49,20,791.00,492.00,75.00,113.00,1.00,-1,-1,-1
49,7,715.00,458.00,60.00,118.00,1.00,-1,-1,-1
49,3,452.00,293.00,45.00,110.00,1.00,-1,-1,-1
49,37,706.00,648.00,45.00,72.00,1.00,-1,-1,-1
49,5,500.00,204.00,37.00,101.00,1.00,-1,-1,-1
49,11,734.00,76.00,29.00,74.00,1.00,-1,-1,-1
49,2,1022.00,328.00,50.00,110.00,1.00,-1,-1,-1
49,31,914.00,28.00,33.00,89.00,1.00,-1,-1,-1
49,14,383.00,243.00,50.00,93.00,1.00,-1,-1,-1
49,24,76.00,579.00,75.00,116.00,1.00,-1,-1,-1
49,18,1164.00,161.00,45.00,96.00,1.00,-1,-1,-1
49,9,468.00,84.00,34.00,90.00,1.00,-1,-1,-1
49,15,1100.00,22.00,26.00,75.00,1.00,-1,-1,-1
49,8,794.00,31.00,30.00,86.00,1.00,-1,-1,-1
49,35,4.00,48.00,38.00,71.00,1.00,-1,-1,-1
49,38,772.00,46.00,30.00,81.00,1.00,-1,-1,-1
49,16,569.00,40.00,28.00,84.00,1.00,-1,-1,-1
49,33,1075.00,23.00,29.00,73.00,1.00,-1,-1,-1
49,4,1226.00,153.00,41.00,95.00,1.00,-1,-1,-1
50,6,136.00,406.00,55.00,130.00,1.00,-1,-1,-1
50,21,615.00,172.00,42.00,96.00,1.00,-1,-1,-1
50,20,789.00,492.00,74.00,113.00,1.00,-1,-1,-1
50,27,1165.00,336.00,55.00,114.00,1.00,-1,-1,-1
50,29,56.00,81.00,36.00,79.00,1.00,-1,-1,-1
50,1,1032.00,437.00,61.00,128.00,1.00,-1,-1,-1
50,37,706.00,644.00,46.00,76.00,1.00,-1,-1,-1
50,7,716.00,455.00,58.00,119.00,1.00,-1,-1,-1
50,24,78.00,580.00,77.00,117.00,1.00,-1,-1,-1
50,3,452.00,291.00,45.00,112.00,1.00,-1,-1,-1
50,9,468.00,82.00,33.00,90.00,1.00,-1,-1,-1
50,5,500.00,203.00,37.00,101.00,1.00,-1,-1,-1
50,35,7.00,49.00,39.00,69.00,1.00,-1,-1,-1
50,14,383.00,243.00,50.00,95.00,1.00,-1,-1,-1
50,11,735.00,78.00,28.00,73.00,1.00,-1,-1,-1
50,31,915.00,28.00,32.00,89.00,1.00,-1,-1,-1
50,15,1101.00,22.00,26.00,75.00,1.00,-1,-1,-1
50,4,1227.00,154.00,42.00,95.00,1.00,-1,-1,-1
50,18,1164.00,162.00,46.00,96.00,1.00,-1,-1,-1
50,17,532.00,33.00,26.00,86.00,1.00,-1,-1,-1
50,25,228.00,0.00,47.00,54.00,1.00,-1,-1,-1
50,8,793.00,31.00,30.00,86.00,1.00,-1,-1,-1
50,33,1075.00,24.00,30.00,74.00,1.00,-1,-1,-1
51,1,1032.00,440.00,63.00,129.00,1.00,-1,-1,-1
51,20,789.00,492.00,73.00,111.00,1.00,-1,-1,-1
51,6,135.00,410.00,56.00,128.00,1.00,-1,-1,-1
51,37,705.00,639.00,46.00,81.00,1.00,-1,-1,-1
51,21,614.00,173.00,42.00,96.00,1.00,-1,-1,-1
51,27,1158.00,335.00,60.00,117.00,1.00,-1,-1,-1
51,29,56.00,81.00,36.00,79.00,1.00,-1,-1,-1
51,7,714.00,451.00,59.00,122.00,1.00,-1,-1,-1
51,3,453.00,290.00,44.00,111.00,1.00,-1,-1,-1
51,24,79.00,581.00,80.00,118.00,1.00,-1,-1,-1
51,9,468.00,81.00,33.00,88.00,1.00,-1,-1,-1
51,5,500.00,201.00,37.00,103.00,1.00,-1,-1,-1
51,31,915.00,28.00,32.00,89.00,1.00,-1,-1,-1
51,14,383.00,244.00,50.00,95.00,1.00,-1,-1,-1
51,15,1103.00,22.00,24.00,74.00,1.00,-1,-1,-1
51,35,9.00,49.00,39.00,69.00,1.00,-1,-1,-1
51,18,1168.00,161.00,42.00,99.00,1.00,-1,-1,-1
51,25,230.00,0.00,45.00,54.00,1.00,-1,-1,-1
51,11,736.00,78.00,27.00,73.00,1.00,-1,-1,-1
51,33,1075.00,25.00,31.00,73.00,1.00,-1,-1,-1
51,17,531.00,34.00,26.00,85.00,1.00,-1,-1,-1
51,39,223.00,321.00,41.00,102.00,1.00,-1,-1,-1
51,8,793.00,28.00,30.00,89.00,1.00,-1,-1,-1
51,40,627.00,16.00,26.00,74.00,1.00,-1,-1,-1
51,16,570.00,39.00,28.00,83.00,1.00,-1,-1,-1
52,6,135.00,411.00,56.00,131.00,1.00,-1,-1,-1
52,1,1032.00,442.00,62.00,127.00,1.00,-1,-1,-1
52,27,1151.00,334.00,65.00,117.00,1.00,-1,-1,-1
52,20,789.00,493.00,71.00,110.00,1.00,-1,-1,-1
52,21,614.00,175.00,42.00,97.00,1.00,-1,-1,-1
52,3,455.00,287.00,42.00,113.00,1.00,-1,-1,-1
52,24,80.00,583.00,85.00,118.00,1.00,-1,-1,-1
52,37,704.00,634.00,47.00,86.00,1.00,-1,-1,-1
52,7,711.00,449.00,62.00,124.00,1.00,-1,-1,-1
52,29,55.00,81.00,37.00,79.00,1.00,-1,-1,-1
52,9,469.00,80.00,33.00,88.00,1.00,-1,-1,-1
52,5,501.00,199.00,37.00,104.00,1.00,-1,-1,-1
52,14,384.00,245.00,49.00,96.00,1.00,-1,-1,-1
52,31,915.00,28.00,32.00,89.00,1.00,-1,-1,-1
52,35,11.00,48.00,38.00,70.00,1.00,-1,-1,-1
52,15,1103.00,23.00,25.00,73.00,1.00,-1,-1,-1
52,25,231.00,1.00,45.00,53.00,1.00,-1,-1,-1
52,18,1167.00,164.00,44.00,101.00,1.00,-1,-1,-1
52,33,1076.00,25.00,30.00,73.00,1.00,-1,-1,-1
52,17,532.00,34.00,25.00,85.00,1.00,-1,-1,-1
52,39,224.00,321.00,38.00,103.00,1.00,-1,-1,-1
52,30,1124.00,43.00,40.00,89.00,1.00,-1,-1,-1
53,6,131.00,417.00,57.00,129.00,1.00,-1,-1,-1
53,37,703.00,629.00,46.00,91.00,1.00,-1,-1,-1
53,27,1146.00,331.00,66.00,120.00,1.00,-1,-1,-1
53,3,456.00,281.00,42.00,111.00,1.00,-1,-1,-1
53,21,612.00,175.00,44.00,99.00,1.00,-1,-1,-1
53,24,81.00,585.00,86.00,119.00,1.00,-1,-1,-1
53,29,56.00,80.00,35.00,80.00,1.00,-1,-1,-1
53,7,712.00,447.00,61.00,126.00,1.00,-1,-1,-1
53,5,502.00,196.00,37.00,101.00,1.00,-1,-1,-1
53,9,470.00,78.00,33.00,90.00,1.00,-1,-1,-1
53,20,793.00,492.00,60.00,110.00,1.00,-1,-1,-1
53,14,384.00,245.00,50.00,101.00,1.00,-1,-1,-1
53,35,14.00,47.00,37.00,70.00,1.00,-1,-1,-1
53,31,916.00,28.00,31.00,88.00,1.00,-1,-1,-1
53,25,235.00,1.00,38.00,52.00,1.00,-1,-1,-1
53,18,1165.00,164.00,47.00,105.00,1.00,-1,-1,-1
53,17,532.00,33.00,24.00,85.00,1.00,-1,-1,-1
53,16,572.00,41.00,28.00,80.00,1.00,-1,-1,-1
53,1,1036.00,445.00,60.00,125.00,1.00,-1,-1,-1
53,39,225.00,321.00,38.00,103.00,1.00,-1,-1,-1
53,8,791.00,26.00,31.00,90.00,1.00,-1,-1,-1
54,6,129.00,419.00,59.00,127.00,1.00,-1,-1,-1
54,37,700.00,625.00,49.00,95.00,1.00,-1,-1,-1
54,21,612.00,177.00,44.00,98.00,1.00,-1,-1,-1
54,3,456.00,279.00,42.00,110.00,1.00,-1,-1,-1
54,29,57.00,80.00,34.00,79.00,1.00,-1,-1,-1
54,27,1146.00,330.00,65.00,120.00,1.00,-1,-1,-1
54,24,82.00,587.00,85.00,118.00,1.00,-1,-1,-1
54,7,712.00,443.00,62.00,130.00,1.00,-1,-1,-1
54,5,502.00,194.00,36.00,101.00,1.00,-1,-1,-1
54,9,470.00,78.00,33.00,90.00,1.00,-1,-1,-1
54,18,1164.00,165.00,49.00,106.00,1.00,-1,-1,-1
54,20,793.00,491.00,57.00,111.00,1.00,-1,-1,-1
54,1,1037.00,446.00,61.00,123.00,1.00,-1,-1,-1
54,35,17.00,47.00,33.00,69.00,1.00,-1,-1,-1
54,14,385.00,248.00,48.00,98.00,1.00,-1,-1,-1
54,31,918.00,28.00,29.00,88.00,1.00,-1,-1,-1
54,16,572.00,40.00,28.00,81.00,1.00,-1,-1,-1
54,17,532.00,33.00,24.00,85.00,1.00,-1,-1,-1
54,25,238.00,0.00,33.00,51.00,1.00,-1,-1,-1
54,39,225.00,321.00,38.00,103.00,1.00,-1,-1,-1
54,8,791.00,25.00,31.00,90.00,1.00,-1,-1,-1
55,6,129.00,420.00,58.00,127.00,1.00,-1,-1,-1
55,37,698.00,622.00,50.00,98.00,1.00,-1,-1,-1
55,21,611.00,179.00,45.00,98.00,1.00,-1,-1,-1
55,24,84.00,588.00,83.00,118.00,1.00,-1,-1,-1
55,5,501.00,191.00,38.00,99.00,1.00,-1,-1,-1
55,3,456.00,276.00,43.00,110.00,1.00,-1,-1,-1
55,29,57.00,80.00,34.00,79.00,1.00,-1,-1,-1
55,27,1148.00,327.00,60.00,121.00,1.00,-1,-1,-1
55,7,712.00,442.00,61.00,131.00,1.00,-1,-1,-1
55,20,792.00,492.00,56.00,110.00,1.00,-1,-1,-1
55,1,1038.00,449.00,61.00,120.00,1.00,-1,-1,-1
55,9,470.00,76.00,32.00,91.00,1.00,-1,-1,-1
55,31,918.00,28.00,29.00,88.00,1.00,-1,-1,-1
55,17,532.00,33.00,24.00,85.00,1.00,-1,-1,-1
55,16,572.00,40.00,29.00,80.00,1.00,-1,-1,-1
55,18,1164.00,167.00,50.00,106.00,1.00,-1,-1,-1
55,14,385.00,248.00,48.00,98.00,1.00,-1,-1,-1
55,4,1230.00,157.00,42.00,95.00,1.00,-1,-1,-1
55,39,225.00,321.00,38.00,103.00,1.00,-1,-1,-1
55,35,20.00,46.00,28.00,69.00,1.00,-1,-1,-1
55,25,239.00,0.00,34.00,50.00,1.00,-1,-1,-1
55,36,383.00,188.00,37.00,77.00,1.00,-1,-1,-1
55,40,629.00,13.00,26.00,74.00,1.00,-1,-1,-1
56,20,793.00,492.00,50.00,110.00,1.00,-1,-1,-1
56,3,456.00,274.00,43.00,109.00,1.00,-1,-1,-1
56,6,128.00,422.00,58.00,125.00,1.00,-1,-1,-1
56,21,612.00,182.00,43.00,97.00,1.00,-1,-1,-1
56,24,85.00,589.00,84.00,119.00,1.00,-1,-1,-1
56,7,710.00,440.00,62.00,132.00,1.00,-1,-1,-1
56,29,56.00,80.00,36.00,79.00,1.00,-1,-1,-1
56,27,1147.00,326.00,59.00,121.00,1.00,-1,-1,-1
56,37,697.00,619.00,50.00,101.00,1.00,-1,-1,-1
56,1,1040.00,452.00,61.00,118.00,1.00,-1,-1,-1
56,5,501.00,191.00,38.00,97.00,1.00,-1,-1,-1
56,31,918.00,27.00,29.00,89.00,1.00,-1,-1,-1
56,17,532.00,32.00,24.00,86.00,1.00,-1,-1,-1
56,26,660.00,122.00,42.00,95.00,1.00,-1,-1,-1
56,11,735.00,80.00,31.00,72.00,1.00,-1,-1,-1
56,9,470.00,76.00,32.00,91.00,1.00,-1,-1,-1
56,14,385.00,246.00,50.00,100.00,1.00,-1,-1,-1
56,40,629.00,12.00,27.00,75.00,1.00,-1,-1,-1
56,18,1172.00,171.00,42.00,105.00,1.00,-1,-1,-1
56,16,572.00,39.00,29.00,81.00,1.00,-1,-1,-1
56,35,22.00,45.00,28.00,69.00,1.00,-1,-1,-1
56,39,225.00,321.00,38.00,103.00,1.00,-1,-1,-1
56,4,1229.00,161.00,43.00,93.00,1.00,-1,-1,-1
56,41,603.00,11.00,25.00,79.00,1.00,-1,-1,-1
56,28,1160.00,110.00,46.00,99.00,1.00,-1,-1,-1
57,3,457.00,272.00,42.00,110.00,1.00,-1,-1,-1
57,6,126.00,423.00,59.00,123.00,1.00,-1,-1,-1
57,24,86.00,590.00,84.00,122.00,1.00,-1,-1,-1
57,27,1145.00,322.00,58.00,120.00,1.00,-1,-1,-1
57,7,711.00,438.00,60.00,133.00,1.00,-1,-1,-1
57,37,695.00,615.00,50.00,105.00,1.00,-1,-1,-1
57,20,792.00,493.00,49.00,109.00,1.00,-1,-1,-1
57,21,611.00,182.00,43.00,99.00,1.00,-1,-1,-1
57,29,55.00,81.00,37.00,78.00,1.00,-1,-1,-1
57,5,501.00,189.00,37.00,97.00,1.00,-1,-1,-1
57,1,1042.00,454.00,60.00,115.00,1.00,-1,-1,-1
57,11,734.00,80.00,33.00,73.00,1.00,-1,-1,-1
57,18,1170.00,172.00,46.00,106.00,1.00,-1,-1,-1
57,26,660.00,124.00,42.00,97.00,1.00,-1,-1,-1
57,17,532.00,32.00,24.00,86.00,1.00,-1,-1,-1
57,9,471.00,75.00,31.00,92.00,1.00,-1,-1,-1
57,31,919.00,27.00,28.00,89.00,1.00,-1,-1,-1
57,14,385.00,249.00,49.00,97.00,1.00,-1,-1,-1
57,28,1160.00,110.00,46.00,101.00,1.00,-1,-1,-1
57,39,225.00,320.00,38.00,103.00,1.00,-1,-1,-1
57,36,383.00,189.00,37.00,76.00,1.00,-1,-1,-1
57,25,243.00,0.00,30.00,48.00,1.00,-1,-1,-1
57,2,1030.00,351.00,55.00,116.00,1.00,-1,-1,-1
57,35,23.00,44.00,29.00,69.00,1.00,-1,-1,-1
58,6,123.00,428.00,60.00,118.00,1.00,-1,-1,-1
58,27,1145.00,319.00,57.00,119.00,1.00,-1,-1,-1
58,7,712.00,432.00,59.00,131.00,1.00,-1,-1,-1
58,37,692.00,610.00,48.00,110.00,1.00,-1,-1,-1
58,3,457.00,268.00,44.00,115.00,1.00,-1,-1,-1
58,20,788.00,493.00,48.00,112.00,1.00,-1,-1,-1
58,1,1045.00,459.00,61.00,126.00,1.00,-1,-1,-1
58,18,1171.00,176.00,49.00,102.00,1.00,-1,-1,-1
58,5,502.00,185.00,37.00,96.00,1.00,-1,-1,-1
58,21,610.00,185.00,44.00,97.00,1.00,-1,-1,-1
58,11,733.00,83.00,35.00,77.00,1.00,-1,-1,-1
58,24,90.00,591.00,78.00,122.00,1.00,-1,-1,-1
58,29,53.00,79.00,38.00,80.00,1.00,-1,-1,-1
58,15,1105.00,24.00,30.00,78.00,1.00,-1,-1,-1
58,2,1032.00,355.00,56.00,117.00,1.00,-1,-1,-1
58,28,1160.00,111.00,47.00,97.00,1.00,-1,-1,-1
58,31,919.00,26.00,29.00,89.00,1.00,-1,-1,-1
58,41,661.00,126.00,42.00,102.00,1.00,-1,-1,-1
58,14,384.00,251.00,51.00,94.00,1.00,-1,-1,-1
58,9,473.00,73.00,32.00,89.00,1.00,-1,-1,-1
58,17,532.00,32.00,24.00,86.00,1.00,-1,-1,-1
58,39,226.00,320.00,38.00,104.00,1.00,-1,-1,-1
58,8,791.00,19.00,30.00,84.00,1.00,-1,-1,-1
59,6,121.00,430.00,61.00,120.00,1.00,-1,-1,-1
59,27,1145.00,316.00,54.00,117.00,1.00,-1,-1,-1
59,3,456.00,267.00,45.00,114.00,1.00,-1,-1,-1
59,20,785.00,494.00,49.00,110.00,1.00,-1,-1,-1
59,37,691.00,608.00,48.00,112.00,1.00,-1,-1,-1
59,7,711.00,429.00,59.00,130.00,1.00,-1,-1,-1
59,1,1046.00,463.00,61.00,131.00,1.00,-1,-1,-1
59,24,91.00,591.00,77.00,122.00,1.00,-1,-1,-1
59,5,501.00,182.00,37.00,98.00,1.00,-1,-1,-1
59,28,1161.00,111.00,47.00,97.00,1.00,-1,-1,-1
59,18,1173.00,177.00,49.00,101.00,1.00,-1,-1,-1
59,21,610.00,186.00,43.00,95.00,1.00,-1,-1,-1
59,14,384.00,251.00,50.00,97.00,1.00,-1,-1,-1
59,11,732.00,85.00,36.00,76.00,1.00,-1,-1,-1
59,15,1105.00,25.00,30.00,78.00,1.00,-1,-1,-1
59,2,1034.00,359.00,56.00,114.00,1.00,-1,-1,-1
59,9,473.00,72.00,32.00,89.00,1.00,-1,-1,-1
59,41,660.00,127.00,42.00,102.00,1.00,-1,-1,-1
59,29,50.00,77.00,41.00,81.00,1.00,-1,-1,-1
59,31,919.00,25.00,29.00,90.00,1.00,-1,-1,-1
59,39,226.00,320.00,38.00,103.00,1.00,-1,-1,-1
59,8,791.00,18.00,30.00,84.00,1.00,-1,-1,-1
59,17,531.00,32.00,25.00,86.00,1.00,-1,-1,-1
60,6,120.00,431.00,61.00,127.00,1.00,-1,-1,-1
60,24,93.00,592.00,76.00,123.00,1.00,-1,-1,-1
60,20,783.00,495.00,50.00,112.00,1.00,-1,-1,-1
60,3,457.00,266.00,44.00,117.00,1.00,-1,-1,-1
60,1,1046.00,467.00,61.00,131.00,1.00,-1,-1,-1
60,7,711.00,425.00,58.00,124.00,1.00,-1,-1,-1
60,27,1146.00,314.00,53.00,113.00,1.00,-1,-1,-1
60,28,1162.00,111.00,47.00,97.00,1.00,-1,-1,-1
60,21,609.00,186.00,43.00,93.00,1.00,-1,-1,-1
60,37,691.00,604.00,47.00,114.00,1.00,-1,-1,-1
60,14,384.00,252.00,50.00,98.00,1.00,-1,-1,-1
60,5,501.00,182.00,37.00,97.00,1.00,-1,-1,-1
60,11,732.00,85.00,36.00,77.00,1.00,-1,-1,-1
60,9,473.00,69.00,33.00,91.00,1.00,-1,-1,-1
60,2,1036.00,360.00,56.00,114.00,1.00,-1,-1,-1
60,15,1105.00,25.00,31.00,78.00,1.00,-1,-1,-1
60,18,1176.00,177.00,48.00,101.00,1.00,-1,-1,-1
60,41,660.00,128.00,42.00,101.00,1.00,-1,-1,-1
60,31,919.00,25.00,29.00,90.00,1.00,-1,-1,-1
60,39,226.00,319.00,39.00,104.00,1.00,-1,-1,-1
60,17,531.00,32.00,26.00,85.00,1.00,-1,-1,-1
60,8,791.00,17.00,29.00,85.00,1.00,-1,-1,-1
60,29,33.00,44.00,59.00,115.00,1.00,-1,-1,-1
61,6,120.00,434.00,61.00,130.00,1.00,-1,-1,-1
61,20,781.00,496.00,53.00,105.00,1.00,-1,-1,-1
61,24,94.00,591.00,75.00,124.00,1.00,-1,-1,-1
61,7,711.00,423.00,58.00,118.00,1.00,-1,-1,-1
61,27,1146.00,311.00,52.00,111.00,1.00,-1,-1,-1
61,1,1047.00,469.00,61.00,134.00,1.00,-1,-1,-1
61,21,609.00,187.00,43.00,94.00,1.00,-1,-1,-1
61,3,457.00,264.00,44.00,119.00,1.00,-1,-1,-1
61,28,1163.00,112.00,46.00,98.00,1.00,-1,-1,-1
61,5,501.00,180.00,37.00,98.00,1.00,-1,-1,-1
61,14,384.00,257.00,49.00,97.00,1.00,-1,-1,-1
61,37,690.00,602.00,48.00,114.00,1.00,-1,-1,-1
61,11,732.00,86.00,36.00,78.00,1.00,-1,-1,-1
61,9,472.00,68.00,34.00,88.00,1.00,-1,-1,-1
61,2,1038.00,361.00,56.00,112.00,1.00,-1,-1,-1
61,41,661.00,129.00,41.00,101.00,1.00,-1,-1,-1
61,17,531.00,32.00,26.00,85.00,1.00,-1,-1,-1
61,18,1173.00,179.00,51.00,98.00,1.00,-1,-1,-1
61,39,226.00,319.00,38.00,104.00,1.00,-1,-1,-1
61,42,603.00,13.00,27.00,79.00,1.00,-1,-1,-1
61,31,919.00,23.00,29.00,91.00,1.00,-1,-1,-1
61,15,1106.00,26.00,30.00,76.00,1.00,-1,-1,-1
61,43,35.00,44.00,57.00,115.00,1.00,-1,-1,-1
61,40,635.00,9.00,24.00,73.00,1.00,-1,-1,-1
61,8,791.00,16.00,29.00,85.00,1.00,-1,-1,-1
61,29,44.00,72.00,48.00,86.00,1.00,-1,-1,-1
62,6,118.00,438.00,63.00,133.00,1.00,-1,-1,-1
62,7,711.00,422.00,57.00,113.00,1.00,-1,-1,-1
62,20,777.00,498.00,57.00,101.00,1.00,-1,-1,-1
62,24,96.00,592.00,73.00,123.00,1.00,-1,-1,-1
62,1,1049.00,471.00,63.00,134.00,1.00,-1,-1,-1
62,3,458.00,264.00,44.00,114.00,1.00,-1,-1,-1
62,27,1147.00,309.00,50.00,111.00,1.00,-1,-1,-1
62,21,609.00,188.00,43.00,93.00,1.00,-1,-1,-1
62,28,1165.00,113.00,44.00,98.00,1.00,-1,-1,-1
62,37,689.00,597.00,47.00,123.00,1.00,-1,-1,-1
62,2,1038.00,363.00,58.00,109.00,1.00,-1,-1,-1
62,5,500.00,180.00,38.00,99.00,1.00,-1,-1,-1
62,14,384.00,259.00,48.00,97.00,1.00,-1,-1,-1
62,9,473.00,66.00,32.00,86.00,1.00,-1,-1,-1
62,11,732.00,86.00,35.00,78.00,1.00,-1,-1,-1
62,41,661.00,130.00,41.00,102.00,1.00,-1,-1,-1
62,18,1174.00,181.00,50.00,96.00,1.00,-1,-1,-1
62,8,791.00,16.00,29.00,85.00,1.00,-1,-1,-1
62,39,226.00,319.00,38.00,104.00,1.00,-1,-1,-1
62,31,919.00,23.00,29.00,90.00,1.00,-1,-1,-1
62,17,531.00,32.00,26.00,85.00,1.00,-1,-1,-1
62,43,45.00,74.00,47.00,84.00,1.00,-1,-1,-1
62,36,384.00,197.00,42.00,71.00,1.00,-1,-1,-1
62,15,1107.00,26.00,31.00,78.00,1.00,-1,-1,-1
62,40,636.00,9.00,23.00,72.00,1.00,-1,-1,-1
63,6,118.00,444.00,65.00,133.00,1.00,-1,-1,-1
63,27,1148.00,304.00,46.00,115.00,1.00,-1,-1,-1
63,7,710.00,417.00,56.00,115.00,1.00,-1,-1,-1
63,24,97.00,593.00,73.00,123.00,1.00,-1,-1,-1
63,1,1053.00,479.00,63.00,131.00,1.00,-1,-1,-1
63,37,684.00,590.00,49.00,117.00,1.00,-1,-1,-1
63,21,609.00,190.00,44.00,97.00,1.00,-1,-1,-1
63,3,458.00,260.00,43.00,115.00,1.00,-1,-1,-1
63,28,1165.00,119.00,44.00,90.00,1.00,-1,-1,-1
63,2,1041.00,368.00,57.00,112.00,1.00,-1,-1,-1
63,5,499.00,179.00,38.00,100.00,1.00,-1,-1,-1
63,20,775.00,500.00,56.00,101.00,1.00,-1,-1,-1
63,14,385.00,259.00,46.00,100.00,1.00,-1,-1,-1
63,9,472.00,64.00,33.00,87.00,1.00,-1,-1,-1
63,41,661.00,131.00,42.00,102.00,1.00,-1,-1,-1
63,30,1133.00,47.00,44.00,92.00,1.00,-1,-1,-1
63,8,790.00,15.00,29.00,87.00,1.00,-1,-1,-1
63,29,41.00,66.00,51.00,92.00,1.00,-1,-1,-1
63,11,734.00,87.00,32.00,78.00,1.00,-1,-1,-1
63,31,919.00,23.00,29.00,90.00,1.00,-1,-1,-1
63,15,1112.00,27.00,27.00,76.00,1.00,-1,-1,-1
63,39,226.00,318.00,39.00,104.00,1.00,-1,-1,-1
63,17,532.00,32.00,25.00,84.00,1.00,-1,-1,-1
63,18,1177.00,179.00,53.00,100.00,1.00,-1,-1,-1
63,33,1087.00,31.00,25.00,71.00,1.00,-1,-1,-1
63,40,636.00,6.00,25.00,73.00,1.00,-1,-1,-1
64,6,118.00,446.00,64.00,135.00,1.00,-1,-1,-1
64,27,1146.00,303.00,47.00,114.00,1.00,-1,-1,-1
64,7,710.00,414.00,55.00,119.00,1.00,-1,-1,-1
64,37,684.00,586.00,50.00,117.00,1.00,-1,-1,-1
64,2,1044.00,371.00,55.00,120.00,1.00,-1,-1,-1
64,1,1051.00,478.00,64.00,135.00,1.00,-1,-1,-1
64,3,458.00,257.00,43.00,116.00,1.00,-1,-1,-1
64,24,97.00,593.00,73.00,122.00,1.00,-1,-1,-1
64,21,608.00,191.00,45.00,100.00,1.00,-1,-1,-1
64,28,1165.00,120.00,45.00,91.00,1.00,-1,-1,-1
64,29,43.00,43.00,49.00,115.00,1.00,-1,-1,-1
64,41,661.00,131.00,42.00,102.00,1.00,-1,-1,-1
64,20,773.00,502.00,54.00,99.00,1.00,-1,-1,-1
64,14,385.00,259.00,45.00,103.00,1.00,-1,-1,-1
64,5,498.00,177.00,38.00,99.00,1.00,-1,-1,-1
64,30,1134.00,48.00,43.00,91.00,1.00,-1,-1,-1
64,9,472.00,63.00,32.00,87.00,1.00,-1,-1,-1
64,31,919.00,23.00,29.00,90.00,1.00,-1,-1,-1
64,39,226.00,318.00,39.00,104.00,1.00,-1,-1,-1
64,15,1112.00,26.00,28.00,77.00,1.00,-1,-1,-1
64,8,790.00,15.00,29.00,87.00,1.00,-1,-1,-1
64,11,735.00,87.00,32.00,77.00,1.00,-1,-1,-1
64,17,532.00,32.00,25.00,85.00,1.00,-1,-1,-1
64,4,1237.00,173.00,42.00,94.00,1.00,-1,-1,-1
65,6,117.00,449.00,64.00,135.00,1.00,-1,-1,-1
65,37,683.00,582.00,49.00,115.00,1.00,-1,-1,-1
65,27,1145.00,301.00,47.00,115.00,1.00,-1,-1,-1
65,7,710.00,411.00,55.00,123.00,1.00,-1,-1,-1
65,24,99.00,594.00,71.00,121.00,1.00,-1,-1,-1
65,3,458.00,255.00,43.00,114.00,1.00,-1,-1,-1
65,21,608.00,191.00,45.00,103.00,1.00,-1,-1,-1
65,1,1056.00,481.00,64.00,130.00,1.00,-1,-1,-1
65,29,45.00,42.00,47.00,115.00,1.00,-1,-1,-1
65,2,1046.00,374.00,53.00,124.00,1.00,-1,-1,-1
65,20,771.00,504.00,57.00,109.00,1.00,-1,-1,-1
65,30,1133.00,50.00,46.00,93.00,1.00,-1,-1,-1
65,28,1166.00,120.00,44.00,91.00,1.00,-1,-1,-1
65,41,661.00,132.00,42.00,101.00,1.00,-1,-1,-1
65,9,472.00,61.00,32.00,89.00,1.00,-1,-1,-1
65,14,385.00,261.00,46.00,105.00,1.00,-1,-1,-1
65,5,496.00,175.00,39.00,97.00,1.00,-1,-1,-1
65,31,919.00,22.00,29.00,91.00,1.00,-1,-1,-1
65,36,385.00,199.00,39.00,76.00,1.00,-1,-1,-1
65,39,226.00,318.00,38.00,104.00,1.00,-1,-1,-1
65,8,788.00,14.00,31.00,88.00,1.00,-1,-1,-1
65,11,736.00,86.00,31.00,77.00,1.00,-1,-1,-1
65,17,533.00,32.00,24.00,84.00,1.00,-1,-1,-1
66,6,116.00,451.00,64.00,136.00,1.00,-1,-1,-1
66,37,683.00,579.00,47.00,115.00,1.00,-1,-1,-1
66,27,1144.00,300.00,47.00,116.00,1.00,-1,-1,-1
66,2,1047.00,377.00,54.00,124.00,1.00,-1,-1,-1
66,1,1058.00,483.00,64.00,129.00,1.00,-1,-1,-1
66,7,710.00,410.00,53.00,125.00,1.00,-1,-1,-1
66,24,101.00,595.00,71.00,122.00,1.00,-1,-1,-1
66,3,459.00,251.00,41.00,111.00,1.00,-1,-1,-1
66,21,609.00,194.00,44.00,101.00,1.00,-1,-1,-1
66,29,46.00,40.00,46.00,117.00,1.00,-1,-1,-1
66,28,1166.00,121.00,44.00,91.00,1.00,-1,-1,-1
66,9,470.00,60.00,35.00,90.00,1.00,-1,-1,-1
66,30,1134.00,51.00,45.00,94.00,1.00,-1,-1,-1
66,5,496.00,174.00,39.00,96.00,1.00,-1,-1,-1
66,14,385.00,263.00,45.00,105.00,1.00,-1,-1,-1
66,20,768.00,505.00,55.00,129.00,1.00,-1,-1,-1
66,31,920.00,22.00,28.00,90.00,1.00,-1,-1,-1
66,11,736.00,87.00,31.00,77.00,1.00,-1,-1,-1
66,36,385.00,200.00,39.00,77.00,1.00,-1,-1,-1
66,41,662.00,133.00,41.00,99.00,1.00,-1,-1,-1
66,17,533.00,32.00,24.00,84.00,1.00,-1,-1,-1
66,39,227.00,318.00,37.00,103.00,1.00,-1,-1,-1
66,33,1089.00,31.00,31.00,73.00,1.00,-1,-1,-1
66,42,603.00,18.00,26.00,81.00,1.00,-1,-1,-1
67,6,116.00,453.00,63.00,134.00,1.00,-1,-1,-1
67,37,682.00,576.00,48.00,117.00,1.00,-1,-1,-1
67,27,1142.00,299.00,47.00,117.00,1.00,-1,-1,-1
67,24,102.00,596.00,70.00,122.00,1.00,-1,-1,-1
67,3,459.00,249.00,41.00,107.00,1.00,-1,-1,-1
67,7,709.00,409.00,52.00,124.00,1.00,-1,-1,-1
67,1,1059.00,485.00,65.00,128.00,1.00,-1,-1,-1
67,21,609.00,196.00,44.00,101.00,1.00,-1,-1,-1
67,29,48.00,39.00,45.00,118.00,1.00,-1,-1,-1
67,2,1046.00,380.00,57.00,123.00,1.00,-1,-1,-1
67,28,1166.00,122.00,45.00,93.00,1.00,-1,-1,-1
67,20,768.00,507.00,57.00,100.00,1.00,-1,-1,-1
67,30,1135.00,52.00,44.00,93.00,1.00,-1,-1,-1
67,11,736.00,87.00,31.00,76.00,1.00,-1,-1,-1
67,36,385.00,200.00,39.00,81.00,1.00,-1,-1,-1
67,5,498.00,173.00,36.00,96.00,1.00,-1,-1,-1
67,14,384.00,264.00,46.00,104.00,1.00,-1,-1,-1
67,9,471.00,58.00,33.00,93.00,1.00,-1,-1,-1
67,31,920.00,22.00,28.00,90.00,1.00,-1,-1,-1
67,41,662.00,133.00,41.00,100.00,1.00,-1,-1,-1
67,17,533.00,32.00,24.00,84.00,1.00,-1,-1,-1
67,33,1088.00,31.00,33.00,74.00,1.00,-1,-1,-1
67,39,226.00,318.00,37.00,103.00,1.00,-1,-1,-1
67,42,604.00,18.00,24.00,81.00,1.00,-1,-1,-1
68,6,114.00,460.00,63.00,127.00,1.00,-1,-1,-1
68,3,460.00,246.00,41.00,105.00,1.00,-1,-1,-1
68,20,765.00,511.00,53.00,126.00,1.00,-1,-1,-1
68,37,682.00,570.00,43.00,124.00,1.00,-1,-1,-1
68,7,707.00,405.00,52.00,125.00,1.00,-1,-1,-1
68,27,1139.00,297.00,47.00,119.00,1.00,-1,-1,-1
68,24,103.00,600.00,69.00,119.00,1.00,-1,-1,-1
68,1,1063.00,489.00,66.00,121.00,1.00,-1,-1,-1
68,29,54.00,39.00,38.00,117.00,1.00,-1,-1,-1
68,21,608.00,199.00,45.00,102.00,1.00,-1,-1,-1
68,36,386.00,201.00,38.00,82.00,1.00,-1,-1,-1
68,28,1167.00,124.00,45.00,95.00,1.00,-1,-1,-1
68,11,736.00,91.00,31.00,75.00,1.00,-1,-1,-1
68,30,1135.00,55.00,43.00,93.00,1.00,-1,-1,-1
68,31,920.00,23.00,28.00,89.00,1.00,-1,-1,-1
68,5,497.00,170.00,36.00,91.00,1.00,-1,-1,-1
68,33,1089.00,31.00,35.00,74.00,1.00,-1,-1,-1
68,9,471.00,56.00,33.00,93.00,1.00,-1,-1,-1
68,17,533.00,32.00,25.00,83.00,1.00,-1,-1,-1
68,41,663.00,133.00,41.00,100.00,1.00,-1,-1,-1
68,18,1180.00,190.00,54.00,108.00,1.00,-1,-1,-1
68,4,1246.00,175.00,33.00,97.00,1.00,-1,-1,-1
68,42,603.00,18.00,25.00,80.00,1.00,-1,-1,-1
69,6,113.00,462.00,62.00,124.00,1.00,-1,-1,-1
69,20,762.00,512.00,51.00,124.00,1.00,-1,-1,-1
69,3,460.00,244.00,41.00,106.00,1.00,-1,-1,-1
69,37,682.00,567.00,40.00,126.00,1.00,-1,-1,-1
69,7,709.00,402.00,50.00,128.00,1.00,-1,-1,-1
69,21,608.00,199.00,46.00,105.00,1.00,-1,-1,-1
69,27,1137.00,294.00,47.00,119.00,1.00,-1,-1,-1
69,1,1063.00,494.00,68.00,117.00,1.00,-1,-1,-1
69,29,55.00,38.00,37.00,119.00,1.00,-1,-1,-1
69,24,104.00,601.00,69.00,118.00,1.00,-1,-1,-1
69,11,736.00,92.00,32.00,75.00,1.00,-1,-1,-1
69,36,386.00,202.00,39.00,81.00,1.00,-1,-1,-1
69,28,1167.00,126.00,45.00,95.00,1.00,-1,-1,-1
69,5,494.00,168.00,38.00,91.00,1.00,-1,-1,-1
69,31,920.00,23.00,28.00,89.00,1.00,-1,-1,-1
69,41,663.00,134.00,41.00,100.00,1.00,-1,-1,-1
69,18,1180.00,190.00,55.00,108.00,1.00,-1,-1,-1
69,30,1135.00,55.00,43.00,93.00,1.00,-1,-1,-1
69,33,1090.00,32.00,34.00,72.00,1.00,-1,-1,-1
69,17,533.00,32.00,25.00,83.00,1.00,-1,-1,-1
69,4,1247.00,175.00,32.00,101.00,1.00,-1,-1,-1
69,44,786.00,680.00,51.00,40.00,1.00,-1,-1,-1
70,20,761.00,514.00,50.00,123.00,1.00,-1,-1,-1
70,3,459.00,241.00,43.00,108.00,1.00,-1,-1,-1
70,37,684.00,565.00,38.00,127.00,1.00,-1,-1,-1
70,7,706.00,400.00,54.00,128.00,1.00,-1,-1,-1
70,6,112.00,463.00,60.00,122.00,1.00,-1,-1,-1
70,21,609.00,200.00,45.00,104.00,1.00,-1,-1,-1
70,27,1134.00,291.00,49.00,117.00,1.00,-1,-1,-1
70,29,56.00,37.00,36.00,120.00,1.00,-1,-1,-1
70,44,784.00,675.00,57.00,45.00,1.00,-1,-1,-1
70,11,736.00,93.00,32.00,75.00,1.00,-1,-1,-1
70,28,1167.00,126.00,46.00,97.00,1.00,-1,-1,-1
70,41,663.00,136.00,41.00,102.00,1.00,-1,-1,-1
70,5,495.00,167.00,37.00,91.00,1.00,-1,-1,-1
70,1,1064.00,496.00,70.00,123.00,1.00,-1,-1,-1
70,18,1180.00,191.00,55.00,107.00,1.00,-1,-1,-1
70,36,386.00,203.00,39.00,81.00,1.00,-1,-1,-1
70,31,920.00,23.00,28.00,89.00,1.00,-1,-1,-1
70,33,1091.00,30.00,35.00,75.00,1.00,-1,-1,-1
70,17,533.00,32.00,25.00,83.00,1.00,-1,-1,-1
70,9,472.00,55.00,32.00,89.00,1.00,-1,-1,-1
70,30,1137.00,56.00,42.00,91.00,1.00,-1,-1,-1
71,20,760.00,515.00,48.00,123.00,1.00,-1,-1,-1
71,3,459.00,240.00,44.00,109.00,1.00,-1,-1,-1
71,7,706.00,396.00,53.00,128.00,1.00,-1,-1,-1
71,27,1132.00,288.00,50.00,117.00,1.00,-1,-1,-1
71,37,682.00,562.00,40.00,129.00,1.00,-1,-1,-1
71,44,782.00,670.00,63.00,50.00,1.00,-1,-1,-1
71,6,110.00,463.00,59.00,123.00,1.00,-1,-1,-1
71,21,609.00,202.00,46.00,102.00,1.00,-1,-1,-1
71,1,1066.00,499.00,70.00,131.00,1.00,-1,-1,-1
71,29,57.00,36.00,35.00,120.00,1.00,-1,-1,-1
71,11,736.00,95.00,32.00,76.00,1.00,-1,-1,-1
71,28,1167.00,127.00,47.00,94.00,1.00,-1,-1,-1
71,5,494.00,165.00,37.00,93.00,1.00,-1,-1,-1
71,31,920.00,23.00,28.00,89.00,1.00,-1,-1,-1
71,45,0.00,340.00,27.00,98.00,1.00,-1,-1,-1
71,36,386.00,205.00,38.00,77.00,1.00,-1,-1,-1
71,33,1092.00,30.00,33.00,74.00,1.00,-1,-1,-1
71,14,382.00,276.00,49.00,92.00,1.00,-1,-1,-1
71,26,662.00,139.00,42.00,101.00,1.00,-1,-1,-1
71,17,534.00,31.00,25.00,84.00,1.00,-1,-1,-1
71,18,1181.00,191.00,55.00,107.00,1.00,-1,-1,-1
71,46,781.00,210.00,41.00,85.00,1.00,-1,-1,-1
71,47,887.00,0.00,28.00,71.00,1.00,-1,-1,-1
72,1,1067.00,503.00,70.00,136.00,1.00,-1,-1,-1
72,20,758.00,513.00,49.00,127.00,1.00,-1,-1,-1
72,27,1132.00,287.00,50.00,114.00,1.00,-1,-1,-1
72,6,108.00,466.00,59.00,120.00,1.00,-1,-1,-1
72,3,460.00,239.00,43.00,100.00,1.00,-1,-1,-1
72,37,681.00,560.00,38.00,130.00,1.00,-1,-1,-1
72,7,706.00,395.00,53.00,124.00,1.00,-1,-1,-1
72,44,782.00,667.00,65.00,53.00,1.00,-1,-1,-1
72,28,1166.00,127.00,48.00,96.00,1.00,-1,-1,-1
72,29,57.00,37.00,37.00,118.00,1.00,-1,-1,-1
72,21,609.00,202.00,47.00,103.00,1.00,-1,-1,-1
72,11,738.00,95.00,30.00,76.00,1.00,-1,-1,-1
72,18,1183.00,193.00,53.00,103.00,1.00,-1,-1,-1
72,45,0.00,332.00,31.00,108.00,1.00,-1,-1,-1
72,2,1055.00,394.00,59.00,119.00,1.00,-1,-1,-1
72,43,58.00,70.00,36.00,86.00,1.00,-1,-1,-1
72,46,780.00,209.00,42.00,85.00,1.00,-1,-1,-1
72,14,382.00,274.00,50.00,93.00,1.00,-1,-1,-1
72,5,494.00,164.00,37.00,94.00,1.00,-1,-1,-1
72,31,920.00,23.00,28.00,89.00,1.00,-1,-1,-1
72,17,534.00,32.00,25.00,83.00,1.00,-1,-1,-1
72,47,886.00,0.00,29.00,71.00,1.00,-1,-1,-1
72,26,662.00,140.00,41.00,105.00,1.00,-1,-1,-1
72,36,385.00,206.00,41.00,78.00,1.00,-1,-1,-1
72,4,1248.00,189.00,31.00,93.00,1.00,-1,-1,-1
73,6,106.00,471.00,59.00,132.00,1.00,-1,-1,-1
73,27,1130.00,282.00,50.00,114.00,1.00,-1,-1,-1
73,1,1071.00,509.00,67.00,136.00,1.00,-1,-1,-1
73,20,753.00,517.00,50.00,122.00,1.00,-1,-1,-1
73,28,1166.00,127.00,50.00,100.00,1.00,-1,-1,-1
73,37,680.00,552.00,37.00,132.00,1.00,-1,-1,-1
73,44,784.00,658.00,62.00,61.00,1.00,-1,-1,-1
73,7,704.00,389.00,55.00,114.00,1.00,-1,-1,-1
73,3,459.00,237.00,43.00,104.00,1.00,-1,-1,-1
73,43,57.00,69.00,42.00,87.00,1.00,-1,-1,-1
73,21,609.00,203.00,48.00,101.00,1.00,-1,-1,-1
73,14,380.00,269.00,53.00,102.00,1.00,-1,-1,-1
73,11,738.00,97.00,31.00,77.00,1.00,-1,-1,-1
73,5,493.00,161.00,36.00,96.00,1.00,-1,-1,-1
73,45,0.00,338.00,38.00,110.00,1.00,-1,-1,-1
73,24,105.00,605.00,70.00,115.00,1.00,-1,-1,-1
73,9,472.00,49.00,33.00,86.00,1.00,-1,-1,-1
73,46,779.00,207.00,43.00,87.00,1.00,-1,-1,-1
73,26,663.00,143.00,41.00,104.00,1.00,-1,-1,-1
73,15,1118.00,28.00,29.00,75.00,1.00,-1,-1,-1
73,29,59.00,40.00,45.00,115.00,1.00,-1,-1,-1
73,31,920.00,23.00,27.00,88.00,1.00,-1,-1,-1
73,18,1186.00,193.00,52.00,104.00,1.00,-1,-1,-1
73,17,534.00,31.00,25.00,83.00,1.00,-1,-1,-1
73,2,1059.00,399.00,58.00,112.00,1.00,-1,-1,-1
73,8,791.00,2.00,28.00,83.00,1.00,-1,-1,-1
73,33,1097.00,30.00,28.00,73.00,1.00,-1,-1,-1
74,6,105.00,475.00,60.00,133.00,1.00,-1,-1,-1
74,1,1069.00,513.00,70.00,135.00,1.00,-1,-1,-1
74,27,1129.00,280.00,50.00,112.00,1.00,-1,-1,-1
74,44,783.00,655.00,63.00,64.00,1.00,-1,-1,-1
74,7,704.00,385.00,54.00,114.00,1.00,-1,-1,-1
74,20,751.00,522.00,49.00,116.00,1.00,-1,-1,-1
74,37,680.00,549.00,38.00,129.00,1.00,-1,-1,-1
74,28,1168.00,129.00,48.00,100.00,1.00,-1,-1,-1
74,3,459.00,235.00,43.00,105.00,1.00,-1,-1,-1
74,5,493.00,160.00,36.00,97.00,1.00,-1,-1,-1
74,14,379.00,273.00,53.00,102.00,1.00,-1,-1,-1
74,11,738.00,98.00,32.00,76.00,1.00,-1,-1,-1
74,45,0.00,339.00,41.00,111.00,1.00,-1,-1,-1
74,21,609.00,204.00,48.00,99.00,1.00,-1,-1,-1
74,24,106.00,608.00,69.00,112.00,1.00,-1,-1,-1
74,9,472.00,48.00,32.00,86.00,1.00,-1,-1,-1
74,15,1118.00,28.00,29.00,75.00,1.00,-1,-1,-1
74,43,58.00,69.00,47.00,85.00,1.00,-1,-1,-1
74,26,663.00,143.00,41.00,105.00,1.00,-1,-1,-1
74,18,1189.00,193.00,53.00,104.00,1.00,-1,-1,-1
74,17,534.00,31.00,25.00,83.00,1.00,-1,-1,-1
74,31,920.00,23.00,27.00,88.00,1.00,-1,-1,-1
74,36,385.00,209.00,42.00,76.00,1.00,-1,-1,-1
74,38,790.00,0.00,29.00,85.00,1.00,-1,-1,-1
74,2,1061.00,401.00,57.00,112.00,1.00,-1,-1,-1
74,46,778.00,207.00,44.00,86.00,1.00,-1,-1,-1
74,29,59.00,41.00,53.00,113.00,1.00,-1,-1,-1
75,6,103.00,478.00,62.00,137.00,1.00,-1,-1,-1
75,44,782.00,653.00,64.00,67.00,1.00,-1,-1,-1
75,1,1071.00,518.00,68.00,137.00,1.00,-1,-1,-1
75,7,703.00,383.00,55.00,110.00,1.00,-1,-1,-1
75,27,1126.00,279.00,51.00,111.00,1.00,-1,-1,-1
75,28,1168.00,132.00,48.00,100.00,1.00,-1,-1,-1
75,37,678.00,546.00,39.00,125.00,1.00,-1,-1,-1
75,20,747.00,523.00,51.00,114.00,1.00,-1,-1,-1
75,3,460.00,233.00,43.00,103.00,1.00,-1,-1,-1
75,45,0.00,342.00,43.00,110.00,1.00,-1,-1,-1
75,5,493.00,160.00,36.00,97.00,1.00,-1,-1,-1
75,14,379.00,276.00,53.00,103.00,1.00,-1,-1,-1
75,21,610.00,203.00,46.00,99.00,1.00,-1,-1,-1
75,11,739.00,98.00,32.00,76.00,1.00,-1,-1,-1
75,24,106.00,613.00,71.00,107.00,1.00,-1,-1,-1
75,9,473.00,48.00,32.00,85.00,1.00,-1,-1,-1
75,2,1063.00,405.00,57.00,112.00,1.00,-1,-1,-1
75,15,1119.00,28.00,28.00,75.00,1.00,-1,-1,-1
75,18,1191.00,196.00,49.00,101.00,1.00,-1,-1,-1
75,17,534.00,31.00,25.00,83.00,1.00,-1,-1,-1
75,8,789.00,0.00,29.00,85.00,1.00,-1,-1,-1
75,26,663.00,144.00,41.00,105.00,1.00,-1,-1,-1
75,31,920.00,23.00,27.00,88.00,1.00,-1,-1,-1
75,36,385.00,211.00,42.00,76.00,1.00,-1,-1,-1
75,43,57.00,75.00,35.00,80.00,1.00,-1,-1,-1
75,46,777.00,206.00,45.00,87.00,1.00,-1,-1,-1
75,39,226.00,317.00,35.00,94.00,1.00,-1,-1,-1
75,48,444.00,683.00,56.00,37.00,1.00,-1,-1,-1
76,6,103.00,481.00,62.00,136.00,1.00,-1,-1,-1
76,44,781.00,648.00,64.00,72.00,1.00,-1,-1,-1
76,7,703.00,380.00,56.00,112.00,1.00,-1,-1,-1
76,27,1124.00,277.00,52.00,110.00,1.00,-1,-1,-1
76,20,745.00,525.00,52.00,113.00,1.00,-1,-1,-1
76,37,677.00,543.00,43.00,119.00,1.00,-1,-1,-1
76,1,1072.00,520.00,66.00,138.00,1.00,-1,-1,-1
76,45,0.00,347.00,42.00,107.00,1.00,-1,-1,-1
76,21,610.00,205.00,45.00,98.00,1.00,-1,-1,-1
76,5,493.00,159.00,35.00,97.00,1.00,-1,-1,-1
76,28,1168.00,135.00,48.00,103.00,1.00,-1,-1,-1
76,3,460.00,231.00,42.00,108.00,1.00,-1,-1,-1
76,11,739.00,99.00,33.00,76.00,1.00,-1,-1,-1
76,48,441.00,678.00,59.00,42.00,1.00,-1,-1,-1
76,14,379.00,282.00,54.00,100.00,1.00,-1,-1,-1
76,18,1195.00,197.00,46.00,103.00,1.00,-1,-1,-1
76,9,473.00,47.00,33.00,85.00,1.00,-1,-1,-1
76,15,1118.00,29.00,30.00,76.00,1.00,-1,-1,-1
76,24,106.00,614.00,71.00,106.00,1.00,-1,-1,-1
76,17,534.00,31.00,25.00,83.00,1.00,-1,-1,-1
76,8,789.00,0.00,28.00,85.00,1.00,-1,-1,-1
76,31,920.00,22.00,27.00,89.00,1.00,-1,-1,-1
76,26,663.00,146.00,41.00,103.00,1.00,-1,-1,-1
76,2,1062.00,410.00,62.00,116.00,1.00,-1,-1,-1
76,46,778.00,204.00,43.00,89.00,1.00,-1,-1,-1
76,36,385.00,214.00,41.00,75.00,1.00,-1,-1,-1
76,49,765.00,18.00,29.00,76.00,1.00,-1,-1,-1
76,30,1139.00,59.00,41.00,90.00,1.00,-1,-1,-1
76,39,226.00,317.00,34.00,94.00,1.00,-1,-1,-1
77,6,102.00,486.00,63.00,134.00,1.00,-1,-1,-1
77,44,779.00,640.00,66.00,80.00,1.00,-1,-1,-1
77,20,741.00,527.00,55.00,118.00,1.00,-1,-1,-1
77,37,676.00,538.00,44.00,119.00,1.00,-1,-1,-1
77,7,703.00,378.00,56.00,113.00,1.00,-1,-1,-1
77,27,1121.00,276.00,53.00,110.00,1.00,-1,-1,-1
77,2,1065.00,412.00,60.00,117.00,1.00,-1,-1,-1
77,48,440.00,676.00,60.00,44.00,1.00,-1,-1,-1
77,3,460.00,229.00,42.00,106.00,1.00,-1,-1,-1
77,21,610.00,207.00,45.00,100.00,1.00,-1,-1,-1
77,5,492.00,156.00,36.00,100.00,1.00,-1,-1,-1
77,11,739.00,100.00,33.00,74.00,1.00,-1,-1,-1
77,45,0.00,350.00,44.00,108.00,1.00,-1,-1,-1
77,14,379.00,280.00,54.00,102.00,1.00,-1,-1,-1
77,28,1169.00,135.00,47.00,104.00,1.00,-1,-1,-1
77,1,1074.00,524.00,66.00,134.00,1.00,-1,-1,-1
77,18,1193.00,197.00,50.00,106.00,1.00,-1,-1,-1
77,49,765.00,15.00,29.00,77.00,1.00,-1,-1,-1
77,9,474.00,45.00,32.00,87.00,1.00,-1,-1,-1
77,8,788.00,0.00,28.00,84.00,1.00,-1,-1,-1
77,24,106.00,615.00,73.00,105.00,1.00,-1,-1,-1
77,17,534.00,31.00,25.00,83.00,1.00,-1,-1,-1
77,30,1139.00,59.00,40.00,91.00,1.00,-1,-1,-1
77,26,664.00,148.00,40.00,101.00,1.00,-1,-1,-1
77,31,920.00,23.00,27.00,88.00,1.00,-1,-1,-1
77,36,384.00,215.00,42.00,74.00,1.00,-1,-1,-1
77,15,1119.00,29.00,30.00,76.00,1.00,-1,-1,-1
77,43,56.00,74.00,36.00,81.00,1.00,-1,-1,-1
78,44,777.00,633.00,68.00,87.00,1.00,-1,-1,-1
78,6,100.00,493.00,63.00,131.00,1.00,-1,-1,-1
78,27,1109.00,273.00,62.00,112.00,1.00,-1,-1,-1
78,7,701.00,375.00,59.00,116.00,1.00,-1,-1,-1
78,37,673.00,534.00,46.00,115.00,1.00,-1,-1,-1
78,3,462.00,224.00,41.00,105.00,1.00,-1,-1,-1
78,20,725.00,530.00,67.00,126.00,1.00,-1,-1,-1
78,45,0.00,347.00,44.00,113.00,1.00,-1,-1,-1
78,48,442.00,670.00,60.00,49.00,1.00,-1,-1,-1
78,11,737.00,101.00,35.00,76.00,1.00,-1,-1,-1
78,18,1191.00,203.00,51.00,109.00,1.00,-1,-1,-1
78,21,611.00,209.00,43.00,104.00,1.00,-1,-1,-1
78,28,1168.00,139.00,49.00,105.00,1.00,-1,-1,-1
78,43,57.00,75.00,34.00,80.00,1.00,-1,-1,-1
78,5,493.00,153.00,36.00,99.00,1.00,-1,-1,-1
78,2,1065.00,417.00,62.00,121.00,1.00,-1,-1,-1
78,24,106.00,616.00,73.00,104.00,1.00,-1,-1,-1
78,31,921.00,23.00,26.00,88.00,1.00,-1,-1,-1
78,17,534.00,31.00,25.00,82.00,1.00,-1,-1,-1
78,30,1141.00,62.00,39.00,87.00,1.00,-1,-1,-1
78,36,383.00,217.00,42.00,77.00,1.00,-1,-1,-1
78,1,1078.00,528.00,67.00,128.00,1.00,-1,-1,-1
78,14,378.00,287.00,57.00,99.00,1.00,-1,-1,-1
78,39,226.00,316.00,35.00,96.00,1.00,-1,-1,-1
78,9,473.00,44.00,31.00,88.00,1.00,-1,-1,-1
79,44,777.00,629.00,69.00,91.00,1.00,-1,-1,-1
79,6,97.00,496.00,60.00,128.00,1.00,-1,-1,-1
79,7,701.00,374.00,58.00,120.00,1.00,-1,-1,-1
79,37,673.00,531.00,46.00,117.00,1.00,-1,-1,-1
79,3,462.00,222.00,41.00,104.00,1.00,-1,-1,-1
79,20,722.00,534.00,67.00,126.00,1.00,-1,-1,-1
79,27,1107.00,272.00,62.00,114.00,1.00,-1,-1,-1
79,48,442.00,666.00,61.00,53.00,1.00,-1,-1,-1
79,45,0.00,345.00,43.00,115.00,1.00,-1,-1,-1
79,21,611.00,212.00,44.00,103.00,1.00,-1,-1,-1
79,18,1193.00,205.00,52.00,103.00,1.00,-1,-1,-1
79,28,1168.00,139.00,49.00,106.00,1.00,-1,-1,-1
79,43,57.00,76.00,35.00,78.00,1.00,-1,-1,-1
79,50,79.00,37.00,41.00,67.00,1.00,-1,-1,-1
79,11,736.00,103.00,37.00,76.00,1.00,-1,-1,-1
79,14,379.00,288.00,56.00,101.00,1.00,-1,-1,-1
79,5,493.00,151.00,36.00,98.00,1.00,-1,-1,-1
79,2,1065.00,421.00,66.00,124.00,1.00,-1,-1,-1
79,17,533.00,31.00,26.00,82.00,1.00,-1,-1,-1
79,31,921.00,22.00,26.00,88.00,1.00,-1,-1,-1
79,24,106.00,618.00,72.00,102.00,1.00,-1,-1,-1
79,9,473.00,43.00,31.00,89.00,1.00,-1,-1,-1
79,36,383.00,217.00,41.00,78.00,1.00,-1,-1,-1
79,30,1142.00,64.00,38.00,88.00,1.00,-1,-1,-1
79,39,225.00,316.00,35.00,97.00,1.00,-1,-1,-1
80,44,776.00,623.00,70.00,97.00,1.00,-1,-1,-1
80,6,95.00,498.00,64.00,126.00,1.00,-1,-1,-1
80,37,672.00,530.00,47.00,120.00,1.00,-1,-1,-1
80,7,703.00,372.00,56.00,121.00,1.00,-1,-1,-1
80,3,462.00,219.00,42.00,105.00,1.00,-1,-1,-1
80,48,441.00,663.00,63.00,57.00,1.00,-1,-1,-1
80,27,1107.00,271.00,59.00,116.00,1.00,-1,-1,-1
80,20,723.00,535.00,63.00,128.00,1.00,-1,-1,-1
80,21,611.00,214.00,44.00,104.00,1.00,-1,-1,-1
80,28,1168.00,142.00,48.00,104.00,1.00,-1,-1,-1
80,43,57.00,76.00,35.00,78.00,1.00,-1,-1,-1
80,14,380.00,290.00,55.00,99.00,1.00,-1,-1,-1
80,18,1195.00,207.00,51.00,104.00,1.00,-1,-1,-1
80,11,735.00,104.00,38.00,77.00,1.00,-1,-1,-1
80,1,1079.00,533.00,69.00,124.00,1.00,-1,-1,-1
80,5,493.00,151.00,36.00,96.00,1.00,-1,-1,-1
80,45,0.00,344.00,44.00,115.00,1.00,-1,-1,-1
80,2,1066.00,425.00,67.00,123.00,1.00,-1,-1,-1
80,50,82.00,33.00,37.00,72.00,1.00,-1,-1,-1
80,17,533.00,31.00,26.00,82.00,1.00,-1,-1,-1
80,31,921.00,22.00,25.00,88.00,1.00,-1,-1,-1
80,30,1142.00,65.00,38.00,89.00,1.00,-1,-1,-1
80,9,473.00,42.00,31.00,90.00,1.00,-1,-1,-1
81,44,776.00,619.00,71.00,101.00,1.00,-1,-1,-1
81,6,93.00,500.00,66.00,125.00,1.00,-1,-1,-1
81,48,441.00,660.00,64.00,60.00,1.00,-1,-1,-1
81,7,702.00,370.00,57.00,123.00,1.00,-1,-1,-1
81,37,672.00,528.00,46.00,122.00,1.00,-1,-1,-1
81,20,724.00,537.00,60.00,124.00,1.00,-1,-1,-1
81,27,1108.00,269.00,56.00,112.00,1.00,-1,-1,-1
81,28,1168.00,142.00,49.00,104.00,1.00,-1,-1,-1
81,5,492.00,149.00,38.00,93.00,1.00,-1,-1,-1
81,43,57.00,74.00,35.00,81.00,1.00,-1,-1,-1
81,14,380.00,292.00,55.00,97.00,1.00,-1,-1,-1
81,45,0.00,341.00,44.00,117.00,1.00,-1,-1,-1
81,18,1195.00,207.00,52.00,110.00,1.00,-1,-1,-1
81,3,462.00,218.00,41.00,104.00,1.00,-1,-1,-1
81,21,611.00,216.00,43.00,103.00,1.00,-1,-1,-1
81,11,735.00,106.00,38.00,76.00,1.00,-1,-1,-1
81,17,533.00,31.00,26.00,82.00,1.00,-1,-1,-1
81,26,663.00,150.00,42.00,99.00,1.00,-1,-1,-1
81,31,921.00,22.00,25.00,89.00,1.00,-1,-1,-1
81,39,225.00,316.00,35.00,97.00,1.00,-1,-1,-1
81,30,1141.00,65.00,39.00,93.00,1.00,-1,-1,-1
81,9,474.00,42.00,31.00,89.00,1.00,-1,-1,-1
81,50,86.00,29.00,35.00,77.00,1.00,-1,-1,-1
82,6,91.00,502.00,66.00,127.00,1.00,-1,-1,-1
82,44,778.00,614.00,69.00,106.00,1.00,-1,-1,-1
82,7,702.00,368.00,56.00,125.00,1.00,-1,-1,-1
82,27,1105.00,266.00,58.00,116.00,1.00,-1,-1,-1
82,20,726.00,539.00,56.00,122.00,1.00,-1,-1,-1
82,48,442.00,656.00,64.00,64.00,1.00,-1,-1,-1
82,5,492.00,147.00,37.00,92.00,1.00,-1,-1,-1
82,37,672.00,524.00,45.00,126.00,1.00,-1,-1,-1
82,3,463.00,217.00,39.00,103.00,1.00,-1,-1,-1
82,43,58.00,75.00,33.00,79.00,1.00,-1,-1,-1
82,28,1168.00,142.00,49.00,105.00,1.00,-1,-1,-1
82,18,1197.00,209.00,51.00,109.00,1.00,-1,-1,-1
82,21,608.00,218.00,45.00,103.00,1.00,-1,-1,-1
82,45,0.00,341.00,44.00,117.00,1.00,-1,-1,-1
82,26,662.00,150.00,42.00,101.00,1.00,-1,-1,-1
82,11,736.00,107.00,37.00,78.00,1.00,-1,-1,-1
82,31,921.00,22.00,25.00,89.00,1.00,-1,-1,-1
82,17,533.00,31.00,26.00,82.00,1.00,-1,-1,-1
82,30,1142.00,66.00,38.00,93.00,1.00,-1,-1,-1
82,9,475.00,42.00,30.00,88.00,1.00,-1,-1,-1
82,14,380.00,294.00,55.00,95.00,1.00,-1,-1,-1
82,39,225.00,316.00,36.00,98.00,1.00,-1,-1,-1
83,44,784.00,607.00,63.00,113.00,1.00,-1,-1,-1
83,27,1104.00,265.00,52.00,117.00,1.00,-1,-1,-1
83,1,1083.00,543.00,67.00,137.00,1.00,-1,-1,-1
83,6,88.00,505.00,64.00,126.00,1.00,-1,-1,-1
83,21,606.00,219.00,47.00,105.00,1.00,-1,-1,-1
83,7,705.00,364.00,53.00,122.00,1.00,-1,-1,-1
83,48,442.00,648.00,66.00,72.00,1.00,-1,-1,-1
83,20,725.00,543.00,52.00,117.00,1.00,-1,-1,-1
83,18,1198.00,209.00,54.00,108.00,1.00,-1,-1,-1
83,28,1169.00,144.00,49.00,103.00,1.00,-1,-1,-1
83,5,490.00,144.00,37.00,92.00,1.00,-1,-1,-1
83,3,462.00,214.00,41.00,106.00,1.00,-1,-1,-1
83,37,669.00,519.00,45.00,129.00,1.00,-1,-1,-1
83,43,58.00,76.00,32.00,78.00,1.00,-1,-1,-1
83,45,0.00,340.00,45.00,120.00,1.00,-1,-1,-1
83,11,735.00,109.00,37.00,82.00,1.00,-1,-1,-1
83,26,662.00,154.00,42.00,104.00,1.00,-1,-1,-1
83,31,921.00,22.00,25.00,89.00,1.00,-1,-1,-1
83,17,533.00,31.00,26.00,83.00,1.00,-1,-1,-1
83,50,89.00,29.00,32.00,75.00,1.00,-1,-1,-1
83,2,1079.00,434.00,63.00,117.00,1.00,-1,-1,-1
83,24,108.00,627.00,75.00,93.00,1.00,-1,-1,-1
83,14,378.00,291.00,56.00,98.00,1.00,-1,-1,-1
84,44,784.00,604.00,63.00,116.00,1.00,-1,-1,-1
84,27,1105.00,264.00,51.00,116.00,1.00,-1,-1,-1
84,48,444.00,642.00,66.00,78.00,1.00,-1,-1,-1
84,6,87.00,508.00,63.00,125.00,1.00,-1,-1,-1
84,7,704.00,362.00,54.00,122.00,1.00,-1,-1,-1
84,28,1169.00,145.00,50.00,101.00,1.00,-1,-1,-1
84,1,1085.00,549.00,68.00,136.00,1.00,-1,-1,-1
84,21,605.00,221.00,48.00,103.00,1.00,-1,-1,-1
84,3,462.00,212.00,42.00,109.00,1.00,-1,-1,-1
84,20,723.00,545.00,50.00,120.00,1.00,-1,-1,-1
84,37,670.00,518.00,43.00,126.00,1.00,-1,-1,-1
84,18,1198.00,210.00,55.00,106.00,1.00,-1,-1,-1
84,43,58.00,73.00,34.00,81.00,1.00,-1,-1,-1
84,5,490.00,144.00,36.00,92.00,1.00,-1,-1,-1
84,11,736.00,111.00,36.00,80.00,1.00,-1,-1,-1
84,24,110.00,629.00,74.00,91.00,1.00,-1,-1,-1
84,31,921.00,22.00,25.00,89.00,1.00,-1,-1,-1
84,45,0.00,341.00,45.00,125.00,1.00,-1,-1,-1
84,2,1081.00,438.00,62.00,114.00,1.00,-1,-1,-1
84,9,475.00,37.00,33.00,85.00,1.00,-1,-1,-1
84,17,533.00,31.00,26.00,83.00,1.00,-1,-1,-1
84,50,90.00,29.00,33.00,76.00,1.00,-1,-1,-1
84,26,661.00,156.00,42.00,105.00,1.00,-1,-1,-1
85,27,1105.00,261.00,49.00,113.00,1.00,-1,-1,-1
85,44,784.00,602.00,63.00,118.00,1.00,-1,-1,-1
85,48,444.00,639.00,70.00,81.00,1.00,-1,-1,-1
85,21,606.00,223.00,46.00,101.00,1.00,-1,-1,-1
85,28,1170.00,146.00,50.00,100.00,1.00,-1,-1,-1
85,6,86.00,510.00,64.00,125.00,1.00,-1,-1,-1
85,7,705.00,360.00,52.00,120.00,1.00,-1,-1,-1
85,3,462.00,210.00,42.00,111.00,1.00,-1,-1,-1
85,37,669.00,515.00,43.00,126.00,1.00,-1,-1,-1
85,43,58.00,73.00,34.00,81.00,1.00,-1,-1,-1
85,20,720.00,547.00,50.00,118.00,1.00,-1,-1,-1
85,45,0.00,346.00,47.00,126.00,1.00,-1,-1,-1
85,11,735.00,111.00,36.00,80.00,1.00,-1,-1,-1
85,5,490.00,144.00,35.00,92.00,1.00,-1,-1,-1
85,1,1086.00,551.00,68.00,141.00,1.00,-1,-1,-1
85,24,111.00,631.00,72.00,89.00,1.00,-1,-1,-1
85,18,1200.00,213.00,54.00,104.00,1.00,-1,-1,-1
85,31,921.00,22.00,26.00,89.00,1.00,-1,-1,-1
85,9,474.00,36.00,33.00,84.00,1.00,-1,-1,-1
85,17,533.00,31.00,26.00,83.00,1.00,-1,-1,-1
85,14,378.00,295.00,54.00,97.00,1.00,-1,-1,-1
85,39,225.00,316.00,36.00,98.00,1.00,-1,-1,-1
86,27,1105.00,257.00,49.00,113.00,1.00,-1,-1,-1
86,44,784.00,600.00,63.00,120.00,1.00,-1,-1,-1
86,1,1087.00,556.00,68.00,139.00,1.00,-1,-1,-1
86,48,441.00,635.00,75.00,85.00,1.00,-1,-1,-1
86,2,1086.00,443.00,60.00,118.00,1.00,-1,-1,-1
86,21,605.00,224.00,46.00,100.00,1.00,-1,-1,-1
86,20,718.00,546.00,51.00,120.00,1.00,-1,-1,-1
86,28,1171.00,147.00,49.00,99.00,1.00,-1,-1,-1
86,43,58.00,75.00,32.00,78.00,1.00,-1,-1,-1
86,7,706.00,359.00,51.00,117.00,1.00,-1,-1,-1
86,3,462.00,209.00,42.00,112.00,1.00,-1,-1,-1
86,37,665.00,511.00,47.00,127.00,1.00,-1,-1,-1
86,45,0.00,352.00,49.00,125.00,1.00,-1,-1,-1
86,6,84.00,514.00,66.00,124.00,1.00,-1,-1,-1
86,11,736.00,112.00,35.00,79.00,1.00,-1,-1,-1
86,9,474.00,34.00,32.00,85.00,1.00,-1,-1,-1
86,18,1200.00,214.00,56.00,103.00,1.00,-1,-1,-1
86,14,378.00,296.00,53.00,98.00,1.00,-1,-1,-1
86,24,109.00,630.00,74.00,90.00,1.00,-1,-1,-1
86,31,921.00,22.00,26.00,89.00,1.00,-1,-1,-1
86,5,489.00,143.00,35.00,93.00,1.00,-1,-1,-1
86,17,532.00,31.00,27.00,83.00,1.00,-1,-1,-1
87,27,1105.00,256.00,49.00,111.00,1.00,-1,-1,-1
87,6,83.00,517.00,67.00,124.00,1.00,-1,-1,-1
87,44,786.00,596.00,62.00,124.00,1.00,-1,-1,-1
87,20,716.00,550.00,51.00,119.00,1.00,-1,-1,-1
87,48,436.00,631.00,80.00,89.00,1.00,-1,-1,-1
87,1,1088.00,559.00,69.00,143.00,1.00,-1,-1,-1
87,7,706.00,355.00,51.00,114.00,1.00,-1,-1,-1
87,21,605.00,224.00,47.00,100.00,1.00,-1,-1,-1
87,45,0.00,352.00,51.00,128.00,1.00,-1,-1,-1
87,28,1172.00,146.00,48.00,102.00,1.00,-1,-1,-1
87,43,58.00,75.00,32.00,78.00,1.00,-1,-1,-1
87,37,666.00,508.00,47.00,123.00,1.00,-1,-1,-1
87,3,461.00,208.00,44.00,112.00,1.00,-1,-1,-1
87,2,1085.00,448.00,62.00,120.00,1.00,-1,-1,-1
87,14,378.00,296.00,51.00,104.00,1.00,-1,-1,-1
87,11,737.00,112.00,35.00,79.00,1.00,-1,-1,-1
87,18,1202.00,216.00,55.00,103.00,1.00,-1,-1,-1
87,9,473.00,33.00,31.00,86.00,1.00,-1,-1,-1
87,26,659.00,160.00,44.00,105.00,1.00,-1,-1,-1
87,31,920.00,23.00,27.00,88.00,1.00,-1,-1,-1
87,50,96.00,30.00,41.00,73.00,1.00,-1,-1,-1
87,24,111.00,631.00,74.00,89.00,1.00,-1,-1,-1
87,46,782.00,188.00,37.00,84.00,1.00,-1,-1,-1
87,17,532.00,31.00,27.00,83.00,1.00,-1,-1,-1
87,5,489.00,142.00,35.00,95.00,1.00,-1,-1,-1
88,48,430.00,624.00,85.00,95.00,1.00,-1,-1,-1
88,20,710.00,554.00,55.00,133.00,1.00,-1,-1,-1
88,7,704.00,351.00,53.00,108.00,1.00,-1,-1,-1
88,44,789.00,586.00,61.00,133.00,1.00,-1,-1,-1
88,27,1106.00,253.00,44.00,109.00,1.00,-1,-1,-1
88,6,81.00,526.00,70.00,119.00,1.00,-1,-1,-1
88,1,1092.00,566.00,69.00,143.00,1.00,-1,-1,-1
88,14,377.00,301.00,48.00,104.00,1.00,-1,-1,-1
88,28,1174.00,150.00,46.00,104.00,1.00,-1,-1,-1
88,21,605.00,227.00,46.00,99.00,1.00,-1,-1,-1
88,2,1088.00,454.00,63.00,131.00,1.00,-1,-1,-1
88,45,0.00,354.00,56.00,126.00,1.00,-1,-1,-1
88,37,667.00,503.00,44.00,112.00,1.00,-1,-1,-1
88,43,58.00,75.00,31.00,78.00,1.00,-1,-1,-1
88,3,462.00,206.00,39.00,108.00,1.00,-1,-1,-1
88,11,738.00,113.00,34.00,78.00,1.00,-1,-1,-1
88,18,1204.00,218.00,53.00,111.00,1.00,-1,-1,-1
88,31,920.00,23.00,27.00,88.00,1.00,-1,-1,-1
88,9,473.00,32.00,31.00,85.00,1.00,-1,-1,-1
88,26,660.00,162.00,42.00,110.00,1.00,-1,-1,-1
88,46,782.00,187.00,38.00,86.00,1.00,-1,-1,-1
88,17,532.00,31.00,27.00,83.00,1.00,-1,-1,-1
89,48,431.00,623.00,84.00,96.00,1.00,-1,-1,-1
89,44,790.00,583.00,61.00,135.00,1.00,-1,-1,-1
89,20,706.00,558.00,60.00,138.00,1.00,-1,-1,-1
89,27,1104.00,252.00,46.00,108.00,1.00,-1,-1,-1
89,7,704.00,348.00,52.00,110.00,1.00,-1,-1,-1
89,6,80.00,529.00,71.00,121.00,1.00,-1,-1,-1
89,14,377.00,301.00,47.00,106.00,1.00,-1,-1,-1
89,1,1093.00,569.00,71.00,140.00,1.00,-1,-1,-1
89,21,605.00,228.00,46.00,102.00,1.00,-1,-1,-1
89,37,667.00,501.00,44.00,109.00,1.00,-1,-1,-1
89,28,1175.00,151.00,46.00,108.00,1.00,-1,-1,-1
89,43,58.00,75.00,31.00,78.00,1.00,-1,-1,-1
89,18,1205.00,223.00,54.00,111.00,1.00,-1,-1,-1
89,3,462.00,205.00,38.00,103.00,1.00,-1,-1,-1
89,11,738.00,115.00,34.00,79.00,1.00,-1,-1,-1
89,46,782.00,186.00,38.00,87.00,1.00,-1,-1,-1
89,26,659.00,162.00,42.00,111.00,1.00,-1,-1,-1
89,31,920.00,23.00,27.00,88.00,1.00,-1,-1,-1
89,9,472.00,32.00,32.00,85.00,1.00,-1,-1,-1
89,45,0.00,355.00,58.00,127.00,1.00,-1,-1,-1
89,2,1089.00,457.00,64.00,131.00,1.00,-1,-1,-1
89,17,532.00,31.00,27.00,83.00,1.00,-1,-1,-1
89,24,112.00,640.00,70.00,80.00,1.00,-1,-1,-1
89,5,491.00,140.00,30.00,92.00,1.00,-1,-1,-1
90,27,1104.00,250.00,47.00,110.00,1.00,-1,-1,-1
90,44,790.00,578.00,62.00,135.00,1.00,-1,-1,-1
90,48,434.00,619.00,79.00,100.00,1.00,-1,-1,-1
90,1,1094.00,571.00,74.00,138.00,1.00,-1,-1,-1
90,7,704.00,346.00,53.00,113.00,1.00,-1,-1,-1
90,14,376.00,303.00,48.00,107.00,1.00,-1,-1,-1
90,21,605.00,230.00,46.00,104.00,1.00,-1,-1,-1
90,45,0.00,356.00,61.00,130.00,1.00,-1,-1,-1
90,6,80.00,534.00,72.00,124.00,1.00,-1,-1,-1
90,20,704.00,560.00,63.00,141.00,1.00,-1,-1,-1
90,18,1206.00,225.00,54.00,113.00,1.00,-1,-1,-1
90,37,668.00,498.00,42.00,111.00,1.00,-1,-1,-1
90,28,1175.00,154.00,46.00,106.00,1.00,-1,-1,-1
90,43,57.00,75.00,33.00,80.00,1.00,-1,-1,-1
90,3,462.00,202.00,38.00,103.00,1.00,-1,-1,-1
90,46,782.00,185.00,40.00,87.00,1.00,-1,-1,-1
90,2,1091.00,460.00,64.00,130.00,1.00,-1,-1,-1
90,11,738.00,116.00,35.00,81.00,1.00,-1,-1,-1
90,31,920.00,24.00,27.00,87.00,1.00,-1,-1,-1
90,9,472.00,32.00,31.00,85.00,1.00,-1,-1,-1
90,5,491.00,138.00,29.00,92.00,1.00,-1,-1,-1
90,26,659.00,165.00,42.00,107.00,1.00,-1,-1,-1
90,17,532.00,31.00,27.00,83.00,1.00,-1,-1,-1
91,27,1103.00,249.00,48.00,111.00,1.00,-1,-1,-1
91,44,790.00,574.00,63.00,133.00,1.00,-1,-1,-1
91,20,702.00,563.00,64.00,145.00,1.00,-1,-1,-1
91,1,1096.00,575.00,76.00,132.00,1.00,-1,-1,-1
91,48,439.00,617.00,72.00,102.00,1.00,-1,-1,-1
91,7,703.00,344.00,54.00,115.00,1.00,-1,-1,-1
91,6,79.00,536.00,72.00,128.00,1.00,-1,-1,-1
91,14,375.00,305.00,49.00,109.00,1.00,-1,-1,-1
91,45,0.00,357.00,63.00,133.00,1.00,-1,-1,-1
91,21,605.00,231.00,45.00,105.00,1.00,-1,-1,-1
91,28,1176.00,156.00,46.00,105.00,1.00,-1,-1,-1
91,18,1208.00,227.00,51.00,113.00,1.00,-1,-1,-1
91,2,1093.00,465.00,62.00,128.00,1.00,-1,-1,-1
91,3,461.00,202.00,39.00,100.00,1.00,-1,-1,-1
91,43,57.00,75.00,33.00,79.00,1.00,-1,-1,-1
91,11,738.00,118.00,35.00,80.00,1.00,-1,-1,-1
91,46,783.00,183.00,39.00,86.00,1.00,-1,-1,-1
91,37,669.00,495.00,41.00,113.00,1.00,-1,-1,-1
91,31,920.00,24.00,27.00,87.00,1.00,-1,-1,-1
91,5,488.00,135.00,30.00,95.00,1.00,-1,-1,-1
91,26,657.00,166.00,43.00,106.00,1.00,-1,-1,-1
91,9,470.00,32.00,33.00,85.00,1.00,-1,-1,-1
91,17,532.00,31.00,27.00,83.00,1.00,-1,-1,-1
91,50,107.00,31.00,42.00,71.00,1.00,-1,-1,-1
92,1,1097.00,577.00,78.00,129.00,1.00,-1,-1,-1
92,27,1101.00,249.00,50.00,111.00,1.00,-1,-1,-1
92,44,789.00,569.00,63.00,128.00,1.00,-1,-1,-1
92,48,442.00,615.00,69.00,105.00,1.00,-1,-1,-1
92,14,375.00,308.00,47.00,108.00,1.00,-1,-1,-1
92,7,704.00,344.00,52.00,116.00,1.00,-1,-1,-1
92,20,700.00,567.00,68.00,144.00,1.00,-1,-1,-1
92,21,606.00,233.00,45.00,106.00,1.00,-1,-1,-1
92,3,461.00,199.00,38.00,99.00,1.00,-1,-1,-1
92,28,1176.00,159.00,46.00,105.00,1.00,-1,-1,-1
92,45,0.00,363.00,63.00,127.00,1.00,-1,-1,-1
92,6,78.00,539.00,73.00,126.00,1.00,-1,-1,-1
92,43,56.00,75.00,34.00,79.00,1.00,-1,-1,-1
92,2,1095.00,467.00,61.00,131.00,1.00,-1,-1,-1
92,37,669.00,492.00,42.00,116.00,1.00,-1,-1,-1
92,18,1208.00,230.00,51.00,112.00,1.00,-1,-1,-1
92,26,657.00,167.00,43.00,105.00,1.00,-1,-1,-1
92,11,739.00,119.00,33.00,81.00,1.00,-1,-1,-1
92,46,784.00,182.00,39.00,86.00,1.00,-1,-1,-1
92,31,920.00,24.00,27.00,87.00,1.00,-1,-1,-1
92,5,488.00,133.00,30.00,96.00,1.00,-1,-1,-1
92,50,108.00,31.00,41.00,72.00,1.00,-1,-1,-1
92,17,532.00,31.00,27.00,83.00,1.00,-1,-1,-1
92,39,224.00,316.00,37.00,95.00,1.00,-1,-1,-1
93,44,789.00,561.00,64.00,127.00,1.00,-1,-1,-1
93,27,1100.00,246.00,49.00,113.00,1.00,-1,-1,-1
93,48,443.00,609.00,68.00,111.00,1.00,-1,-1,-1
93,45,1.00,359.00,62.00,129.00,1.00,-1,-1,-1
93,20,695.00,571.00,72.00,147.00,1.00,-1,-1,-1
93,21,606.00,238.00,46.00,105.00,1.00,-1,-1,-1
93,7,703.00,340.00,51.00,121.00,1.00,-1,-1,-1
93,14,374.00,312.00,47.00,104.00,1.00,-1,-1,-1
93,28,1177.00,162.00,45.00,108.00,1.00,-1,-1,-1
93,37,670.00,488.00,38.00,121.00,1.00,-1,-1,-1
93,3,460.00,196.00,39.00,101.00,1.00,-1,-1,-1
93,6,76.00,545.00,72.00,142.00,1.00,-1,-1,-1
93,1,1102.00,584.00,76.00,122.00,1.00,-1,-1,-1
93,43,56.00,75.00,34.00,79.00,1.00,-1,-1,-1
93,5,485.00,132.00,31.00,89.00,1.00,-1,-1,-1
93,11,739.00,122.00,34.00,81.00,1.00,-1,-1,-1
93,26,657.00,168.00,43.00,104.00,1.00,-1,-1,-1
93,31,920.00,24.00,26.00,87.00,1.00,-1,-1,-1
93,33,1109.00,44.00,28.00,73.00,1.00,-1,-1,-1
93,46,783.00,179.00,37.00,81.00,1.00,-1,-1,-1
93,17,532.00,31.00,27.00,83.00,1.00,-1,-1,-1
93,50,112.00,32.00,39.00,70.00,1.00,-1,-1,-1
93,2,1099.00,472.00,62.00,127.00,1.00,-1,-1,-1
93,9,471.00,30.00,31.00,83.00,1.00,-1,-1,-1
94,44,788.00,559.00,65.00,130.00,1.00,-1,-1,-1
94,27,1099.00,245.00,49.00,114.00,1.00,-1,-1,-1
94,48,443.00,608.00,68.00,112.00,1.00,-1,-1,-1
94,21,606.00,239.00,46.00,108.00,1.00,-1,-1,-1
94,7,703.00,339.00,51.00,122.00,1.00,-1,-1,-1
94,20,696.00,576.00,69.00,142.00,1.00,-1,-1,-1
94,1,1104.00,587.00,76.00,124.00,1.00,-1,-1,-1
94,14,374.00,312.00,46.00,104.00,1.00,-1,-1,-1
94,45,1.00,360.00,61.00,129.00,1.00,-1,-1,-1
94,2,1102.00,476.00,61.00,124.00,1.00,-1,-1,-1
94,28,1177.00,162.00,46.00,110.00,1.00,-1,-1,-1
94,37,670.00,486.00,37.00,122.00,1.00,-1,-1,-1
94,43,56.00,75.00,34.00,79.00,1.00,-1,-1,-1
94,3,460.00,194.00,39.00,102.00,1.00,-1,-1,-1
94,5,484.00,131.00,33.00,89.00,1.00,-1,-1,-1
94,11,740.00,123.00,33.00,82.00,1.00,-1,-1,-1
94,46,783.00,177.00,35.00,82.00,1.00,-1,-1,-1
94,6,74.00,548.00,73.00,138.00,1.00,-1,-1,-1
94,26,657.00,169.00,42.00,103.00,1.00,-1,-1,-1
94,33,1109.00,44.00,28.00,74.00,1.00,-1,-1,-1
94,30,1139.00,78.00,47.00,95.00,1.00,-1,-1,-1
94,17,531.00,31.00,28.00,83.00,1.00,-1,-1,-1
94,31,920.00,23.00,26.00,88.00,1.00,-1,-1,-1
94,9,472.00,29.00,30.00,83.00,1.00,-1,-1,-1
94,50,114.00,32.00,35.00,70.00,1.00,-1,-1,-1
95,44,788.00,555.00,65.00,134.00,1.00,-1,-1,-1
95,1,1106.00,591.00,77.00,128.00,1.00,-1,-1,-1
95,21,606.00,241.00,47.00,108.00,1.00,-1,-1,-1
95,27,1098.00,243.00,49.00,114.00,1.00,-1,-1,-1
95,7,703.00,337.00,51.00,123.00,1.00,-1,-1,-1
95,48,445.00,604.00,66.00,116.00,1.00,-1,-1,-1
95,2,1103.00,478.00,59.00,123.00,1.00,-1,-1,-1
95,20,696.00,579.00,64.00,126.00,1.00,-1,-1,-1
95,14,373.00,313.00,47.00,103.00,1.00,-1,-1,-1
95,37,670.00,485.00,37.00,123.00,1.00,-1,-1,-1
95,28,1177.00,164.00,46.00,109.00,1.00,-1,-1,-1
95,3,460.00,192.00,39.00,103.00,1.00,-1,-1,-1
95,43,56.00,75.00,34.00,79.00,1.00,-1,-1,-1
95,30,1138.00,78.00,48.00,97.00,1.00,-1,-1,-1
95,46,782.00,176.00,36.00,82.00,1.00,-1,-1,-1
95,26,655.00,171.00,44.00,102.00,1.00,-1,-1,-1
95,5,484.00,129.00,33.00,89.00,1.00,-1,-1,-1
95,11,740.00,124.00,34.00,81.00,1.00,-1,-1,-1
95,50,117.00,32.00,28.00,69.00,1.00,-1,-1,-1
95,17,531.00,31.00,28.00,83.00,1.00,-1,-1,-1
95,31,920.00,23.00,26.00,88.00,1.00,-1,-1,-1
95,45,5.00,366.00,57.00,123.00,1.00,-1,-1,-1
95,9,472.00,28.00,30.00,83.00,1.00,-1,-1,-1
95,33,1109.00,44.00,29.00,74.00,1.00,-1,-1,-1
96,44,789.00,551.00,64.00,138.00,1.00,-1,-1,-1
96,27,1098.00,241.00,47.00,114.00,1.00,-1,-1,-1
96,20,695.00,580.00,63.00,134.00,1.00,-1,-1,-1
96,48,447.00,601.00,63.00,119.00,1.00,-1,-1,-1
96,21,606.00,242.00,48.00,108.00,1.00,-1,-1,-1
96,7,703.00,336.00,51.00,121.00,1.00,-1,-1,-1
96,1,1108.00,595.00,75.00,125.00,1.00,-1,-1,-1
96,37,669.00,483.00,39.00,123.00,1.00,-1,-1,-1
96,28,1177.00,166.00,47.00,107.00,1.00,-1,-1,-1
96,43,56.00,75.00,33.00,79.00,1.00,-1,-1,-1
96,2,1105.00,480.00,62.00,123.00,1.00,-1,-1,-1
96,3,461.00,191.00,38.00,103.00,1.00,-1,-1,-1
96,26,654.00,172.00,45.00,104.00,1.00,-1,-1,-1
96,46,782.00,176.00,36.00,81.00,1.00,-1,-1,-1
96,11,740.00,125.00,34.00,81.00,1.00,-1,-1,-1
96,30,1138.00,78.00,48.00,99.00,1.00,-1,-1,-1
96,14,372.00,314.00,49.00,101.00,1.00,-1,-1,-1
96,31,920.00,23.00,26.00,88.00,1.00,-1,-1,-1
96,5,483.00,128.00,35.00,88.00,1.00,-1,-1,-1
96,17,531.00,31.00,28.00,83.00,1.00,-1,-1,-1
96,18,1211.00,236.00,55.00,109.00,1.00,-1,-1,-1
97,20,695.00,583.00,59.00,137.00,1.00,-1,-1,-1
97,27,1097.00,241.00,46.00,113.00,1.00,-1,-1,-1
97,44,789.00,548.00,65.00,142.00,1.00,-1,-1,-1
97,48,448.00,597.00,62.00,123.00,1.00,-1,-1,-1
97,7,703.00,333.00,51.00,121.00,1.00,-1,-1,-1
97,21,607.00,243.00,46.00,107.00,1.00,-1,-1,-1
97,37,670.00,480.00,37.00,122.00,1.00,-1,-1,-1
97,28,1177.00,167.00,48.00,106.00,1.00,-1,-1,-1
97,43,56.00,75.00,34.00,79.00,1.00,-1,-1,-1
97,26,654.00,175.00,45.00,105.00,1.00,-1,-1,-1
97,3,460.00,190.00,39.00,104.00,1.00,-1,-1,-1
97,1,1109.00,598.00,74.00,122.00,1.00,-1,-1,-1
97,31,920.00,23.00,26.00,88.00,1.00,-1,-1,-1
97,18,1211.00,237.00,58.00,108.00,1.00,-1,-1,-1
97,11,740.00,126.00,35.00,80.00,1.00,-1,-1,-1
97,46,781.00,176.00,40.00,82.00,1.00,-1,-1,-1
97,14,371.00,316.00,50.00,99.00,1.00,-1,-1,-1
97,5,482.00,127.00,37.00,87.00,1.00,-1,-1,-1
98,20,692.00,588.00,54.00,131.00,1.00,-1,-1,-1
98,48,447.00,589.00,61.00,131.00,1.00,-1,-1,-1
98,18,1216.00,239.00,56.00,105.00,1.00,-1,-1,-1
98,44,791.00,541.00,62.00,146.00,1.00,-1,-1,-1
98,27,1093.00,238.00,47.00,111.00,1.00,-1,-1,-1
98,21,607.00,244.00,47.00,105.00,1.00,-1,-1,-1
98,14,369.00,316.00,54.00,104.00,1.00,-1,-1,-1
98,6,72.00,561.00,63.00,136.00,1.00,-1,-1,-1
98,1,1110.00,606.00,73.00,114.00,1.00,-1,-1,-1
98,37,670.00,472.00,38.00,124.00,1.00,-1,-1,-1
98,3,460.00,188.00,37.00,107.00,1.00,-1,-1,-1
98,43,56.00,75.00,33.00,79.00,1.00,-1,-1,-1
98,26,653.00,176.00,46.00,111.00,1.00,-1,-1,-1
98,7,703.00,329.00,48.00,119.00,1.00,-1,-1,-1
98,28,1175.00,167.00,50.00,106.00,1.00,-1,-1,-1
98,9,472.00,22.00,30.00,83.00,1.00,-1,-1,-1
98,31,920.00,24.00,26.00,87.00,1.00,-1,-1,-1
98,11,740.00,127.00,35.00,79.00,1.00,-1,-1,-1
98,46,780.00,174.00,41.00,84.00,1.00,-1,-1,-1
98,50,126.00,32.00,30.00,70.00,1.00,-1,-1,-1
98,5,481.00,126.00,39.00,86.00,1.00,-1,-1,-1
99,6,71.00,567.00,63.00,139.00,1.00,-1,-1,-1
99,20,689.00,590.00,56.00,129.00,1.00,-1,-1,-1
99,44,790.00,539.00,62.00,146.00,1.00,-1,-1,-1
99,27,1092.00,236.00,46.00,110.00,1.00,-1,-1,-1
99,21,606.00,245.00,49.00,103.00,1.00,-1,-1,-1
99,18,1217.00,241.00,56.00,105.00,1.00,-1,-1,-1
99,48,447.00,585.00,61.00,135.00,1.00,-1,-1,-1
99,14,368.00,321.00,56.00,103.00,1.00,-1,-1,-1
99,1,1111.00,609.00,74.00,111.00,1.00,-1,-1,-1
99,37,670.00,471.00,38.00,119.00,1.00,-1,-1,-1
99,3,460.00,186.00,38.00,108.00,1.00,-1,-1,-1
99,7,702.00,328.00,50.00,109.00,1.00,-1,-1,-1
99,43,56.00,75.00,33.00,79.00,1.00,-1,-1,-1
99,50,126.00,32.00,37.00,69.00,1.00,-1,-1,-1
99,28,1175.00,168.00,51.00,105.00,1.00,-1,-1,-1
99,11,740.00,127.00,34.00,79.00,1.00,-1,-1,-1
99,26,653.00,178.00,46.00,111.00,1.00,-1,-1,-1
99,31,920.00,23.00,26.00,88.00,1.00,-1,-1,-1
99,36,381.00,245.00,40.00,88.00,1.00,-1,-1,-1
99,24,126.00,657.00,64.00,63.00,1.00,-1,-1,-1
99,46,780.00,172.00,41.00,85.00,1.00,-1,-1,-1
99,9,472.00,21.00,31.00,83.00,1.00,-1,-1,-1
99,5,481.00,125.00,39.00,86.00,1.00,-1,-1,-1
99,51,154.00,0.00,27.00,58.00,1.00,-1,-1,-1
99,30,1139.00,80.00,45.00,101.00,1.00,-1,-1,-1
100,6,70.00,570.00,64.00,146.00,1.00,-1,-1,-1
100,44,792.00,535.00,59.00,143.00,1.00,-1,-1,-1
100,21,607.00,247.00,48.00,101.00,1.00,-1,-1,-1
100,18,1219.00,242.00,54.00,109.00,1.00,-1,-1,-1
100,20,688.00,592.00,55.00,113.00,1.00,-1,-1,-1
100,27,1090.00,233.00,47.00,109.00,1.00,-1,-1,-1
100,48,447.00,583.00,61.00,136.00,1.00,-1,-1,-1
100,14,368.00,320.00,57.00,108.00,1.00,-1,-1,-1
100,7,701.00,325.00,51.00,109.00,1.00,-1,-1,-1
100,50,128.00,32.00,38.00,68.00,1.00,-1,-1,-1
100,43,56.00,75.00,33.00,79.00,1.00,-1,-1,-1
100,28,1176.00,168.00,51.00,103.00,1.00,-1,-1,-1
100,3,460.00,185.00,37.00,107.00,1.00,-1,-1,-1
100,11,739.00,127.00,36.00,81.00,1.00,-1,-1,-1
100,37,671.00,469.00,37.00,114.00,1.00,-1,-1,-1
100,26,652.00,180.00,46.00,109.00,1.00,-1,-1,-1
100,31,920.00,23.00,26.00,88.00,1.00,-1,-1,-1
100,36,381.00,247.00,41.00,88.00,1.00,-1,-1,-1
100,46,780.00,171.00,41.00,85.00,1.00,-1,-1,-1
100,5,480.00,124.00,40.00,87.00,1.00,-1,-1,-1
100,2,1111.00,500.00,67.00,111.00,1.00,-1,-1,-1
100,1,1112.00,615.00,75.00,105.00,1.00,-1,-1,-1
101,6,69.00,575.00,65.00,145.00,1.00,-1,-1,-1
101,48,448.00,578.00,60.00,140.00,1.00,-1,-1,-1
101,44,791.00,529.00,61.00,143.00,1.00,-1,-1,-1
101,21,607.00,248.00,47.00,101.00,1.00,-1,-1,-1
101,20,686.00,595.00,54.00,124.00,1.00,-1,-1,-1
101,14,368.00,322.00,58.00,110.00,1.00,-1,-1,-1
101,27,1089.00,232.00,47.00,106.00,1.00,-1,-1,-1
101,18,1223.00,246.00,52.00,110.00,1.00,-1,-1,-1
101,7,701.00,321.00,51.00,109.00,1.00,-1,-1,-1
101,43,56.00,75.00,33.00,79.00,1.00,-1,-1,-1
101,28,1175.00,171.00,52.00,102.00,1.00,-1,-1,-1
101,1,1114.00,618.00,73.00,102.00,1.00,-1,-1,-1
101,45,13.00,382.00,77.00,117.00,1.00,-1,-1,-1
101,3,460.00,185.00,39.00,102.00,1.00,-1,-1,-1
101,26,652.00,181.00,46.00,110.00,1.00,-1,-1,-1
101,2,1110.00,503.00,72.00,120.00,1.00,-1,-1,-1
101,50,130.00,31.00,44.00,69.00,1.00,-1,-1,-1
101,36,380.00,247.00,42.00,88.00,1.00,-1,-1,-1
101,31,920.00,23.00,26.00,88.00,1.00,-1,-1,-1
101,11,739.00,128.00,36.00,83.00,1.00,-1,-1,-1
101,37,672.00,466.00,36.00,109.00,1.00,-1,-1,-1
101,46,781.00,170.00,40.00,85.00,1.00,-1,-1,-1
102,44,790.00,525.00,62.00,137.00,1.00,-1,-1,-1
102,21,607.00,248.00,47.00,103.00,1.00,-1,-1,-1
102,20,685.00,597.00,53.00,123.00,1.00,-1,-1,-1
102,6,69.00,578.00,64.00,142.00,1.00,-1,-1,-1
102,27,1087.00,230.00,48.00,106.00,1.00,-1,-1,-1
102,14,368.00,324.00,59.00,110.00,1.00,-1,-1,-1
102,45,15.00,383.00,76.00,118.00,1.00,-1,-1,-1
102,7,701.00,320.00,51.00,108.00,1.00,-1,-1,-1
102,28,1176.00,173.00,51.00,104.00,1.00,-1,-1,-1
102,48,447.00,574.00,61.00,140.00,1.00,-1,-1,-1
102,18,1223.00,247.00,55.00,114.00,1.00,-1,-1,-1
102,43,56.00,75.00,33.00,79.00,1.00,-1,-1,-1
102,3,460.00,183.00,39.00,101.00,1.00,-1,-1,-1
102,26,652.00,182.00,46.00,110.00,1.00,-1,-1,-1
102,11,738.00,132.00,38.00,83.00,1.00,-1,-1,-1
102,1,1116.00,623.00,72.00,97.00,1.00,-1,-1,-1
102,31,920.00,23.00,26.00,88.00,1.00,-1,-1,-1
102,36,376.00,250.00,48.00,83.00,1.00,-1,-1,-1
102,2,1111.00,508.00,72.00,123.00,1.00,-1,-1,-1
102,37,672.00,463.00,36.00,107.00,1.00,-1,-1,-1
102,46,781.00,169.00,38.00,85.00,1.00,-1,-1,-1
102,5,481.00,122.00,40.00,90.00,1.00,-1,-1,-1
102,9,472.00,19.00,29.00,85.00,1.00,-1,-1,-1
103,20,681.00,602.00,52.00,118.00,1.00,-1,-1,-1
103,44,791.00,518.00,60.00,125.00,1.00,-1,-1,-1
103,21,606.00,252.00,48.00,108.00,1.00,-1,-1,-1
103,27,1083.00,225.00,51.00,110.00,1.00,-1,-1,-1
103,7,702.00,315.00,50.00,114.00,1.00,-1,-1,-1
103,14,368.00,326.00,60.00,111.00,1.00,-1,-1,-1
103,28,1175.00,176.00,52.00,110.00,1.00,-1,-1,-1
103,45,19.00,387.00,71.00,122.00,1.00,-1,-1,-1
103,48,447.00,566.00,62.00,135.00,1.00,-1,-1,-1
103,3,461.00,178.00,37.00,101.00,1.00,-1,-1,-1
103,37,670.00,455.00,38.00,112.00,1.00,-1,-1,-1
103,46,780.00,167.00,38.00,84.00,1.00,-1,-1,-1
103,18,1219.00,252.00,60.00,112.00,1.00,-1,-1,-1
103,1,1119.00,631.00,71.00,89.00,1.00,-1,-1,-1
103,43,55.00,73.00,33.00,80.00,1.00,-1,-1,-1
103,2,1115.00,513.00,72.00,127.00,1.00,-1,-1,-1
103,26,649.00,183.00,47.00,110.00,1.00,-1,-1,-1
103,11,740.00,136.00,36.00,83.00,1.00,-1,-1,-1
103,31,919.00,23.00,26.00,88.00,1.00,-1,-1,-1
103,36,376.00,253.00,47.00,82.00,1.00,-1,-1,-1
103,52,610.00,48.00,28.00,88.00,1.00,-1,-1,-1
103,6,66.00,586.00,70.00,134.00,1.00,-1,-1,-1
103,9,471.00,18.00,29.00,85.00,1.00,-1,-1,-1
104,20,679.00,607.00,52.00,113.00,1.00,-1,-1,-1
104,21,606.00,256.00,47.00,105.00,1.00,-1,-1,-1
104,27,1081.00,225.00,51.00,110.00,1.00,-1,-1,-1
104,14,367.00,329.00,61.00,110.00,1.00,-1,-1,-1
104,44,791.00,513.00,61.00,124.00,1.00,-1,-1,-1
104,7,700.00,314.00,52.00,114.00,1.00,-1,-1,-1
104,28,1175.00,178.00,52.00,111.00,1.00,-1,-1,-1
104,45,20.00,390.00,69.00,125.00,1.00,-1,-1,-1
104,48,446.00,564.00,64.00,135.00,1.00,-1,-1,-1
104,37,668.00,454.00,40.00,114.00,1.00,-1,-1,-1
104,3,461.00,177.00,37.00,99.00,1.00,-1,-1,-1
104,46,780.00,166.00,38.00,82.00,1.00,-1,-1,-1
104,6,64.00,592.00,70.00,128.00,1.00,-1,-1,-1
104,11,737.00,137.00,39.00,85.00,1.00,-1,-1,-1
104,43,55.00,73.00,33.00,80.00,1.00,-1,-1,-1
104,31,919.00,23.00,26.00,88.00,1.00,-1,-1,-1
104,1,1120.00,633.00,72.00,87.00,1.00,-1,-1,-1
104,36,376.00,255.00,46.00,82.00,1.00,-1,-1,-1
104,26,649.00,185.00,46.00,108.00,1.00,-1,-1,-1
104,5,480.00,119.00,40.00,88.00,1.00,-1,-1,-1
104,9,471.00,17.00,29.00,86.00,1.00,-1,-1,-1
104,18,1221.00,255.00,58.00,112.00,1.00,-1,-1,-1
105,21,606.00,257.00,46.00,108.00,1.00,-1,-1,-1
105,20,677.00,608.00,53.00,112.00,1.00,-1,-1,-1
105,14,367.00,333.00,60.00,106.00,1.00,-1,-1,-1
105,27,1079.00,224.00,52.00,111.00,1.00,-1,-1,-1
105,7,701.00,313.00,52.00,116.00,1.00,-1,-1,-1
105,44,793.00,511.00,59.00,125.00,1.00,-1,-1,-1
105,1,1121.00,634.00,72.00,86.00,1.00,-1,-1,-1
105,48,449.00,560.00,60.00,142.00,1.00,-1,-1,-1
105,37,668.00,453.00,40.00,115.00,1.00,-1,-1,-1
105,45,22.00,391.00,66.00,125.00,1.00,-1,-1,-1
105,28,1175.00,182.00,52.00,108.00,1.00,-1,-1,-1
105,3,461.00,173.00,38.00,101.00,1.00,-1,-1,-1
105,46,780.00,162.00,38.00,83.00,1.00,-1,-1,-1
105,11,737.00,138.00,38.00,85.00,1.00,-1,-1,-1
105,26,649.00,186.00,46.00,108.00,1.00,-1,-1,-1
105,31,919.00,23.00,26.00,88.00,1.00,-1,-1,-1
105,2,1119.00,520.00,73.00,130.00,1.00,-1,-1,-1
105,43,55.00,73.00,34.00,82.00,1.00,-1,-1,-1
105,36,376.00,256.00,45.00,83.00,1.00,-1,-1,-1
105,9,471.00,16.00,29.00,86.00,1.00,-1,-1,-1
105,5,480.00,118.00,39.00,86.00,1.00,-1,-1,-1
105,6,64.00,595.00,69.00,125.00,1.00,-1,-1,-1
105,18,1230.00,255.00,49.00,116.00,1.00,-1,-1,-1
106,27,1078.00,224.00,53.00,112.00,1.00,-1,-1,-1
106,7,700.00,311.00,52.00,117.00,1.00,-1,-1,-1
106,14,367.00,336.00,60.00,103.00,1.00,-1,-1,-1
106,21,606.00,260.00,45.00,107.00,1.00,-1,-1,-1
106,20,676.00,610.00,51.00,110.00,1.00,-1,-1,-1
106,44,793.00,507.00,59.00,127.00,1.00,-1,-1,-1
106,48,451.00,558.00,59.00,142.00,1.00,-1,-1,-1
106,37,667.00,452.00,40.00,115.00,1.00,-1,-1,-1
106,28,1175.00,182.00,52.00,110.00,1.00,-1,-1,-1
106,3,461.00,171.00,39.00,102.00,1.00,-1,-1,-1
106,11,738.00,138.00,37.00,86.00,1.00,-1,-1,-1
106,6,60.00,596.00,73.00,124.00,1.00,-1,-1,-1
106,45,24.00,391.00,63.00,107.00,1.00,-1,-1,-1
106,46,780.00,161.00,38.00,81.00,1.00,-1,-1,-1
106,31,919.00,23.00,26.00,88.00,1.00,-1,-1,-1
106,18,1238.00,256.00,41.00,114.00,1.00,-1,-1,-1
106,43,55.00,73.00,34.00,81.00,1.00,-1,-1,-1
106,9,472.00,17.00,29.00,83.00,1.00,-1,-1,-1
106,36,375.00,257.00,45.00,86.00,1.00,-1,-1,-1
106,26,648.00,186.00,47.00,107.00,1.00,-1,-1,-1
106,5,481.00,115.00,39.00,84.00,1.00,-1,-1,-1
106,1,1123.00,635.00,72.00,85.00,1.00,-1,-1,-1
107,27,1079.00,222.00,51.00,113.00,1.00,-1,-1,-1
107,20,673.00,613.00,53.00,107.00,1.00,-1,-1,-1
107,14,367.00,337.00,60.00,101.00,1.00,-1,-1,-1
107,7,703.00,310.00,50.00,116.00,1.00,-1,-1,-1
107,44,793.00,505.00,60.00,128.00,1.00,-1,-1,-1
107,21,605.00,261.00,47.00,108.00,1.00,-1,-1,-1
107,48,450.00,554.00,60.00,146.00,1.00,-1,-1,-1
107,45,26.00,391.00,63.00,124.00,1.00,-1,-1,-1
107,37,666.00,449.00,42.00,117.00,1.00,-1,-1,-1
107,28,1176.00,183.00,51.00,110.00,1.00,-1,-1,-1
107,11,739.00,138.00,36.00,85.00,1.00,-1,-1,-1
107,46,780.00,159.00,37.00,81.00,1.00,-1,-1,-1
107,31,920.00,22.00,25.00,89.00,1.00,-1,-1,-1
107,43,55.00,72.00,34.00,80.00,1.00,-1,-1,-1
107,3,461.00,170.00,38.00,101.00,1.00,-1,-1,-1
107,18,1235.00,257.00,44.00,114.00,1.00,-1,-1,-1
107,36,375.00,257.00,45.00,88.00,1.00,-1,-1,-1
107,5,481.00,113.00,37.00,84.00,1.00,-1,-1,-1
107,52,649.00,186.00,45.00,106.00,1.00,-1,-1,-1
107,17,531.00,30.00,28.00,82.00,1.00,-1,-1,-1
107,9,471.00,15.00,29.00,83.00,1.00,-1,-1,-1
107,2,1128.00,524.00,70.00,125.00,1.00,-1,-1,-1
108,2,1132.00,532.00,69.00,127.00,1.00,-1,-1,-1
108,27,1078.00,217.00,50.00,115.00,1.00,-1,-1,-1
108,20,667.00,619.00,54.00,99.00,1.00,-1,-1,-1
108,44,794.00,499.00,59.00,136.00,1.00,-1,-1,-1
108,48,451.00,550.00,60.00,151.00,1.00,-1,-1,-1
108,7,704.00,307.00,50.00,118.00,1.00,-1,-1,-1
108,21,605.00,264.00,46.00,108.00,1.00,-1,-1,-1
108,45,29.00,392.00,62.00,121.00,1.00,-1,-1,-1
108,11,740.00,139.00,35.00,84.00,1.00,-1,-1,-1
108,14,367.00,337.00,57.00,102.00,1.00,-1,-1,-1
108,6,57.00,606.00,73.00,114.00,1.00,-1,-1,-1
108,28,1175.00,186.00,53.00,109.00,1.00,-1,-1,-1
108,37,665.00,442.00,44.00,122.00,1.00,-1,-1,-1
108,46,780.00,158.00,36.00,82.00,1.00,-1,-1,-1
108,1,1126.00,649.00,77.00,71.00,1.00,-1,-1,-1
108,31,920.00,22.00,26.00,89.00,1.00,-1,-1,-1
108,3,461.00,169.00,38.00,102.00,1.00,-1,-1,-1
108,18,1235.00,258.00,44.00,114.00,1.00,-1,-1,-1
108,17,531.00,30.00,28.00,82.00,1.00,-1,-1,-1
108,43,55.00,72.00,34.00,80.00,1.00,-1,-1,-1
108,52,649.00,190.00,44.00,103.00,1.00,-1,-1,-1
108,5,482.00,110.00,33.00,88.00,1.00,-1,-1,-1
108,9,471.00,12.00,29.00,82.00,1.00,-1,-1,-1
108,53,612.00,54.00,28.00,87.00,1.00,-1,-1,-1
109,20,664.00,622.00,57.00,98.00,1.00,-1,-1,-1
109,44,795.00,497.00,59.00,137.00,1.00,-1,-1,-1
109,27,1075.00,217.00,49.00,115.00,1.00,-1,-1,-1
109,45,30.00,394.00,61.00,118.00,1.00,-1,-1,-1
109,21,604.00,265.00,45.00,107.00,1.00,-1,-1,-1
109,7,703.00,304.00,51.00,119.00,1.00,-1,-1,-1
109,14,367.00,339.00,54.00,100.00,1.00,-1,-1,-1
109,48,450.00,547.00,61.00,154.00,1.00,-1,-1,-1
109,46,780.00,157.00,36.00,83.00,1.00,-1,-1,-1
109,28,1175.00,189.00,53.00,107.00,1.00,-1,-1,-1
109,37,664.00,441.00,45.00,120.00,1.00,-1,-1,-1
109,11,741.00,139.00,33.00,84.00,1.00,-1,-1,-1
109,31,920.00,22.00,25.00,88.00,1.00,-1,-1,-1
109,2,1135.00,536.00,68.00,136.00,1.00,-1,-1,-1
109,3,460.00,169.00,38.00,102.00,1.00,-1,-1,-1
109,52,646.00,191.00,46.00,105.00,1.00,-1,-1,-1
109,43,54.00,71.00,34.00,81.00,1.00,-1,-1,-1
109,18,1232.00,260.00,47.00,110.00,1.00,-1,-1,-1
109,17,530.00,30.00,29.00,82.00,1.00,-1,-1,-1
109,5,481.00,109.00,32.00,89.00,1.00,-1,-1,-1
110,20,663.00,623.00,56.00,97.00,1.00,-1,-1,-1
110,14,366.00,340.00,53.00,101.00,1.00,-1,-1,-1
110,21,603.00,265.00,45.00,108.00,1.00,-1,-1,-1
110,44,798.00,494.00,58.00,137.00,1.00,-1,-1,-1
110,27,1074.00,215.00,49.00,112.00,1.00,-1,-1,-1
110,7,704.00,303.00,51.00,116.00,1.00,-1,-1,-1
110,28,1175.00,189.00,53.00,107.00,1.00,-1,-1,-1
110,48,453.00,545.00,59.00,155.00,1.00,-1,-1,-1
110,45,30.00,396.00,61.00,117.00,1.00,-1,-1,-1
110,46,781.00,156.00,34.00,83.00,1.00,-1,-1,-1
110,18,1234.00,262.00,45.00,110.00,1.00,-1,-1,-1
110,37,665.00,438.00,42.00,119.00,1.00,-1,-1,-1
110,31,920.00,21.00,25.00,89.00,1.00,-1,-1,-1
110,52,644.00,192.00,49.00,108.00,1.00,-1,-1,-1
110,43,53.00,72.00,36.00,81.00,1.00,-1,-1,-1
110,3,459.00,168.00,39.00,103.00,1.00,-1,-1,-1
110,11,742.00,140.00,32.00,82.00,1.00,-1,-1,-1
110,17,531.00,29.00,27.00,83.00,1.00,-1,-1,-1
110,2,1135.00,540.00,70.00,141.00,1.00,-1,-1,-1
110,6,53.00,610.00,69.00,110.00,1.00,-1,-1,-1
110,5,481.00,108.00,31.00,90.00,1.00,-1,-1,-1
111,44,798.00,489.00,58.00,137.00,1.00,-1,-1,-1
111,20,660.00,624.00,57.00,96.00,1.00,-1,-1,-1
111,27,1074.00,214.00,48.00,109.00,1.00,-1,-1,-1
111,45,32.00,397.00,60.00,119.00,1.00,-1,-1,-1
111,14,365.00,341.00,52.00,102.00,1.00,-1,-1,-1
111,28,1174.00,188.00,54.00,108.00,1.00,-1,-1,-1
111,21,603.00,265.00,45.00,107.00,1.00,-1,-1,-1
111,7,705.00,300.00,51.00,114.00,1.00,-1,-1,-1
111,18,1237.00,263.00,42.00,109.00,1.00,-1,-1,-1
111,37,665.00,436.00,42.00,115.00,1.00,-1,-1,-1
111,46,780.00,154.00,36.00,85.00,1.00,-1,-1,-1
111,48,455.00,540.00,60.00,158.00,1.00,-1,-1,-1
111,6,52.00,614.00,71.00,106.00,1.00,-1,-1,-1
111,3,459.00,165.00,39.00,105.00,1.00,-1,-1,-1
111,17,531.00,28.00,27.00,84.00,1.00,-1,-1,-1
111,36,374.00,261.00,41.00,89.00,1.00,-1,-1,-1
111,31,920.00,21.00,25.00,89.00,1.00,-1,-1,-1
111,43,53.00,72.00,36.00,81.00,1.00,-1,-1,-1
111,2,1136.00,545.00,70.00,139.00,1.00,-1,-1,-1
111,11,742.00,142.00,32.00,81.00,1.00,-1,-1,-1
111,9,470.00,9.00,30.00,80.00,1.00,-1,-1,-1
111,52,644.00,194.00,49.00,107.00,1.00,-1,-1,-1
111,30,1140.00,88.00,44.00,101.00,1.00,-1,-1,-1
111,53,480.00,107.00,32.00,92.00,1.00,-1,-1,-1
112,20,657.00,626.00,58.00,94.00,1.00,-1,-1,-1
112,45,34.00,399.00,58.00,121.00,1.00,-1,-1,-1
112,27,1074.00,213.00,46.00,106.00,1.00,-1,-1,-1
112,44,799.00,486.00,58.00,136.00,1.00,-1,-1,-1
112,6,49.00,617.00,73.00,103.00,1.00,-1,-1,-1
112,14,364.00,341.00,52.00,107.00,1.00,-1,-1,-1
112,21,602.00,266.00,46.00,106.00,1.00,-1,-1,-1
112,7,705.00,298.00,49.00,111.00,1.00,-1,-1,-1
112,28,1175.00,190.00,54.00,105.00,1.00,-1,-1,-1
112,37,666.00,432.00,41.00,111.00,1.00,-1,-1,-1
112,18,1240.00,267.00,39.00,110.00,1.00,-1,-1,-1
112,46,780.00,151.00,35.00,87.00,1.00,-1,-1,-1
112,17,531.00,28.00,27.00,84.00,1.00,-1,-1,-1
112,43,53.00,71.00,36.00,81.00,1.00,-1,-1,-1
112,11,743.00,143.00,32.00,82.00,1.00,-1,-1,-1
112,48,445.00,537.00,71.00,155.00,1.00,-1,-1,-1
112,36,373.00,263.00,42.00,88.00,1.00,-1,-1,-1
112,3,458.00,164.00,38.00,102.00,1.00,-1,-1,-1
112,31,920.00,21.00,24.00,89.00,1.00,-1,-1,-1
112,30,1141.00,87.00,43.00,101.00,1.00,-1,-1,-1
112,54,611.00,56.00,29.00,85.00,1.00,-1,-1,-1
112,52,643.00,194.00,47.00,109.00,1.00,-1,-1,-1
112,9,470.00,8.00,28.00,80.00,1.00,-1,-1,-1
113,20,652.00,632.00,62.00,88.00,1.00,-1,-1,-1
113,45,35.00,403.00,59.00,130.00,1.00,-1,-1,-1
113,27,1073.00,208.00,45.00,104.00,1.00,-1,-1,-1
113,21,603.00,269.00,46.00,103.00,1.00,-1,-1,-1
113,28,1177.00,191.00,52.00,104.00,1.00,-1,-1,-1
113,6,48.00,624.00,75.00,96.00,1.00,-1,-1,-1
113,48,456.00,528.00,62.00,156.00,1.00,-1,-1,-1
113,7,706.00,295.00,48.00,104.00,1.00,-1,-1,-1
113,44,802.00,478.00,55.00,130.00,1.00,-1,-1,-1
113,46,780.00,150.00,36.00,87.00,1.00,-1,-1,-1
113,37,669.00,425.00,38.00,108.00,1.00,-1,-1,-1
113,14,362.00,345.00,52.00,111.00,1.00,-1,-1,-1
113,11,744.00,145.00,32.00,82.00,1.00,-1,-1,-1
113,17,531.00,28.00,27.00,84.00,1.00,-1,-1,-1
113,3,458.00,160.00,38.00,104.00,1.00,-1,-1,-1
113,52,643.00,198.00,47.00,108.00,1.00,-1,-1,-1
113,2,1140.00,557.00,71.00,137.00,1.00,-1,-1,-1
113,31,920.00,21.00,25.00,89.00,1.00,-1,-1,-1
113,54,611.00,56.00,29.00,88.00,1.00,-1,-1,-1
113,36,371.00,265.00,43.00,91.00,1.00,-1,-1,-1
113,43,52.00,71.00,37.00,81.00,1.00,-1,-1,-1
114,20,649.00,634.00,64.00,86.00,1.00,-1,-1,-1
114,45,36.00,406.00,59.00,130.00,1.00,-1,-1,-1
114,27,1072.00,207.00,46.00,103.00,1.00,-1,-1,-1
114,48,457.00,525.00,63.00,152.00,1.00,-1,-1,-1
114,2,1141.00,561.00,73.00,140.00,1.00,-1,-1,-1
114,21,602.00,271.00,47.00,103.00,1.00,-1,-1,-1
114,44,801.00,474.00,57.00,125.00,1.00,-1,-1,-1
114,37,670.00,423.00,38.00,109.00,1.00,-1,-1,-1
114,28,1178.00,191.00,52.00,105.00,1.00,-1,-1,-1
114,7,706.00,293.00,48.00,104.00,1.00,-1,-1,-1
114,46,780.00,150.00,36.00,86.00,1.00,-1,-1,-1
114,6,47.00,630.00,77.00,89.00,1.00,-1,-1,-1
114,14,362.00,349.00,50.00,111.00,1.00,-1,-1,-1
114,3,457.00,158.00,37.00,104.00,1.00,-1,-1,-1
114,11,745.00,147.00,33.00,83.00,1.00,-1,-1,-1
114,17,531.00,28.00,27.00,84.00,1.00,-1,-1,-1
114,31,920.00,21.00,24.00,89.00,1.00,-1,-1,-1
114,51,146.00,0.00,57.00,96.00,1.00,-1,-1,-1
114,36,371.00,267.00,42.00,91.00,1.00,-1,-1,-1
114,52,643.00,199.00,47.00,110.00,1.00,-1,-1,-1
114,43,52.00,71.00,37.00,81.00,1.00,-1,-1,-1
114,54,612.00,57.00,28.00,88.00,1.00,-1,-1,-1
115,27,1072.00,204.00,45.00,105.00,1.00,-1,-1,-1
115,6,48.00,632.00,77.00,88.00,1.00,-1,-1,-1
115,20,647.00,638.00,67.00,82.00,1.00,-1,-1,-1
115,14,360.00,350.00,51.00,113.00,1.00,-1,-1,-1
115,45,37.00,408.00,59.00,129.00,1.00,-1,-1,-1
115,44,801.00,471.00,57.00,120.00,1.00,-1,-1,-1
115,2,1144.00,563.00,72.00,136.00,1.00,-1,-1,-1
115,21,602.00,273.00,48.00,104.00,1.00,-1,-1,-1
115,48,457.00,522.00,66.00,143.00,1.00,-1,-1,-1
115,7,705.00,289.00,49.00,106.00,1.00,-1,-1,-1
115,46,780.00,149.00,36.00,85.00,1.00,-1,-1,-1
115,28,1178.00,193.00,50.00,107.00,1.00,-1,-1,-1
115,37,669.00,422.00,38.00,107.00,1.00,-1,-1,-1
115,3,457.00,154.00,37.00,104.00,1.00,-1,-1,-1
115,36,371.00,268.00,42.00,91.00,1.00,-1,-1,-1
115,17,532.00,28.00,25.00,84.00,1.00,-1,-1,-1
115,11,745.00,150.00,33.00,80.00,1.00,-1,-1,-1
115,31,919.00,21.00,25.00,89.00,1.00,-1,-1,-1
115,51,145.00,0.00,60.00,94.00,1.00,-1,-1,-1
115,54,612.00,57.00,28.00,90.00,1.00,-1,-1,-1
115,5,480.00,102.00,28.00,91.00,1.00,-1,-1,-1
115,55,573.00,30.00,26.00,86.00,1.00,-1,-1,-1
115,9,466.00,8.00,30.00,80.00,1.00,-1,-1,-1
115,52,643.00,200.00,45.00,113.00,1.00,-1,-1,-1
115,43,51.00,71.00,38.00,82.00,1.00,-1,-1,-1
116,45,39.00,410.00,59.00,128.00,1.00,-1,-1,-1
116,27,1071.00,203.00,45.00,106.00,1.00,-1,-1,-1
116,20,646.00,641.00,70.00,79.00,1.00,-1,-1,-1
116,48,457.00,520.00,68.00,135.00,1.00,-1,-1,-1
116,14,360.00,352.00,51.00,112.00,1.00,-1,-1,-1
116,6,47.00,638.00,80.00,82.00,1.00,-1,-1,-1
116,7,704.00,288.00,51.00,106.00,1.00,-1,-1,-1
116,28,1179.00,195.00,50.00,110.00,1.00,-1,-1,-1
116,44,800.00,465.00,60.00,122.00,1.00,-1,-1,-1
116,3,457.00,152.00,38.00,103.00,1.00,-1,-1,-1
116,21,602.00,275.00,47.00,107.00,1.00,-1,-1,-1
116,2,1147.00,568.00,67.00,133.00,1.00,-1,-1,-1
116,37,670.00,420.00,37.00,109.00,1.00,-1,-1,-1
116,46,780.00,146.00,37.00,86.00,1.00,-1,-1,-1
116,51,145.00,0.00,63.00,95.00,1.00,-1,-1,-1
116,36,370.00,271.00,43.00,90.00,1.00,-1,-1,-1
116,17,532.00,28.00,25.00,84.00,1.00,-1,-1,-1
116,54,613.00,59.00,26.00,90.00,1.00,-1,-1,-1
116,31,919.00,20.00,25.00,89.00,1.00,-1,-1,-1
116,11,745.00,151.00,35.00,81.00,1.00,-1,-1,-1
116,5,478.00,101.00,30.00,89.00,1.00,-1,-1,-1
116,9,466.00,6.00,30.00,80.00,1.00,-1,-1,-1
116,55,573.00,30.00,26.00,86.00,1.00,-1,-1,-1
116,18,1245.00,290.00,34.00,106.00,1.00,-1,-1,-1
116,43,51.00,71.00,38.00,81.00,1.00,-1,-1,-1
117,27,1070.00,202.00,44.00,106.00,1.00,-1,-1,-1
117,20,645.00,644.00,73.00,76.00,1.00,-1,-1,-1
117,45,41.00,414.00,61.00,129.00,1.00,-1,-1,-1
117,48,458.00,516.00,68.00,131.00,1.00,-1,-1,-1
117,6,46.00,643.00,81.00,77.00,1.00,-1,-1,-1
117,44,800.00,463.00,60.00,123.00,1.00,-1,-1,-1
117,7,704.00,287.00,51.00,108.00,1.00,-1,-1,-1
117,14,360.00,356.00,50.00,110.00,1.00,-1,-1,-1
117,28,1179.00,198.00,51.00,111.00,1.00,-1,-1,-1
117,3,457.00,151.00,37.00,100.00,1.00,-1,-1,-1
117,21,602.00,277.00,47.00,107.00,1.00,-1,-1,-1
117,37,672.00,418.00,35.00,111.00,1.00,-1,-1,-1
117,2,1150.00,571.00,71.00,140.00,1.00,-1,-1,-1
117,36,370.00,271.00,42.00,93.00,1.00,-1,-1,-1
117,46,781.00,144.00,36.00,85.00,1.00,-1,-1,-1
117,54,613.00,60.00,26.00,90.00,1.00,-1,-1,-1
117,17,532.00,27.00,25.00,85.00,1.00,-1,-1,-1
117,11,746.00,152.00,35.00,81.00,1.00,-1,-1,-1
117,31,919.00,20.00,25.00,89.00,1.00,-1,-1,-1
117,5,477.00,99.00,31.00,88.00,1.00,-1,-1,-1
117,55,573.00,29.00,26.00,87.00,1.00,-1,-1,-1
117,51,145.00,0.00,63.00,95.00,1.00,-1,-1,-1
117,9,466.00,6.00,30.00,78.00,1.00,-1,-1,-1
118,27,1069.00,201.00,45.00,107.00,1.00,-1,-1,-1
118,45,41.00,417.00,63.00,132.00,1.00,-1,-1,-1
118,6,45.00,650.00,80.00,69.00,1.00,-1,-1,-1
118,44,802.00,459.00,59.00,128.00,1.00,-1,-1,-1
118,28,1180.00,201.00,50.00,111.00,1.00,-1,-1,-1
118,7,704.00,284.00,49.00,112.00,1.00,-1,-1,-1
118,14,359.00,360.00,50.00,106.00,1.00,-1,-1,-1
118,21,602.00,281.00,46.00,108.00,1.00,-1,-1,-1
118,3,456.00,148.00,38.00,98.00,1.00,-1,-1,-1
118,37,671.00,414.00,36.00,115.00,1.00,-1,-1,-1
118,48,456.00,512.00,70.00,129.00,1.00,-1,-1,-1
118,20,641.00,652.00,79.00,68.00,1.00,-1,-1,-1
118,11,747.00,153.00,34.00,83.00,1.00,-1,-1,-1
118,36,369.00,274.00,41.00,96.00,1.00,-1,-1,-1
118,46,782.00,143.00,33.00,78.00,1.00,-1,-1,-1
118,31,919.00,20.00,25.00,89.00,1.00,-1,-1,-1
118,9,465.00,1.00,31.00,80.00,1.00,-1,-1,-1
118,17,532.00,26.00,25.00,86.00,1.00,-1,-1,-1
118,5,476.00,97.00,31.00,83.00,1.00,-1,-1,-1
118,55,572.00,28.00,26.00,88.00,1.00,-1,-1,-1
118,54,614.00,63.00,24.00,91.00,1.00,-1,-1,-1
118,18,1250.00,294.00,29.00,105.00,1.00,-1,-1,-1
118,43,50.00,71.00,39.00,81.00,1.00,-1,-1,-1
119,6,45.00,654.00,81.00,65.00,1.00,-1,-1,-1
119,27,1067.00,200.00,47.00,108.00,1.00,-1,-1,-1
119,21,602.00,282.00,47.00,111.00,1.00,-1,-1,-1
119,7,704.00,283.00,49.00,113.00,1.00,-1,-1,-1
119,14,358.00,359.00,51.00,107.00,1.00,-1,-1,-1
119,28,1180.00,203.00,50.00,112.00,1.00,-1,-1,-1
119,48,453.00,509.00,72.00,134.00,1.00,-1,-1,-1
119,45,42.00,418.00,63.00,131.00,1.00,-1,-1,-1
119,44,803.00,457.00,58.00,130.00,1.00,-1,-1,-1
119,3,457.00,147.00,36.00,99.00,1.00,-1,-1,-1
119,20,641.00,656.00,79.00,64.00,1.00,-1,-1,-1
119,46,782.00,142.00,33.00,79.00,1.00,-1,-1,-1
119,37,672.00,411.00,35.00,116.00,1.00,-1,-1,-1
119,11,748.00,153.00,34.00,84.00,1.00,-1,-1,-1
119,36,369.00,275.00,41.00,96.00,1.00,-1,-1,-1
119,31,919.00,20.00,25.00,89.00,1.00,-1,-1,-1
119,9,465.00,0.00,31.00,81.00,1.00,-1,-1,-1
119,17,532.00,26.00,25.00,86.00,1.00,-1,-1,-1
119,5,475.00,96.00,32.00,84.00,1.00,-1,-1,-1
119,54,614.00,63.00,25.00,92.00,1.00,-1,-1,-1
119,55,572.00,28.00,26.00,88.00,1.00,-1,-1,-1
119,43,50.00,71.00,39.00,81.00,1.00,-1,-1,-1
120,21,603.00,283.00,48.00,111.00,1.00,-1,-1,-1
120,27,1066.00,198.00,48.00,110.00,1.00,-1,-1,-1
120,7,704.00,282.00,49.00,113.00,1.00,-1,-1,-1
120,44,804.00,454.00,57.00,133.00,1.00,-1,-1,-1
120,28,1181.00,207.00,50.00,110.00,1.00,-1,-1,-1
120,14,357.00,359.00,52.00,107.00,1.00,-1,-1,-1
120,48,455.00,507.00,69.00,137.00,1.00,-1,-1,-1
120,3,457.00,147.00,37.00,99.00,1.00,-1,-1,-1
120,6,45.00,657.00,79.00,63.00,1.00,-1,-1,-1
120,45,43.00,419.00,63.00,129.00,1.00,-1,-1,-1
120,20,641.00,658.00,76.00,62.00,1.00,-1,-1,-1
120,46,781.00,141.00,34.00,79.00,1.00,-1,-1,-1
120,37,672.00,409.00,35.00,116.00,1.00,-1,-1,-1
120,36,369.00,276.00,41.00,95.00,1.00,-1,-1,-1
120,11,747.00,154.00,34.00,83.00,1.00,-1,-1,-1
120,31,919.00,20.00,25.00,89.00,1.00,-1,-1,-1
120,5,475.00,96.00,32.00,83.00,1.00,-1,-1,-1
120,9,466.00,0.00,30.00,80.00,1.00,-1,-1,-1
120,17,532.00,26.00,25.00,86.00,1.00,-1,-1,-1
120,54,614.00,63.00,25.00,91.00,1.00,-1,-1,-1
120,43,50.00,71.00,39.00,81.00,1.00,-1,-1,-1
121,21,603.00,286.00,48.00,108.00,1.00,-1,-1,-1
121,6,43.00,660.00,78.00,60.00,1.00,-1,-1,-1
121,27,1066.00,196.00,47.00,111.00,1.00,-1,-1,-1
121,28,1181.00,207.00,49.00,114.00,1.00,-1,-1,-1
121,7,704.00,280.00,49.00,115.00,1.00,-1,-1,-1
121,45,44.00,422.00,62.00,126.00,1.00,-1,-1,-1
121,44,805.00,450.00,56.00,135.00,1.00,-1,-1,-1
121,14,356.00,360.00,52.00,106.00,1.00,-1,-1,-1
121,48,458.00,504.00,64.00,140.00,1.00,-1,-1,-1
121,3,456.00,145.00,39.00,100.00,1.00,-1,-1,-1
121,20,641.00,660.00,73.00,60.00,1.00,-1,-1,-1
121,46,781.00,140.00,34.00,77.00,1.00,-1,-1,-1
121,36,368.00,277.00,42.00,95.00,1.00,-1,-1,-1
121,54,613.00,63.00,27.00,92.00,1.00,-1,-1,-1
121,11,747.00,155.00,34.00,80.00,1.00,-1,-1,-1
121,31,919.00,19.00,25.00,90.00,1.00,-1,-1,-1
121,37,673.00,408.00,34.00,114.00,1.00,-1,-1,-1
121,50,175.00,26.00,37.00,68.00,1.00,-1,-1,-1
121,55,572.00,28.00,27.00,86.00,1.00,-1,-1,-1
121,5,475.00,94.00,34.00,83.00,1.00,-1,-1,-1
121,2,1158.00,589.00,75.00,130.00,1.00,-1,-1,-1
121,17,532.00,26.00,25.00,86.00,1.00,-1,-1,-1
121,9,467.00,0.00,28.00,78.00,1.00,-1,-1,-1
122,27,1064.00,195.00,49.00,110.00,1.00,-1,-1,-1
122,28,1181.00,207.00,49.00,114.00,1.00,-1,-1,-1
122,21,604.00,289.00,46.00,108.00,1.00,-1,-1,-1
122,7,704.00,279.00,49.00,116.00,1.00,-1,-1,-1
122,14,356.00,364.00,54.00,103.00,1.00,-1,-1,-1
122,48,462.00,502.00,57.00,142.00,1.00,-1,-1,-1
122,6,42.00,663.00,76.00,57.00,1.00,-1,-1,-1
122,3,456.00,145.00,39.00,100.00,1.00,-1,-1,-1
122,45,45.00,422.00,61.00,127.00,1.00,-1,-1,-1
122,36,367.00,279.00,43.00,95.00,1.00,-1,-1,-1
122,46,780.00,139.00,36.00,79.00,1.00,-1,-1,-1
122,44,805.00,448.00,56.00,136.00,1.00,-1,-1,-1
122,54,613.00,63.00,26.00,92.00,1.00,-1,-1,-1
122,11,747.00,159.00,36.00,82.00,1.00,-1,-1,-1
122,50,177.00,24.00,33.00,71.00,1.00,-1,-1,-1
122,31,919.00,20.00,25.00,89.00,1.00,-1,-1,-1
122,5,475.00,93.00,36.00,84.00,1.00,-1,-1,-1
122,55,572.00,28.00,26.00,86.00,1.00,-1,-1,-1
122,20,641.00,665.00,70.00,55.00,1.00,-1,-1,-1
122,52,638.00,208.00,46.00,108.00,1.00,-1,-1,-1
122,43,49.00,72.00,39.00,80.00,1.00,-1,-1,-1
122,37,673.00,405.00,35.00,116.00,1.00,-1,-1,-1
122,9,468.00,0.00,28.00,78.00,1.00,-1,-1,-1
122,51,144.00,0.00,35.00,69.00,1.00,-1,-1,-1
122,17,532.00,26.00,25.00,86.00,1.00,-1,-1,-1
123,27,1064.00,192.00,47.00,109.00,1.00,-1,-1,-1
123,14,354.00,367.00,57.00,103.00,1.00,-1,-1,-1
123,28,1182.00,209.00,49.00,111.00,1.00,-1,-1,-1
123,44,805.00,442.00,57.00,137.00,1.00,-1,-1,-1
123,21,604.00,290.00,45.00,108.00,1.00,-1,-1,-1
123,48,461.00,497.00,57.00,145.00,1.00,-1,-1,-1
123,7,703.00,272.00,49.00,116.00,1.00,-1,-1,-1
123,46,779.00,136.00,37.00,82.00,1.00,-1,-1,-1
123,3,455.00,144.00,39.00,101.00,1.00,-1,-1,-1
123,36,366.00,280.00,43.00,94.00,1.00,-1,-1,-1
123,52,637.00,210.00,46.00,113.00,1.00,-1,-1,-1
123,54,612.00,63.00,28.00,92.00,1.00,-1,-1,-1
123,45,47.00,424.00,60.00,124.00,1.00,-1,-1,-1
123,11,746.00,160.00,37.00,86.00,1.00,-1,-1,-1
123,6,41.00,669.00,70.00,51.00,1.00,-1,-1,-1
123,5,475.00,90.00,39.00,85.00,1.00,-1,-1,-1
123,31,919.00,19.00,25.00,89.00,1.00,-1,-1,-1
123,37,674.00,400.00,36.00,108.00,1.00,-1,-1,-1
123,55,571.00,27.00,27.00,89.00,1.00,-1,-1,-1
123,9,468.00,0.00,28.00,75.00,1.00,-1,-1,-1
123,51,142.00,0.00,38.00,71.00,1.00,-1,-1,-1
123,20,642.00,671.00,64.00,49.00,1.00,-1,-1,-1
123,17,532.00,24.00,25.00,88.00,1.00,-1,-1,-1
123,50,182.00,22.00,27.00,69.00,1.00,-1,-1,-1
123,43,47.00,71.00,41.00,81.00,1.00,-1,-1,-1
124,14,354.00,368.00,58.00,107.00,1.00,-1,-1,-1
124,27,1064.00,191.00,46.00,108.00,1.00,-1,-1,-1
124,28,1181.00,212.00,51.00,108.00,1.00,-1,-1,-1
124,44,805.00,439.00,58.00,133.00,1.00,-1,-1,-1
124,21,604.00,291.00,47.00,107.00,1.00,-1,-1,-1
124,48,460.00,495.00,58.00,147.00,1.00,-1,-1,-1
124,3,455.00,142.00,39.00,103.00,1.00,-1,-1,-1
124,7,704.00,273.00,49.00,113.00,1.00,-1,-1,-1
124,36,367.00,281.00,43.00,92.00,1.00,-1,-1,-1
124,46,778.00,136.00,36.00,83.00,1.00,-1,-1,-1
124,5,474.00,89.00,40.00,86.00,1.00,-1,-1,-1
124,45,48.00,426.00,62.00,122.00,1.00,-1,-1,-1
124,11,746.00,162.00,36.00,87.00,1.00,-1,-1,-1
124,54,612.00,65.00,28.00,90.00,1.00,-1,-1,-1
124,31,919.00,19.00,25.00,89.00,1.00,-1,-1,-1
124,52,639.00,212.00,45.00,114.00,1.00,-1,-1,-1
124,37,675.00,395.00,36.00,107.00,1.00,-1,-1,-1
124,6,39.00,672.00,70.00,48.00,1.00,-1,-1,-1
124,55,571.00,27.00,27.00,89.00,1.00,-1,-1,-1
124,33,1136.00,58.00,33.00,73.00,1.00,-1,-1,-1
124,9,468.00,0.00,29.00,74.00,1.00,-1,-1,-1
124,50,185.00,23.00,27.00,68.00,1.00,-1,-1,-1
124,17,532.00,24.00,26.00,87.00,1.00,-1,-1,-1
124,51,143.00,0.00,38.00,72.00,1.00,-1,-1,-1
124,2,1159.00,608.00,86.00,112.00,1.00,-1,-1,-1
125,27,1064.00,188.00,44.00,108.00,1.00,-1,-1,-1
125,14,353.00,369.00,59.00,110.00,1.00,-1,-1,-1
125,28,1181.00,213.00,51.00,107.00,1.00,-1,-1,-1
125,44,804.00,436.00,59.00,126.00,1.00,-1,-1,-1
125,48,459.00,492.00,59.00,148.00,1.00,-1,-1,-1
125,21,605.00,292.00,46.00,105.00,1.00,-1,-1,-1
125,3,456.00,140.00,37.00,103.00,1.00,-1,-1,-1
125,46,778.00,135.00,36.00,84.00,1.00,-1,-1,-1
125,7,703.00,269.00,49.00,109.00,1.00,-1,-1,-1
125,45,49.00,428.00,64.00,121.00,1.00,-1,-1,-1
125,36,364.00,282.00,46.00,93.00,1.00,-1,-1,-1
125,52,638.00,213.00,45.00,114.00,1.00,-1,-1,-1
125,11,746.00,164.00,37.00,87.00,1.00,-1,-1,-1
125,33,1137.00,59.00,33.00,73.00,1.00,-1,-1,-1
125,37,675.00,392.00,37.00,106.00,1.00,-1,-1,-1
125,50,188.00,24.00,27.00,68.00,1.00,-1,-1,-1
125,31,919.00,19.00,25.00,90.00,1.00,-1,-1,-1
125,54,611.00,66.00,29.00,89.00,1.00,-1,-1,-1
125,6,39.00,676.00,66.00,44.00,1.00,-1,-1,-1
125,5,474.00,88.00,41.00,83.00,1.00,-1,-1,-1
125,9,468.00,0.00,29.00,74.00,1.00,-1,-1,-1
125,55,570.00,26.00,28.00,89.00,1.00,-1,-1,-1
125,56,1168.00,56.00,29.00,68.00,1.00,-1,-1,-1
125,17,532.00,24.00,25.00,87.00,1.00,-1,-1,-1
125,43,48.00,70.00,37.00,82.00,1.00,-1,-1,-1
125,51,142.00,0.00,38.00,73.00,1.00,-1,-1,-1
126,28,1179.00,212.00,54.00,107.00,1.00,-1,-1,-1
126,27,1063.00,187.00,45.00,106.00,1.00,-1,-1,-1
126,21,605.00,292.00,47.00,104.00,1.00,-1,-1,-1
126,44,804.00,431.00,58.00,120.00,1.00,-1,-1,-1
126,52,637.00,214.00,46.00,113.00,1.00,-1,-1,-1
126,14,353.00,372.00,61.00,111.00,1.00,-1,-1,-1
126,48,460.00,489.00,56.00,148.00,1.00,-1,-1,-1
126,45,52.00,432.00,67.00,119.00,1.00,-1,-1,-1
126,7,703.00,266.00,48.00,107.00,1.00,-1,-1,-1
126,37,677.00,390.00,36.00,105.00,1.00,-1,-1,-1
126,3,456.00,138.00,37.00,102.00,1.00,-1,-1,-1
126,50,190.00,23.00,29.00,69.00,1.00,-1,-1,-1
126,36,364.00,284.00,46.00,91.00,1.00,-1,-1,-1
126,11,746.00,166.00,38.00,87.00,1.00,-1,-1,-1
126,33,1137.00,59.00,34.00,72.00,1.00,-1,-1,-1
126,51,142.00,0.00,37.00,74.00,1.00,-1,-1,-1
126,54,611.00,67.00,29.00,89.00,1.00,-1,-1,-1
126,5,474.00,87.00,41.00,83.00,1.00,-1,-1,-1
126,31,920.00,19.00,24.00,88.00,1.00,-1,-1,-1
126,55,570.00,26.00,28.00,88.00,1.00,-1,-1,-1
126,9,468.00,0.00,28.00,75.00,1.00,-1,-1,-1
126,56,1168.00,56.00,31.00,70.00,1.00,-1,-1,-1
126,46,777.00,134.00,36.00,85.00,1.00,-1,-1,-1
126,43,48.00,70.00,37.00,82.00,1.00,-1,-1,-1
126,17,533.00,23.00,25.00,88.00,1.00,-1,-1,-1
126,6,39.00,680.00,64.00,40.00,1.00,-1,-1,-1
127,28,1179.00,213.00,55.00,106.00,1.00,-1,-1,-1
127,44,806.00,427.00,58.00,118.00,1.00,-1,-1,-1
127,21,605.00,293.00,47.00,104.00,1.00,-1,-1,-1
127,27,1063.00,185.00,45.00,103.00,1.00,-1,-1,-1
127,48,460.00,485.00,57.00,148.00,1.00,-1,-1,-1
127,52,637.00,217.00,46.00,112.00,1.00,-1,-1,-1
127,14,354.00,375.00,61.00,112.00,1.00,-1,-1,-1
127,37,677.00,388.00,38.00,105.00,1.00,-1,-1,-1
127,7,704.00,265.00,47.00,105.00,1.00,-1,-1,-1
127,50,192.00,22.00,33.00,69.00,1.00,-1,-1,-1
127,3,456.00,137.00,40.00,101.00,1.00,-1,-1,-1
127,36,364.00,286.00,47.00,92.00,1.00,-1,-1,-1
127,11,747.00,166.00,38.00,87.00,1.00,-1,-1,-1
127,51,143.00,0.00,36.00,74.00,1.00,-1,-1,-1
127,5,475.00,86.00,41.00,82.00,1.00,-1,-1,-1
127,31,920.00,18.00,25.00,88.00,1.00,-1,-1,-1
127,9,469.00,0.00,28.00,74.00,1.00,-1,-1,-1
127,55,571.00,26.00,28.00,88.00,1.00,-1,-1,-1
127,54,611.00,68.00,29.00,90.00,1.00,-1,-1,-1
127,45,53.00,435.00,71.00,124.00,1.00,-1,-1,-1
127,43,48.00,70.00,37.00,82.00,1.00,-1,-1,-1
127,33,1137.00,59.00,37.00,71.00,1.00,-1,-1,-1
127,46,777.00,133.00,37.00,86.00,1.00,-1,-1,-1
127,17,533.00,22.00,25.00,89.00,1.00,-1,-1,-1
128,28,1179.00,218.00,56.00,110.00,1.00,-1,-1,-1
128,21,604.00,297.00,46.00,109.00,1.00,-1,-1,-1
128,27,1061.00,184.00,46.00,100.00,1.00,-1,-1,-1
128,44,810.00,422.00,55.00,116.00,1.00,-1,-1,-1
128,45,55.00,439.00,74.00,123.00,1.00,-1,-1,-1
128,37,675.00,384.00,40.00,109.00,1.00,-1,-1,-1
128,48,459.00,479.00,58.00,142.00,1.00,-1,-1,-1
128,3,457.00,133.00,36.00,98.00,1.00,-1,-1,-1
128,52,635.00,221.00,47.00,115.00,1.00,-1,-1,-1
128,51,143.00,0.00,36.00,76.00,1.00,-1,-1,-1
128,50,196.00,23.00,38.00,68.00,1.00,-1,-1,-1
128,7,703.00,263.00,48.00,105.00,1.00,-1,-1,-1
128,54,611.00,69.00,31.00,92.00,1.00,-1,-1,-1
128,36,363.00,288.00,45.00,92.00,1.00,-1,-1,-1
128,55,571.00,25.00,28.00,88.00,1.00,-1,-1,-1
128,14,353.00,379.00,63.00,115.00,1.00,-1,-1,-1
128,17,533.00,21.00,25.00,89.00,1.00,-1,-1,-1
128,31,920.00,18.00,25.00,89.00,1.00,-1,-1,-1
128,5,476.00,85.00,40.00,82.00,1.00,-1,-1,-1
128,9,469.00,0.00,28.00,74.00,1.00,-1,-1,-1
128,43,48.00,70.00,36.00,82.00,1.00,-1,-1,-1
128,11,748.00,167.00,40.00,88.00,1.00,-1,-1,-1
128,56,1169.00,58.00,33.00,60.00,1.00,-1,-1,-1
129,21,604.00,298.00,46.00,111.00,1.00,-1,-1,-1
129,44,809.00,419.00,56.00,120.00,1.00,-1,-1,-1
129,28,1181.00,220.00,55.00,111.00,1.00,-1,-1,-1
129,52,633.00,222.00,50.00,115.00,1.00,-1,-1,-1
129,27,1060.00,182.00,46.00,101.00,1.00,-1,-1,-1
129,45,57.00,441.00,73.00,124.00,1.00,-1,-1,-1
129,48,460.00,476.00,56.00,139.00,1.00,-1,-1,-1
129,37,674.00,382.00,40.00,112.00,1.00,-1,-1,-1
129,3,457.00,131.00,36.00,97.00,1.00,-1,-1,-1
129,51,143.00,0.00,36.00,77.00,1.00,-1,-1,-1
129,7,702.00,259.00,50.00,106.00,1.00,-1,-1,-1
129,54,610.00,70.00,31.00,93.00,1.00,-1,-1,-1
129,50,197.00,23.00,40.00,68.00,1.00,-1,-1,-1
129,14,353.00,384.00,63.00,112.00,1.00,-1,-1,-1
129,5,476.00,83.00,39.00,82.00,1.00,-1,-1,-1
129,17,532.00,21.00,26.00,88.00,1.00,-1,-1,-1
129,55,571.00,25.00,27.00,87.00,1.00,-1,-1,-1
129,43,47.00,70.00,35.00,82.00,1.00,-1,-1,-1
129,9,469.00,0.00,28.00,72.00,1.00,-1,-1,-1
129,31,920.00,19.00,25.00,88.00,1.00,-1,-1,-1
129,36,363.00,290.00,45.00,91.00,1.00,-1,-1,-1
129,57,1257.00,168.00,22.00,78.00,1.00,-1,-1,-1
129,56,1169.00,59.00,33.00,58.00,1.00,-1,-1,-1
130,21,604.00,301.00,46.00,112.00,1.00,-1,-1,-1
130,27,1057.00,180.00,48.00,102.00,1.00,-1,-1,-1
130,48,461.00,472.00,55.00,135.00,1.00,-1,-1,-1
130,28,1180.00,222.00,55.00,113.00,1.00,-1,-1,-1
130,52,633.00,222.00,49.00,115.00,1.00,-1,-1,-1
130,37,673.00,381.00,42.00,113.00,1.00,-1,-1,-1
130,3,456.00,129.00,36.00,98.00,1.00,-1,-1,-1
130,51,142.00,0.00,36.00,77.00,1.00,-1,-1,-1
130,44,808.00,417.00,56.00,123.00,1.00,-1,-1,-1
130,14,354.00,386.00,62.00,110.00,1.00,-1,-1,-1
130,7,702.00,258.00,50.00,107.00,1.00,-1,-1,-1
130,54,610.00,71.00,31.00,94.00,1.00,-1,-1,-1
130,17,532.00,21.00,27.00,86.00,1.00,-1,-1,-1
130,31,920.00,19.00,25.00,88.00,1.00,-1,-1,-1
130,43,47.00,70.00,35.00,84.00,1.00,-1,-1,-1
130,5,477.00,82.00,38.00,82.00,1.00,-1,-1,-1
130,50,198.00,22.00,38.00,69.00,1.00,-1,-1,-1
130,9,469.00,0.00,28.00,70.00,1.00,-1,-1,-1
130,55,571.00,26.00,27.00,83.00,1.00,-1,-1,-1
130,45,59.00,445.00,70.00,125.00,1.00,-1,-1,-1
130,36,362.00,292.00,45.00,93.00,1.00,-1,-1,-1
130,58,848.00,0.00,31.00,64.00,1.00,-1,-1,-1
131,21,603.00,304.00,47.00,111.00,1.00,-1,-1,-1
131,27,1055.00,177.00,49.00,103.00,1.00,-1,-1,-1
131,28,1181.00,223.00,53.00,114.00,1.00,-1,-1,-1
131,48,462.00,468.00,54.00,131.00,1.00,-1,-1,-1
131,44,807.00,417.00,58.00,122.00,1.00,-1,-1,-1
131,52,633.00,224.00,48.00,112.00,1.00,-1,-1,-1
131,37,673.00,380.00,40.00,114.00,1.00,-1,-1,-1
131,14,354.00,385.00,61.00,111.00,1.00,-1,-1,-1
131,3,456.00,128.00,36.00,97.00,1.00,-1,-1,-1
131,51,143.00,0.00,35.00,77.00,1.00,-1,-1,-1
131,7,703.00,257.00,48.00,110.00,1.00,-1,-1,-1
131,43,47.00,70.00,34.00,83.00,1.00,-1,-1,-1
131,31,920.00,19.00,25.00,88.00,1.00,-1,-1,-1
131,54,610.00,71.00,31.00,95.00,1.00,-1,-1,-1
131,45,58.00,447.00,71.00,132.00,1.00,-1,-1,-1
131,17,532.00,21.00,27.00,86.00,1.00,-1,-1,-1
131,53,477.00,81.00,37.00,83.00,1.00,-1,-1,-1
131,50,200.00,23.00,39.00,68.00,1.00,-1,-1,-1
131,55,571.00,26.00,27.00,83.00,1.00,-1,-1,-1
131,9,468.00,0.00,29.00,68.00,1.00,-1,-1,-1
131,36,361.00,294.00,45.00,93.00,1.00,-1,-1,-1
131,11,753.00,169.00,36.00,85.00,1.00,-1,-1,-1
131,58,847.00,0.00,39.00,63.00,1.00,-1,-1,-1
132,45,60.00,449.00,68.00,132.00,1.00,-1,-1,-1
132,21,602.00,306.00,48.00,112.00,1.00,-1,-1,-1
132,27,1053.00,177.00,49.00,103.00,1.00,-1,-1,-1
132,28,1181.00,227.00,53.00,113.00,1.00,-1,-1,-1
132,44,808.00,415.00,58.00,124.00,1.00,-1,-1,-1
132,48,463.00,466.00,53.00,132.00,1.00,-1,-1,-1
132,37,673.00,377.00,41.00,116.00,1.00,-1,-1,-1
132,7,702.00,256.00,49.00,111.00,1.00,-1,-1,-1
132,51,143.00,0.00,35.00,77.00,1.00,-1,-1,-1
132,3,455.00,128.00,36.00,95.00,1.00,-1,-1,-1
132,43,48.00,70.00,32.00,83.00,1.00,-1,-1,-1
132,14,354.00,386.00,62.00,109.00,1.00,-1,-1,-1
132,31,920.00,19.00,25.00,89.00,1.00,-1,-1,-1
132,50,202.00,24.00,38.00,67.00,1.00,-1,-1,-1
132,53,479.00,80.00,32.00,83.00,1.00,-1,-1,-1
132,52,632.00,224.00,48.00,111.00,1.00,-1,-1,-1
132,54,610.00,74.00,31.00,94.00,1.00,-1,-1,-1
132,17,532.00,20.00,27.00,86.00,1.00,-1,-1,-1
132,11,753.00,171.00,35.00,83.00,1.00,-1,-1,-1
132,9,467.00,0.00,29.00,66.00,1.00,-1,-1,-1
132,55,571.00,26.00,27.00,83.00,1.00,-1,-1,-1
132,36,361.00,295.00,44.00,91.00,1.00,-1,-1,-1
132,58,846.00,0.00,37.00,64.00,1.00,-1,-1,-1
132,59,222.00,315.00,40.00,101.00,1.00,-1,-1,-1
133,44,814.00,408.00,53.00,128.00,1.00,-1,-1,-1
133,21,601.00,310.00,49.00,113.00,1.00,-1,-1,-1
133,45,65.00,452.00,63.00,130.00,1.00,-1,-1,-1
133,57,1182.00,231.00,54.00,115.00,1.00,-1,-1,-1
133,27,1053.00,175.00,46.00,105.00,1.00,-1,-1,-1
133,7,703.00,254.00,48.00,112.00,1.00,-1,-1,-1
133,52,632.00,226.00,50.00,110.00,1.00,-1,-1,-1
133,48,463.00,460.00,52.00,135.00,1.00,-1,-1,-1
133,50,207.00,21.00,35.00,69.00,1.00,-1,-1,-1
133,43,47.00,70.00,33.00,84.00,1.00,-1,-1,-1
133,3,455.00,125.00,36.00,98.00,1.00,-1,-1,-1
133,51,142.00,0.00,37.00,77.00,1.00,-1,-1,-1
133,37,676.00,374.00,40.00,113.00,1.00,-1,-1,-1
133,17,532.00,20.00,28.00,84.00,1.00,-1,-1,-1
133,11,753.00,175.00,36.00,86.00,1.00,-1,-1,-1
133,31,920.00,20.00,25.00,87.00,1.00,-1,-1,-1
133,54,611.00,76.00,31.00,92.00,1.00,-1,-1,-1
133,55,571.00,25.00,27.00,84.00,1.00,-1,-1,-1
133,14,354.00,391.00,60.00,104.00,1.00,-1,-1,-1
133,9,468.00,0.00,26.00,65.00,1.00,-1,-1,-1
133,53,480.00,77.00,29.00,85.00,1.00,-1,-1,-1
134,21,601.00,311.00,48.00,113.00,1.00,-1,-1,-1
134,44,815.00,406.00,53.00,127.00,1.00,-1,-1,-1
134,45,67.00,454.00,61.00,128.00,1.00,-1,-1,-1
134,7,703.00,251.00,48.00,114.00,1.00,-1,-1,-1
134,57,1181.00,232.00,55.00,115.00,1.00,-1,-1,-1
134,27,1053.00,175.00,44.00,107.00,1.00,-1,-1,-1
134,14,353.00,391.00,59.00,102.00,1.00,-1,-1,-1
134,52,632.00,227.00,49.00,109.00,1.00,-1,-1,-1
134,37,674.00,372.00,40.00,112.00,1.00,-1,-1,-1
134,51,143.00,0.00,37.00,77.00,1.00,-1,-1,-1
134,43,47.00,70.00,33.00,84.00,1.00,-1,-1,-1
134,50,209.00,21.00,32.00,68.00,1.00,-1,-1,-1
134,17,532.00,20.00,28.00,84.00,1.00,-1,-1,-1
134,48,461.00,457.00,54.00,139.00,1.00,-1,-1,-1
134,3,456.00,124.00,35.00,96.00,1.00,-1,-1,-1
134,11,754.00,176.00,35.00,87.00,1.00,-1,-1,-1
134,31,920.00,19.00,25.00,88.00,1.00,-1,-1,-1
134,55,571.00,25.00,26.00,83.00,1.00,-1,-1,-1
134,54,611.00,77.00,30.00,91.00,1.00,-1,-1,-1
134,53,480.00,76.00,28.00,85.00,1.00,-1,-1,-1
134,9,467.00,0.00,27.00,65.00,1.00,-1,-1,-1
134,30,1142.00,110.00,50.00,99.00,1.00,-1,-1,-1
134,59,357.00,297.00,46.00,102.00,1.00,-1,-1,-1
135,21,600.00,311.00,50.00,113.00,1.00,-1,-1,-1
135,7,704.00,251.00,47.00,112.00,1.00,-1,-1,-1
135,44,817.00,402.00,52.00,128.00,1.00,-1,-1,-1
135,45,68.00,455.00,59.00,127.00,1.00,-1,-1,-1
135,57,1181.00,233.00,55.00,114.00,1.00,-1,-1,-1
135,27,1052.00,173.00,45.00,107.00,1.00,-1,-1,-1
135,43,47.00,70.00,33.00,84.00,1.00,-1,-1,-1
135,37,676.00,369.00,38.00,110.00,1.00,-1,-1,-1
135,51,143.00,0.00,37.00,77.00,1.00,-1,-1,-1
135,14,353.00,391.00,58.00,106.00,1.00,-1,-1,-1
135,17,532.00,20.00,28.00,83.00,1.00,-1,-1,-1
135,52,631.00,228.00,50.00,110.00,1.00,-1,-1,-1
135,31,920.00,20.00,25.00,87.00,1.00,-1,-1,-1
135,48,461.00,455.00,54.00,142.00,1.00,-1,-1,-1
135,50,212.00,21.00,29.00,68.00,1.00,-1,-1,-1
135,3,456.00,124.00,34.00,98.00,1.00,-1,-1,-1
135,30,1142.00,107.00,50.00,104.00,1.00,-1,-1,-1
135,55,571.00,24.00,26.00,85.00,1.00,-1,-1,-1
135,11,755.00,177.00,34.00,88.00,1.00,-1,-1,-1
135,54,611.00,78.00,31.00,90.00,1.00,-1,-1,-1
135,53,480.00,75.00,28.00,86.00,1.00,-1,-1,-1
136,21,600.00,313.00,49.00,111.00,1.00,-1,-1,-1
136,45,69.00,455.00,60.00,126.00,1.00,-1,-1,-1
136,7,705.00,251.00,46.00,109.00,1.00,-1,-1,-1
136,44,819.00,400.00,50.00,122.00,1.00,-1,-1,-1
136,27,1052.00,171.00,44.00,108.00,1.00,-1,-1,-1
136,57,1181.00,235.00,56.00,112.00,1.00,-1,-1,-1
136,14,353.00,392.00,56.00,109.00,1.00,-1,-1,-1
136,37,676.00,367.00,40.00,106.00,1.00,-1,-1,-1
136,43,47.00,70.00,33.00,84.00,1.00,-1,-1,-1
136,31,920.00,20.00,26.00,88.00,1.00,-1,-1,-1
136,30,1142.00,106.00,49.00,107.00,1.00,-1,-1,-1
136,55,571.00,24.00,25.00,83.00,1.00,-1,-1,-1
136,17,532.00,20.00,29.00,83.00,1.00,-1,-1,-1
136,51,143.00,0.00,37.00,77.00,1.00,-1,-1,-1
136,11,757.00,179.00,33.00,88.00,1.00,-1,-1,-1
136,52,630.00,230.00,49.00,110.00,1.00,-1,-1,-1
136,3,455.00,123.00,35.00,98.00,1.00,-1,-1,-1
136,48,460.00,452.00,56.00,145.00,1.00,-1,-1,-1
136,50,214.00,21.00,28.00,68.00,1.00,-1,-1,-1
136,54,612.00,78.00,31.00,90.00,1.00,-1,-1,-1
136,53,478.00,73.00,30.00,88.00,1.00,-1,-1,-1
137,21,600.00,313.00,49.00,111.00,1.00,-1,-1,-1
137,45,70.00,456.00,61.00,123.00,1.00,-1,-1,-1
137,27,1052.00,170.00,44.00,107.00,1.00,-1,-1,-1
137,7,706.00,249.00,46.00,108.00,1.00,-1,-1,-1
137,44,820.00,396.00,50.00,120.00,1.00,-1,-1,-1
137,57,1180.00,236.00,57.00,110.00,1.00,-1,-1,-1
137,37,677.00,363.00,38.00,105.00,1.00,-1,-1,-1
137,14,353.00,395.00,55.00,111.00,1.00,-1,-1,-1
137,55,571.00,24.00,25.00,82.00,1.00,-1,-1,-1
137,31,920.00,20.00,26.00,88.00,1.00,-1,-1,-1
137,52,630.00,231.00,49.00,111.00,1.00,-1,-1,-1
137,43,48.00,70.00,32.00,84.00,1.00,-1,-1,-1
137,17,533.00,19.00,28.00,84.00,1.00,-1,-1,-1
137,3,455.00,122.00,35.00,97.00,1.00,-1,-1,-1
137,51,143.00,0.00,37.00,78.00,1.00,-1,-1,-1
137,54,613.00,78.00,30.00,90.00,1.00,-1,-1,-1
137,11,758.00,180.00,33.00,88.00,1.00,-1,-1,-1
137,50,215.00,20.00,27.00,67.00,1.00,-1,-1,-1
137,30,1142.00,108.00,49.00,108.00,1.00,-1,-1,-1
137,48,464.00,452.00,52.00,137.00,1.00,-1,-1,-1
137,59,356.00,301.00,47.00,102.00,1.00,-1,-1,-1
137,53,477.00,70.00,31.00,90.00,1.00,-1,-1,-1
138,21,602.00,316.00,48.00,109.00,1.00,-1,-1,-1
138,44,820.00,390.00,51.00,115.00,1.00,-1,-1,-1
138,57,1181.00,238.00,57.00,110.00,1.00,-1,-1,-1
138,45,73.00,460.00,61.00,129.00,1.00,-1,-1,-1
138,14,354.00,397.00,51.00,119.00,1.00,-1,-1,-1
138,27,1053.00,167.00,41.00,101.00,1.00,-1,-1,-1
138,55,571.00,22.00,25.00,84.00,1.00,-1,-1,-1
138,37,681.00,359.00,34.00,101.00,1.00,-1,-1,-1
138,3,456.00,120.00,37.00,94.00,1.00,-1,-1,-1
138,7,708.00,244.00,46.00,104.00,1.00,-1,-1,-1
138,59,356.00,303.00,46.00,96.00,1.00,-1,-1,-1
138,43,48.00,70.00,32.00,84.00,1.00,-1,-1,-1
138,11,760.00,185.00,33.00,85.00,1.00,-1,-1,-1
138,54,613.00,79.00,30.00,89.00,1.00,-1,-1,-1
138,17,534.00,17.00,29.00,86.00,1.00,-1,-1,-1
138,31,920.00,19.00,26.00,88.00,1.00,-1,-1,-1
138,48,464.00,447.00,55.00,143.00,1.00,-1,-1,-1
138,51,143.00,1.00,38.00,80.00,1.00,-1,-1,-1
138,53,477.00,69.00,30.00,89.00,1.00,-1,-1,-1
138,52,638.00,237.00,41.00,105.00,1.00,-1,-1,-1
139,21,603.00,317.00,47.00,108.00,1.00,-1,-1,-1
139,44,818.00,385.00,54.00,116.00,1.00,-1,-1,-1
139,14,353.00,400.00,52.00,118.00,1.00,-1,-1,-1
139,57,1182.00,239.00,56.00,109.00,1.00,-1,-1,-1
139,27,1052.00,166.00,42.00,100.00,1.00,-1,-1,-1
139,55,571.00,21.00,25.00,84.00,1.00,-1,-1,-1
139,45,73.00,463.00,61.00,129.00,1.00,-1,-1,-1
139,3,456.00,118.00,37.00,95.00,1.00,-1,-1,-1
139,37,681.00,357.00,34.00,101.00,1.00,-1,-1,-1
139,7,708.00,243.00,44.00,101.00,1.00,-1,-1,-1
139,48,464.00,445.00,56.00,145.00,1.00,-1,-1,-1
139,43,48.00,70.00,32.00,84.00,1.00,-1,-1,-1
139,11,760.00,186.00,34.00,82.00,1.00,-1,-1,-1
139,54,613.00,81.00,30.00,89.00,1.00,-1,-1,-1
139,17,534.00,17.00,30.00,86.00,1.00,-1,-1,-1
139,59,356.00,304.00,46.00,98.00,1.00,-1,-1,-1
139,52,629.00,239.00,49.00,106.00,1.00,-1,-1,-1
139,31,920.00,16.00,26.00,90.00,1.00,-1,-1,-1
139,51,143.00,1.00,39.00,81.00,1.00,-1,-1,-1
139,50,221.00,20.00,31.00,67.00,1.00,-1,-1,-1
139,53,477.00,69.00,30.00,88.00,1.00,-1,-1,-1
140,45,75.00,464.00,61.00,137.00,1.00,-1,-1,-1
140,57,1183.00,239.00,56.00,109.00,1.00,-1,-1,-1
140,44,818.00,383.00,55.00,116.00,1.00,-1,-1,-1
140,21,604.00,319.00,46.00,109.00,1.00,-1,-1,-1
140,14,354.00,403.00,49.00,119.00,1.00,-1,-1,-1
140,27,1051.00,163.00,42.00,101.00,1.00,-1,-1,-1
140,55,570.00,20.00,25.00,85.00,1.00,-1,-1,-1
140,37,682.00,355.00,33.00,104.00,1.00,-1,-1,-1
140,7,708.00,241.00,44.00,100.00,1.00,-1,-1,-1
140,3,455.00,115.00,37.00,95.00,1.00,-1,-1,-1
140,48,464.00,441.00,57.00,145.00,1.00,-1,-1,-1
140,17,534.00,17.00,30.00,86.00,1.00,-1,-1,-1
140,11,760.00,186.00,36.00,83.00,1.00,-1,-1,-1
140,43,48.00,70.00,32.00,84.00,1.00,-1,-1,-1
140,59,355.00,305.00,46.00,100.00,1.00,-1,-1,-1
140,54,613.00,82.00,30.00,90.00,1.00,-1,-1,-1
140,52,629.00,239.00,49.00,107.00,1.00,-1,-1,-1
140,50,223.00,19.00,35.00,68.00,1.00,-1,-1,-1
140,51,143.00,1.00,39.00,82.00,1.00,-1,-1,-1
140,31,920.00,17.00,26.00,89.00,1.00,-1,-1,-1
141,28,1183.00,240.00,56.00,111.00,1.00,-1,-1,-1
141,44,818.00,382.00,55.00,119.00,1.00,-1,-1,-1
141,27,1050.00,161.00,43.00,101.00,1.00,-1,-1,-1
141,45,75.00,467.00,62.00,136.00,1.00,-1,-1,-1
141,14,353.00,405.00,50.00,119.00,1.00,-1,-1,-1
141,21,604.00,322.00,46.00,112.00,1.00,-1,-1,-1
141,55,570.00,19.00,25.00,85.00,1.00,-1,-1,-1
141,37,681.00,354.00,34.00,103.00,1.00,-1,-1,-1
141,48,465.00,438.00,57.00,145.00,1.00,-1,-1,-1
141,3,454.00,113.00,38.00,95.00,1.00,-1,-1,-1
141,7,707.00,238.00,45.00,103.00,1.00,-1,-1,-1
141,11,760.00,188.00,38.00,81.00,1.00,-1,-1,-1
141,59,355.00,309.00,45.00,99.00,1.00,-1,-1,-1
141,17,534.00,17.00,30.00,86.00,1.00,-1,-1,-1
141,50,224.00,19.00,39.00,68.00,1.00,-1,-1,-1
141,52,629.00,240.00,48.00,109.00,1.00,-1,-1,-1
141,43,48.00,70.00,32.00,83.00,1.00,-1,-1,-1
141,54,613.00,84.00,30.00,92.00,1.00,-1,-1,-1
141,31,920.00,12.00,27.00,94.00,1.00,-1,-1,-1
141,51,143.00,2.00,39.00,82.00,1.00,-1,-1,-1
141,53,475.00,68.00,32.00,86.00,1.00,-1,-1,-1
142,45,78.00,471.00,59.00,137.00,1.00,-1,-1,-1
142,44,819.00,381.00,54.00,120.00,1.00,-1,-1,-1
142,27,1049.00,160.00,43.00,99.00,1.00,-1,-1,-1
142,14,352.00,406.00,50.00,119.00,1.00,-1,-1,-1
142,28,1184.00,243.00,56.00,112.00,1.00,-1,-1,-1
142,48,464.00,433.00,60.00,147.00,1.00,-1,-1,-1
142,3,455.00,112.00,35.00,94.00,1.00,-1,-1,-1
142,37,681.00,353.00,34.00,105.00,1.00,-1,-1,-1
142,21,605.00,326.00,44.00,112.00,1.00,-1,-1,-1
142,55,569.00,18.00,26.00,86.00,1.00,-1,-1,-1
142,50,226.00,19.00,41.00,67.00,1.00,-1,-1,-1
142,7,707.00,235.00,45.00,104.00,1.00,-1,-1,-1
142,17,535.00,17.00,29.00,86.00,1.00,-1,-1,-1
142,11,759.00,187.00,37.00,84.00,1.00,-1,-1,-1
142,54,612.00,84.00,30.00,94.00,1.00,-1,-1,-1
142,43,48.00,70.00,32.00,83.00,1.00,-1,-1,-1
142,52,628.00,241.00,48.00,115.00,1.00,-1,-1,-1
142,59,354.00,311.00,47.00,98.00,1.00,-1,-1,-1
142,51,143.00,3.00,38.00,80.00,1.00,-1,-1,-1
142,53,475.00,65.00,32.00,87.00,1.00,-1,-1,-1
142,31,920.00,9.00,28.00,97.00,1.00,-1,-1,-1
142,60,222.00,313.00,39.00,96.00,1.00,-1,-1,-1
142,61,257.00,315.00,51.00,116.00,1.00,-1,-1,-1
143,44,819.00,378.00,53.00,121.00,1.00,-1,-1,-1
143,14,350.00,410.00,50.00,115.00,1.00,-1,-1,-1
143,27,1049.00,158.00,42.00,100.00,1.00,-1,-1,-1
143,21,604.00,328.00,45.00,113.00,1.00,-1,-1,-1
143,48,464.00,428.00,62.00,138.00,1.00,-1,-1,-1
143,3,454.00,108.00,35.00,95.00,1.00,-1,-1,-1
143,28,1187.00,246.00,54.00,118.00,1.00,-1,-1,-1
143,45,81.00,476.00,61.00,138.00,1.00,-1,-1,-1
143,37,682.00,348.00,33.00,109.00,1.00,-1,-1,-1
143,11,759.00,188.00,39.00,85.00,1.00,-1,-1,-1
143,50,229.00,17.00,40.00,69.00,1.00,-1,-1,-1
143,17,536.00,16.00,28.00,86.00,1.00,-1,-1,-1
143,7,706.00,233.00,45.00,105.00,1.00,-1,-1,-1
143,54,613.00,86.00,28.00,94.00,1.00,-1,-1,-1
143,55,568.00,18.00,26.00,84.00,1.00,-1,-1,-1
143,51,142.00,4.00,39.00,80.00,1.00,-1,-1,-1
143,43,48.00,70.00,32.00,84.00,1.00,-1,-1,-1
143,31,920.00,6.00,29.00,100.00,1.00,-1,-1,-1
143,52,628.00,243.00,47.00,112.00,1.00,-1,-1,-1
143,60,222.00,312.00,39.00,97.00,1.00,-1,-1,-1
143,46,772.00,111.00,36.00,72.00,1.00,-1,-1,-1
143,61,258.00,315.00,50.00,116.00,1.00,-1,-1,-1
143,53,474.00,64.00,34.00,83.00,1.00,-1,-1,-1
144,45,81.00,480.00,63.00,136.00,1.00,-1,-1,-1
144,44,820.00,375.00,52.00,124.00,1.00,-1,-1,-1
144,14,350.00,411.00,51.00,113.00,1.00,-1,-1,-1
144,27,1047.00,157.00,43.00,101.00,1.00,-1,-1,-1
144,28,1186.00,248.00,56.00,117.00,1.00,-1,-1,-1
144,48,463.00,426.00,65.00,131.00,1.00,-1,-1,-1
144,21,605.00,330.00,45.00,113.00,1.00,-1,-1,-1
144,3,454.00,107.00,35.00,95.00,1.00,-1,-1,-1
144,7,707.00,232.00,44.00,107.00,1.00,-1,-1,-1
144,37,682.00,346.00,33.00,108.00,1.00,-1,-1,-1
144,11,758.00,189.00,41.00,89.00,1.00,-1,-1,-1
144,54,613.00,86.00,29.00,95.00,1.00,-1,-1,-1
144,17,536.00,16.00,28.00,86.00,1.00,-1,-1,-1
144,50,230.00,17.00,40.00,69.00,1.00,-1,-1,-1
144,51,142.00,4.00,39.00,81.00,1.00,-1,-1,-1
144,55,567.00,17.00,26.00,84.00,1.00,-1,-1,-1
144,43,47.00,70.00,34.00,83.00,1.00,-1,-1,-1
144,52,626.00,244.00,49.00,117.00,1.00,-1,-1,-1
144,46,772.00,110.00,36.00,74.00,1.00,-1,-1,-1
144,53,473.00,64.00,34.00,83.00,1.00,-1,-1,-1
144,60,222.00,312.00,38.00,97.00,1.00,-1,-1,-1
144,31,920.00,5.00,29.00,101.00,1.00,-1,-1,-1
144,61,258.00,314.00,50.00,117.00,1.00,-1,-1,-1
144,59,352.00,316.00,46.00,101.00,1.00,-1,-1,-1
145,45,82.00,483.00,63.00,136.00,1.00,-1,-1,-1
145,44,821.00,370.00,51.00,127.00,1.00,-1,-1,-1
145,14,349.00,412.00,52.00,113.00,1.00,-1,-1,-1
145,28,1187.00,251.00,56.00,119.00,1.00,-1,-1,-1
145,27,1048.00,156.00,41.00,102.00,1.00,-1,-1,-1
145,21,605.00,330.00,46.00,119.00,1.00,-1,-1,-1
145,48,464.00,424.00,65.00,126.00,1.00,-1,-1,-1
145,3,454.00,107.00,35.00,95.00,1.00,-1,-1,-1
145,37,683.00,344.00,33.00,108.00,1.00,-1,-1,-1
145,7,707.00,231.00,44.00,107.00,1.00,-1,-1,-1
145,11,758.00,190.00,42.00,91.00,1.00,-1,-1,-1
145,17,536.00,16.00,28.00,85.00,1.00,-1,-1,-1
145,52,626.00,245.00,48.00,116.00,1.00,-1,-1,-1
145,54,613.00,87.00,29.00,95.00,1.00,-1,-1,-1
145,46,771.00,108.00,38.00,75.00,1.00,-1,-1,-1
145,53,474.00,62.00,33.00,84.00,1.00,-1,-1,-1
145,55,566.00,16.00,27.00,84.00,1.00,-1,-1,-1
145,51,142.00,5.00,39.00,81.00,1.00,-1,-1,-1
145,50,233.00,17.00,38.00,69.00,1.00,-1,-1,-1
145,43,47.00,69.00,34.00,84.00,1.00,-1,-1,-1
145,31,920.00,7.00,29.00,99.00,1.00,-1,-1,-1
145,62,1188.00,65.00,29.00,84.00,1.00,-1,-1,-1
145,60,223.00,311.00,37.00,98.00,1.00,-1,-1,-1
145,61,257.00,315.00,51.00,115.00,1.00,-1,-1,-1
146,45,84.00,484.00,63.00,136.00,1.00,-1,-1,-1
146,28,1189.00,254.00,52.00,118.00,1.00,-1,-1,-1
146,14,349.00,415.00,53.00,110.00,1.00,-1,-1,-1
146,44,821.00,368.00,51.00,127.00,1.00,-1,-1,-1
146,48,463.00,422.00,66.00,125.00,1.00,-1,-1,-1
146,27,1046.00,154.00,42.00,104.00,1.00,-1,-1,-1
146,21,606.00,332.00,47.00,119.00,1.00,-1,-1,-1
146,7,708.00,229.00,44.00,108.00,1.00,-1,-1,-1
146,37,684.00,343.00,34.00,106.00,1.00,-1,-1,-1
146,11,759.00,192.00,41.00,91.00,1.00,-1,-1,-1
146,17,537.00,15.00,28.00,83.00,1.00,-1,-1,-1
146,52,626.00,246.00,48.00,112.00,1.00,-1,-1,-1
146,3,453.00,105.00,37.00,96.00,1.00,-1,-1,-1
146,54,612.00,87.00,30.00,95.00,1.00,-1,-1,-1
146,46,772.00,107.00,35.00,75.00,1.00,-1,-1,-1
146,55,567.00,16.00,26.00,83.00,1.00,-1,-1,-1
146,50,235.00,16.00,36.00,69.00,1.00,-1,-1,-1
146,51,141.00,5.00,40.00,81.00,1.00,-1,-1,-1
146,43,48.00,69.00,33.00,84.00,1.00,-1,-1,-1
146,60,223.00,311.00,38.00,98.00,1.00,-1,-1,-1
146,31,920.00,8.00,28.00,97.00,1.00,-1,-1,-1
146,59,353.00,317.00,45.00,103.00,1.00,-1,-1,-1
146,53,474.00,60.00,33.00,84.00,1.00,-1,-1,-1
146,62,1188.00,65.00,31.00,84.00,1.00,-1,-1,-1
146,61,258.00,316.00,49.00,114.00,1.00,-1,-1,-1
147,45,86.00,486.00,61.00,133.00,1.00,-1,-1,-1
147,21,606.00,333.00,50.00,119.00,1.00,-1,-1,-1
147,14,349.00,416.00,54.00,108.00,1.00,-1,-1,-1
147,28,1189.00,253.00,53.00,120.00,1.00,-1,-1,-1
147,48,461.00,419.00,67.00,126.00,1.00,-1,-1,-1
147,27,1045.00,153.00,43.00,104.00,1.00,-1,-1,-1
147,44,821.00,363.00,52.00,127.00,1.00,-1,-1,-1
147,7,707.00,226.00,45.00,112.00,1.00,-1,-1,-1
147,37,685.00,341.00,33.00,106.00,1.00,-1,-1,-1
147,11,759.00,196.00,42.00,90.00,1.00,-1,-1,-1
147,50,236.00,15.00,36.00,70.00,1.00,-1,-1,-1
147,52,625.00,246.00,48.00,111.00,1.00,-1,-1,-1
147,54,612.00,88.00,31.00,94.00,1.00,-1,-1,-1
147,51,140.00,6.00,41.00,81.00,1.00,-1,-1,-1
147,17,538.00,15.00,28.00,83.00,1.00,-1,-1,-1
147,3,453.00,103.00,37.00,99.00,1.00,-1,-1,-1
147,46,772.00,107.00,36.00,75.00,1.00,-1,-1,-1
147,43,48.00,70.00,34.00,82.00,1.00,-1,-1,-1
147,55,567.00,15.00,26.00,84.00,1.00,-1,-1,-1
147,62,1189.00,65.00,31.00,85.00,1.00,-1,-1,-1
147,31,921.00,7.00,27.00,98.00,1.00,-1,-1,-1
147,59,353.00,318.00,45.00,102.00,1.00,-1,-1,-1
147,53,474.00,57.00,34.00,86.00,1.00,-1,-1,-1
147,60,223.00,311.00,38.00,98.00,1.00,-1,-1,-1
147,61,257.00,317.00,51.00,113.00,1.00,-1,-1,-1
148,45,87.00,487.00,61.00,132.00,1.00,-1,-1,-1
148,52,624.00,249.00,48.00,110.00,1.00,-1,-1,-1
148,48,465.00,416.00,61.00,128.00,1.00,-1,-1,-1
148,21,607.00,335.00,50.00,117.00,1.00,-1,-1,-1
148,28,1189.00,258.00,54.00,119.00,1.00,-1,-1,-1
148,37,685.00,335.00,34.00,99.00,1.00,-1,-1,-1
148,27,1044.00,151.00,43.00,104.00,1.00,-1,-1,-1
148,14,348.00,419.00,60.00,110.00,1.00,-1,-1,-1
148,44,821.00,359.00,52.00,112.00,1.00,-1,-1,-1
148,7,707.00,222.00,45.00,114.00,1.00,-1,-1,-1
148,54,610.00,90.00,36.00,93.00,1.00,-1,-1,-1
148,17,539.00,14.00,28.00,82.00,1.00,-1,-1,-1
148,11,761.00,199.00,39.00,88.00,1.00,-1,-1,-1
148,50,243.00,16.00,27.00,68.00,1.00,-1,-1,-1
148,51,139.00,7.00,41.00,79.00,1.00,-1,-1,-1
148,30,1149.00,122.00,47.00,103.00,1.00,-1,-1,-1
148,43,48.00,70.00,34.00,82.00,1.00,-1,-1,-1
148,53,474.00,54.00,35.00,86.00,1.00,-1,-1,-1
148,55,567.00,15.00,27.00,83.00,1.00,-1,-1,-1
148,46,772.00,105.00,37.00,78.00,1.00,-1,-1,-1
148,3,453.00,102.00,37.00,98.00,1.00,-1,-1,-1
148,31,922.00,1.00,28.00,103.00,1.00,-1,-1,-1
148,59,351.00,320.00,48.00,100.00,1.00,-1,-1,-1
148,61,257.00,318.00,52.00,112.00,1.00,-1,-1,-1
148,60,224.00,311.00,37.00,98.00,1.00,-1,-1,-1
148,62,1190.00,67.00,32.00,84.00,1.00,-1,-1,-1
149,52,624.00,252.00,48.00,111.00,1.00,-1,-1,-1
149,45,88.00,489.00,61.00,130.00,1.00,-1,-1,-1
149,21,607.00,335.00,53.00,117.00,1.00,-1,-1,-1
149,48,465.00,413.00,61.00,130.00,1.00,-1,-1,-1
149,28,1190.00,260.00,54.00,117.00,1.00,-1,-1,-1
149,37,686.00,331.00,35.00,99.00,1.00,-1,-1,-1
149,44,822.00,354.00,52.00,114.00,1.00,-1,-1,-1
149,27,1042.00,149.00,44.00,105.00,1.00,-1,-1,-1
149,11,761.00,199.00,40.00,89.00,1.00,-1,-1,-1
149,14,348.00,422.00,62.00,113.00,1.00,-1,-1,-1
149,17,540.00,13.00,28.00,83.00,1.00,-1,-1,-1
149,7,705.00,223.00,46.00,108.00,1.00,-1,-1,-1
149,54,611.00,91.00,33.00,92.00,1.00,-1,-1,-1
149,50,246.00,15.00,24.00,68.00,1.00,-1,-1,-1
149,51,139.00,7.00,41.00,79.00,1.00,-1,-1,-1
149,53,473.00,53.00,38.00,86.00,1.00,-1,-1,-1
149,30,1150.00,121.00,46.00,105.00,1.00,-1,-1,-1
149,43,48.00,70.00,34.00,83.00,1.00,-1,-1,-1
149,55,568.00,14.00,26.00,84.00,1.00,-1,-1,-1
149,46,773.00,105.00,35.00,77.00,1.00,-1,-1,-1
149,3,453.00,100.00,37.00,100.00,1.00,-1,-1,-1
149,62,1193.00,67.00,30.00,85.00,1.00,-1,-1,-1
149,36,351.00,322.00,47.00,95.00,1.00,-1,-1,-1
149,31,922.00,3.00,28.00,101.00,1.00,-1,-1,-1
149,61,257.00,318.00,52.00,111.00,1.00,-1,-1,-1
149,60,224.00,311.00,38.00,98.00,1.00,-1,-1,-1
150,48,468.00,411.00,56.00,132.00,1.00,-1,-1,-1
150,21,607.00,336.00,53.00,115.00,1.00,-1,-1,-1
150,44,822.00,351.00,52.00,113.00,1.00,-1,-1,-1
150,37,686.00,329.00,36.00,98.00,1.00,-1,-1,-1
150,52,624.00,253.00,48.00,113.00,1.00,-1,-1,-1
150,7,705.00,219.00,46.00,109.00,1.00,-1,-1,-1
150,27,1042.00,147.00,44.00,106.00,1.00,-1,-1,-1
150,28,1191.00,262.00,54.00,115.00,1.00,-1,-1,-1
150,14,348.00,422.00,63.00,119.00,1.00,-1,-1,-1
150,45,88.00,492.00,64.00,127.00,1.00,-1,-1,-1
150,11,762.00,199.00,39.00,88.00,1.00,-1,-1,-1
150,17,541.00,13.00,27.00,82.00,1.00,-1,-1,-1
150,54,611.00,92.00,33.00,90.00,1.00,-1,-1,-1
150,62,1195.00,68.00,29.00,84.00,1.00,-1,-1,-1
150,53,473.00,52.00,39.00,86.00,1.00,-1,-1,-1
150,50,248.00,14.00,24.00,68.00,1.00,-1,-1,-1
150,55,568.00,14.00,26.00,83.00,1.00,-1,-1,-1
150,3,455.00,100.00,36.00,99.00,1.00,-1,-1,-1
150,43,48.00,69.00,34.00,84.00,1.00,-1,-1,-1
150,51,138.00,7.00,42.00,79.00,1.00,-1,-1,-1
150,46,773.00,105.00,36.00,76.00,1.00,-1,-1,-1
150,30,1151.00,123.00,46.00,106.00,1.00,-1,-1,-1
150,36,352.00,321.00,46.00,99.00,1.00,-1,-1,-1
150,61,257.00,317.00,53.00,112.00,1.00,-1,-1,-1
150,31,922.00,7.00,28.00,97.00,1.00,-1,-1,-1
151,44,824.00,349.00,51.00,111.00,1.00,-1,-1,-1
151,21,608.00,336.00,52.00,114.00,1.00,-1,-1,-1
151,27,1041.00,146.00,45.00,104.00,1.00,-1,-1,-1
151,28,1191.00,262.00,55.00,115.00,1.00,-1,-1,-1
151,7,705.00,218.00,45.00,107.00,1.00,-1,-1,-1
151,52,624.00,254.00,48.00,114.00,1.00,-1,-1,-1
151,48,469.00,409.00,51.00,134.00,1.00,-1,-1,-1
151,11,764.00,199.00,37.00,88.00,1.00,-1,-1,-1
151,37,687.00,326.00,34.00,99.00,1.00,-1,-1,-1
151,14,350.00,424.00,62.00,120.00,1.00,-1,-1,-1
151,54,611.00,93.00,34.00,89.00,1.00,-1,-1,-1
151,17,542.00,12.00,27.00,83.00,1.00,-1,-1,-1
151,45,89.00,493.00,64.00,125.00,1.00,-1,-1,-1
151,50,249.00,14.00,25.00,69.00,1.00,-1,-1,-1
151,36,351.00,323.00,47.00,96.00,1.00,-1,-1,-1
151,55,569.00,14.00,26.00,82.00,1.00,-1,-1,-1
151,53,474.00,52.00,39.00,86.00,1.00,-1,-1,-1
151,3,454.00,97.00,36.00,99.00,1.00,-1,-1,-1
151,51,138.00,7.00,42.00,79.00,1.00,-1,-1,-1
151,62,1197.00,69.00,28.00,83.00,1.00,-1,-1,-1
151,43,48.00,69.00,34.00,83.00,1.00,-1,-1,-1
151,61,257.00,317.00,52.00,112.00,1.00,-1,-1,-1
151,46,772.00,104.00,36.00,76.00,1.00,-1,-1,-1
151,60,224.00,311.00,38.00,98.00,1.00,-1,-1,-1
152,28,1191.00,262.00,56.00,114.00,1.00,-1,-1,-1
152,21,607.00,338.00,53.00,112.00,1.00,-1,-1,-1
152,27,1042.00,145.00,43.00,102.00,1.00,-1,-1,-1
152,44,825.00,347.00,50.00,112.00,1.00,-1,-1,-1
152,37,686.00,325.00,34.00,99.00,1.00,-1,-1,-1
152,54,610.00,94.00,33.00,89.00,1.00,-1,-1,-1
152,14,351.00,427.00,63.00,120.00,1.00,-1,-1,-1
152,7,706.00,217.00,44.00,104.00,1.00,-1,-1,-1
152,48,469.00,406.00,51.00,137.00,1.00,-1,-1,-1
152,11,765.00,199.00,35.00,88.00,1.00,-1,-1,-1
152,52,624.00,255.00,47.00,117.00,1.00,-1,-1,-1
152,45,90.00,494.00,66.00,124.00,1.00,-1,-1,-1
152,17,542.00,12.00,27.00,83.00,1.00,-1,-1,-1
152,50,252.00,14.00,25.00,68.00,1.00,-1,-1,-1
152,36,351.00,325.00,47.00,94.00,1.00,-1,-1,-1
152,55,570.00,13.00,26.00,82.00,1.00,-1,-1,-1
152,62,1197.00,69.00,29.00,82.00,1.00,-1,-1,-1
152,3,455.00,96.00,35.00,98.00,1.00,-1,-1,-1
152,53,474.00,52.00,39.00,84.00,1.00,-1,-1,-1
152,51,138.00,8.00,42.00,78.00,1.00,-1,-1,-1
152,43,48.00,69.00,34.00,83.00,1.00,-1,-1,-1
152,46,773.00,103.00,34.00,76.00,1.00,-1,-1,-1
152,31,922.00,14.00,26.00,91.00,1.00,-1,-1,-1
152,61,256.00,319.00,53.00,109.00,1.00,-1,-1,-1
153,44,824.00,344.00,52.00,115.00,1.00,-1,-1,-1
153,28,1189.00,264.00,59.00,113.00,1.00,-1,-1,-1
153,48,463.00,404.00,58.00,138.00,1.00,-1,-1,-1
153,37,687.00,321.00,34.00,103.00,1.00,-1,-1,-1
153,14,351.00,427.00,62.00,126.00,1.00,-1,-1,-1
153,21,608.00,342.00,51.00,114.00,1.00,-1,-1,-1
153,54,609.00,94.00,33.00,95.00,1.00,-1,-1,-1
153,7,705.00,213.00,47.00,99.00,1.00,-1,-1,-1
153,27,1042.00,143.00,43.00,96.00,1.00,-1,-1,-1
153,59,350.00,328.00,48.00,100.00,1.00,-1,-1,-1
153,3,455.00,94.00,35.00,94.00,1.00,-1,-1,-1
153,11,765.00,204.00,38.00,84.00,1.00,-1,-1,-1
153,50,255.00,14.00,32.00,68.00,1.00,-1,-1,-1
153,55,571.00,13.00,25.00,81.00,1.00,-1,-1,-1
153,17,544.00,10.00,26.00,84.00,1.00,-1,-1,-1
153,51,138.00,8.00,42.00,79.00,1.00,-1,-1,-1
153,52,625.00,259.00,46.00,110.00,1.00,-1,-1,-1
153,46,772.00,99.00,36.00,79.00,1.00,-1,-1,-1
153,43,48.00,69.00,34.00,83.00,1.00,-1,-1,-1
153,53,476.00,51.00,37.00,80.00,1.00,-1,-1,-1
153,61,256.00,318.00,53.00,110.00,1.00,-1,-1,-1
154,28,1189.00,266.00,59.00,114.00,1.00,-1,-1,-1
154,44,826.00,343.00,50.00,117.00,1.00,-1,-1,-1
154,21,609.00,344.00,51.00,117.00,1.00,-1,-1,-1
154,54,609.00,95.00,33.00,96.00,1.00,-1,-1,-1
154,37,688.00,320.00,33.00,105.00,1.00,-1,-1,-1
154,14,352.00,432.00,61.00,121.00,1.00,-1,-1,-1
154,7,705.00,210.00,47.00,100.00,1.00,-1,-1,-1
154,48,464.00,401.00,56.00,139.00,1.00,-1,-1,-1
154,27,1042.00,141.00,44.00,96.00,1.00,-1,-1,-1
154,11,766.00,207.00,36.00,83.00,1.00,-1,-1,-1
154,55,571.00,12.00,25.00,82.00,1.00,-1,-1,-1
154,59,351.00,331.00,48.00,99.00,1.00,-1,-1,-1
154,17,544.00,10.00,27.00,84.00,1.00,-1,-1,-1
154,3,455.00,90.00,34.00,95.00,1.00,-1,-1,-1
154,50,257.00,15.00,37.00,67.00,1.00,-1,-1,-1
154,46,771.00,97.00,37.00,79.00,1.00,-1,-1,-1
154,51,138.00,8.00,42.00,80.00,1.00,-1,-1,-1
154,52,624.00,262.00,47.00,108.00,1.00,-1,-1,-1
154,43,48.00,69.00,33.00,82.00,1.00,-1,-1,-1
154,61,255.00,318.00,54.00,110.00,1.00,-1,-1,-1
154,53,478.00,48.00,34.00,83.00,1.00,-1,-1,-1
155,28,1190.00,270.00,58.00,118.00,1.00,-1,-1,-1
155,44,827.00,341.00,49.00,118.00,1.00,-1,-1,-1
155,21,609.00,346.00,52.00,119.00,1.00,-1,-1,-1
155,59,350.00,332.00,49.00,105.00,1.00,-1,-1,-1
155,54,609.00,96.00,33.00,96.00,1.00,-1,-1,-1
155,48,466.00,400.00,54.00,138.00,1.00,-1,-1,-1
155,3,455.00,89.00,33.00,94.00,1.00,-1,-1,-1
155,37,688.00,320.00,32.00,104.00,1.00,-1,-1,-1
155,27,1041.00,141.00,44.00,95.00,1.00,-1,-1,-1
155,7,705.00,209.00,47.00,100.00,1.00,-1,-1,-1
155,52,624.00,263.00,47.00,110.00,1.00,-1,-1,-1
155,11,766.00,207.00,37.00,88.00,1.00,-1,-1,-1
155,14,352.00,438.00,61.00,115.00,1.00,-1,-1,-1
155,55,571.00,10.00,25.00,83.00,1.00,-1,-1,-1
155,17,544.00,9.00,27.00,85.00,1.00,-1,-1,-1
155,46,770.00,96.00,39.00,77.00,1.00,-1,-1,-1
155,51,138.00,8.00,42.00,81.00,1.00,-1,-1,-1
155,50,259.00,14.00,39.00,68.00,1.00,-1,-1,-1
155,45,98.00,506.00,80.00,135.00,1.00,-1,-1,-1
155,43,49.00,69.00,32.00,82.00,1.00,-1,-1,-1
155,61,255.00,318.00,53.00,110.00,1.00,-1,-1,-1
155,53,480.00,46.00,30.00,84.00,1.00,-1,-1,-1
155,60,225.00,309.00,37.00,100.00,1.00,-1,-1,-1
155,30,1152.00,144.00,48.00,97.00,1.00,-1,-1,-1
156,28,1191.00,271.00,58.00,122.00,1.00,-1,-1,-1
156,21,608.00,348.00,52.00,119.00,1.00,-1,-1,-1
156,44,829.00,338.00,48.00,120.00,1.00,-1,-1,-1
156,3,455.00,89.00,33.00,92.00,1.00,-1,-1,-1
156,52,623.00,265.00,48.00,111.00,1.00,-1,-1,-1
156,48,466.00,397.00,52.00,135.00,1.00,-1,-1,-1
156,59,350.00,335.00,48.00,105.00,1.00,-1,-1,-1
156,27,1040.00,138.00,44.00,98.00,1.00,-1,-1,-1
156,54,609.00,98.00,32.00,95.00,1.00,-1,-1,-1
156,37,688.00,317.00,32.00,106.00,1.00,-1,-1,-1
156,7,705.00,207.00,46.00,103.00,1.00,-1,-1,-1
156,11,766.00,209.00,38.00,89.00,1.00,-1,-1,-1
156,51,138.00,8.00,42.00,82.00,1.00,-1,-1,-1
156,50,259.00,15.00,40.00,67.00,1.00,-1,-1,-1
156,55,572.00,10.00,25.00,83.00,1.00,-1,-1,-1
156,46,770.00,95.00,39.00,76.00,1.00,-1,-1,-1
156,17,544.00,9.00,27.00,84.00,1.00,-1,-1,-1
156,14,352.00,441.00,61.00,112.00,1.00,-1,-1,-1
156,43,49.00,69.00,31.00,82.00,1.00,-1,-1,-1
156,45,99.00,509.00,79.00,134.00,1.00,-1,-1,-1
156,61,255.00,318.00,53.00,110.00,1.00,-1,-1,-1
156,53,480.00,46.00,30.00,83.00,1.00,-1,-1,-1
156,60,225.00,308.00,35.00,98.00,1.00,-1,-1,-1
157,21,608.00,350.00,52.00,119.00,1.00,-1,-1,-1
157,28,1192.00,274.00,58.00,123.00,1.00,-1,-1,-1
157,44,829.00,336.00,48.00,120.00,1.00,-1,-1,-1
157,3,455.00,88.00,34.00,91.00,1.00,-1,-1,-1
157,48,466.00,393.00,52.00,136.00,1.00,-1,-1,-1
157,54,608.00,100.00,33.00,95.00,1.00,-1,-1,-1
157,27,1039.00,137.00,44.00,99.00,1.00,-1,-1,-1
157,51,138.00,9.00,41.00,82.00,1.00,-1,-1,-1
157,55,573.00,9.00,25.00,82.00,1.00,-1,-1,-1
157,50,259.00,14.00,41.00,67.00,1.00,-1,-1,-1
157,7,705.00,207.00,46.00,103.00,1.00,-1,-1,-1
157,37,685.00,314.00,35.00,108.00,1.00,-1,-1,-1
157,59,350.00,336.00,48.00,108.00,1.00,-1,-1,-1
157,17,544.00,8.00,28.00,84.00,1.00,-1,-1,-1
157,52,623.00,266.00,48.00,109.00,1.00,-1,-1,-1
157,46,770.00,94.00,39.00,75.00,1.00,-1,-1,-1
157,11,767.00,210.00,37.00,90.00,1.00,-1,-1,-1
157,43,49.00,69.00,32.00,83.00,1.00,-1,-1,-1
157,14,352.00,439.00,61.00,114.00,1.00,-1,-1,-1
157,45,101.00,512.00,79.00,134.00,1.00,-1,-1,-1
157,61,255.00,318.00,53.00,109.00,1.00,-1,-1,-1
157,33,1168.00,75.00,35.00,76.00,1.00,-1,-1,-1
157,60,225.00,309.00,35.00,97.00,1.00,-1,-1,-1
157,62,1199.00,72.00,34.00,79.00,1.00,-1,-1,-1
157,30,1153.00,144.00,49.00,97.00,1.00,-1,-1,-1
158,28,1194.00,278.00,58.00,122.00,1.00,-1,-1,-1
158,21,608.00,356.00,53.00,120.00,1.00,-1,-1,-1
158,44,830.00,328.00,50.00,124.00,1.00,-1,-1,-1
158,3,454.00,85.00,35.00,92.00,1.00,-1,-1,-1
158,27,1037.00,136.00,45.00,100.00,1.00,-1,-1,-1
158,54,608.00,102.00,33.00,96.00,1.00,-1,-1,-1
158,48,466.00,388.00,51.00,129.00,1.00,-1,-1,-1
158,52,620.00,268.00,50.00,113.00,1.00,-1,-1,-1
158,59,350.00,339.00,47.00,109.00,1.00,-1,-1,-1
158,51,138.00,10.00,40.00,83.00,1.00,-1,-1,-1
158,55,573.00,7.00,26.00,83.00,1.00,-1,-1,-1
158,37,686.00,311.00,32.00,104.00,1.00,-1,-1,-1
158,43,48.00,69.00,32.00,82.00,1.00,-1,-1,-1
158,14,352.00,439.00,60.00,113.00,1.00,-1,-1,-1
158,7,704.00,204.00,47.00,107.00,1.00,-1,-1,-1
158,17,543.00,6.00,29.00,84.00,1.00,-1,-1,-1
158,46,771.00,91.00,38.00,77.00,1.00,-1,-1,-1
158,30,1153.00,141.00,48.00,100.00,1.00,-1,-1,-1
158,11,769.00,213.00,37.00,92.00,1.00,-1,-1,-1
158,50,263.00,13.00,40.00,68.00,1.00,-1,-1,-1
158,53,478.00,42.00,30.00,86.00,1.00,-1,-1,-1
158,33,1168.00,76.00,37.00,76.00,1.00,-1,-1,-1
158,61,254.00,320.00,53.00,107.00,1.00,-1,-1,-1
158,60,225.00,308.00,35.00,98.00,1.00,-1,-1,-1
158,31,922.00,14.00,25.00,91.00,1.00,-1,-1,-1
159,21,607.00,357.00,54.00,122.00,1.00,-1,-1,-1
159,27,1037.00,135.00,45.00,101.00,1.00,-1,-1,-1
159,44,829.00,326.00,51.00,118.00,1.00,-1,-1,-1
159,28,1194.00,281.00,57.00,122.00,1.00,-1,-1,-1
159,3,454.00,84.00,35.00,93.00,1.00,-1,-1,-1
159,54,607.00,103.00,34.00,95.00,1.00,-1,-1,-1
159,48,466.00,384.00,51.00,127.00,1.00,-1,-1,-1
159,52,619.00,269.00,51.00,113.00,1.00,-1,-1,-1
159,37,686.00,309.00,32.00,101.00,1.00,-1,-1,-1
159,59,350.00,341.00,47.00,111.00,1.00,-1,-1,-1
159,14,352.00,439.00,59.00,114.00,1.00,-1,-1,-1
159,51,138.00,11.00,40.00,83.00,1.00,-1,-1,-1
159,55,573.00,6.00,26.00,83.00,1.00,-1,-1,-1
159,7,703.00,203.00,48.00,108.00,1.00,-1,-1,-1
159,43,48.00,69.00,32.00,82.00,1.00,-1,-1,-1
159,17,543.00,5.00,29.00,84.00,1.00,-1,-1,-1
159,50,265.00,12.00,37.00,69.00,1.00,-1,-1,-1
159,11,770.00,214.00,36.00,91.00,1.00,-1,-1,-1
159,30,1153.00,139.00,48.00,102.00,1.00,-1,-1,-1
159,46,772.00,90.00,37.00,77.00,1.00,-1,-1,-1
159,53,477.00,38.00,30.00,87.00,1.00,-1,-1,-1
159,61,254.00,320.00,54.00,107.00,1.00,-1,-1,-1
160,21,606.00,359.00,55.00,121.00,1.00,-1,-1,-1
160,28,1194.00,284.00,57.00,123.00,1.00,-1,-1,-1
160,27,1037.00,133.00,44.00,103.00,1.00,-1,-1,-1
160,44,830.00,322.00,51.00,115.00,1.00,-1,-1,-1
160,48,466.00,382.00,52.00,123.00,1.00,-1,-1,-1
160,3,454.00,83.00,35.00,94.00,1.00,-1,-1,-1
160,54,607.00,103.00,34.00,96.00,1.00,-1,-1,-1
160,37,686.00,306.00,32.00,98.00,1.00,-1,-1,-1
160,52,619.00,270.00,51.00,112.00,1.00,-1,-1,-1
160,59,349.00,343.00,46.00,110.00,1.00,-1,-1,-1
160,51,138.00,12.00,40.00,84.00,1.00,-1,-1,-1
160,55,573.00,4.00,26.00,84.00,1.00,-1,-1,-1
160,50,268.00,12.00,33.00,68.00,1.00,-1,-1,-1
160,7,704.00,202.00,47.00,108.00,1.00,-1,-1,-1
160,17,545.00,6.00,28.00,83.00,1.00,-1,-1,-1
160,14,352.00,442.00,58.00,115.00,1.00,-1,-1,-1
160,43,48.00,69.00,32.00,82.00,1.00,-1,-1,-1
160,53,477.00,37.00,29.00,86.00,1.00,-1,-1,-1
160,11,770.00,215.00,37.00,91.00,1.00,-1,-1,-1
160,30,1154.00,136.00,47.00,105.00,1.00,-1,-1,-1
160,46,772.00,90.00,38.00,77.00,1.00,-1,-1,-1
160,31,922.00,15.00,25.00,89.00,1.00,-1,-1,-1
161,21,606.00,362.00,54.00,119.00,1.00,-1,-1,-1
161,28,1194.00,286.00,57.00,123.00,1.00,-1,-1,-1
161,44,830.00,320.00,51.00,112.00,1.00,-1,-1,-1
161,27,1037.00,132.00,43.00,102.00,1.00,-1,-1,-1
161,48,465.00,378.00,54.00,124.00,1.00,-1,-1,-1
161,3,453.00,82.00,36.00,94.00,1.00,-1,-1,-1
161,54,608.00,103.00,33.00,96.00,1.00,-1,-1,-1
161,37,686.00,304.00,33.00,96.00,1.00,-1,-1,-1
161,52,619.00,270.00,52.00,113.00,1.00,-1,-1,-1
161,55,573.00,4.00,27.00,83.00,1.00,-1,-1,-1
161,14,352.00,442.00,57.00,121.00,1.00,-1,-1,-1
161,30,1154.00,137.00,48.00,104.00,1.00,-1,-1,-1
161,51,139.00,13.00,39.00,83.00,1.00,-1,-1,-1
161,17,545.00,6.00,28.00,83.00,1.00,-1,-1,-1
161,59,349.00,343.00,46.00,111.00,1.00,-1,-1,-1
161,7,705.00,202.00,46.00,106.00,1.00,-1,-1,-1
161,43,48.00,69.00,31.00,82.00,1.00,-1,-1,-1
161,11,771.00,217.00,37.00,89.00,1.00,-1,-1,-1
161,50,269.00,12.00,33.00,67.00,1.00,-1,-1,-1
161,53,478.00,36.00,28.00,86.00,1.00,-1,-1,-1
161,31,921.00,14.00,27.00,90.00,1.00,-1,-1,-1
161,61,255.00,320.00,53.00,106.00,1.00,-1,-1,-1
162,28,1194.00,287.00,58.00,122.00,1.00,-1,-1,-1
162,21,606.00,364.00,54.00,117.00,1.00,-1,-1,-1
162,44,830.00,317.00,50.00,111.00,1.00,-1,-1,-1
162,27,1037.00,130.00,42.00,103.00,1.00,-1,-1,-1
162,48,467.00,376.00,52.00,124.00,1.00,-1,-1,-1
162,3,453.00,82.00,36.00,94.00,1.00,-1,-1,-1
162,54,607.00,104.00,35.00,95.00,1.00,-1,-1,-1
162,37,687.00,302.00,32.00,95.00,1.00,-1,-1,-1
162,52,619.00,271.00,51.00,112.00,1.00,-1,-1,-1
162,30,1154.00,137.00,47.00,104.00,1.00,-1,-1,-1
162,55,573.00,4.00,28.00,83.00,1.00,-1,-1,-1
162,51,139.00,14.00,39.00,83.00,1.00,-1,-1,-1
162,17,545.00,6.00,28.00,83.00,1.00,-1,-1,-1
162,59,348.00,345.00,47.00,106.00,1.00,-1,-1,-1
162,11,771.00,218.00,38.00,88.00,1.00,-1,-1,-1
162,7,706.00,200.00,45.00,107.00,1.00,-1,-1,-1
162,14,351.00,445.00,56.00,122.00,1.00,-1,-1,-1
162,43,48.00,69.00,31.00,82.00,1.00,-1,-1,-1
162,50,272.00,12.00,30.00,68.00,1.00,-1,-1,-1
162,61,255.00,319.00,55.00,107.00,1.00,-1,-1,-1
162,62,1199.00,74.00,40.00,88.00,1.00,-1,-1,-1
162,31,921.00,14.00,27.00,90.00,1.00,-1,-1,-1
163,28,1194.00,290.00,60.00,119.00,1.00,-1,-1,-1
163,45,112.00,528.00,66.00,128.00,1.00,-1,-1,-1
163,21,607.00,366.00,53.00,116.00,1.00,-1,-1,-1
163,14,352.00,452.00,54.00,127.00,1.00,-1,-1,-1
163,37,687.00,296.00,33.00,99.00,1.00,-1,-1,-1
163,44,832.00,312.00,48.00,112.00,1.00,-1,-1,-1
163,27,1037.00,128.00,41.00,103.00,1.00,-1,-1,-1
163,48,467.00,373.00,51.00,125.00,1.00,-1,-1,-1
163,11,770.00,219.00,40.00,86.00,1.00,-1,-1,-1
163,54,608.00,106.00,35.00,92.00,1.00,-1,-1,-1
163,3,452.00,79.00,36.00,94.00,1.00,-1,-1,-1
163,59,347.00,347.00,46.00,103.00,1.00,-1,-1,-1
163,30,1154.00,140.00,47.00,102.00,1.00,-1,-1,-1
163,51,139.00,15.00,40.00,82.00,1.00,-1,-1,-1
163,7,708.00,195.00,45.00,106.00,1.00,-1,-1,-1
163,55,574.00,3.00,28.00,84.00,1.00,-1,-1,-1
163,17,545.00,5.00,27.00,84.00,1.00,-1,-1,-1
163,50,277.00,11.00,25.00,68.00,1.00,-1,-1,-1
163,43,48.00,69.00,31.00,81.00,1.00,-1,-1,-1
163,63,0.00,390.00,26.00,84.00,1.00,-1,-1,-1
163,52,619.00,274.00,51.00,111.00,1.00,-1,-1,-1
163,62,1201.00,76.00,38.00,86.00,1.00,-1,-1,-1
164,28,1192.00,290.00,64.00,119.00,1.00,-1,-1,-1
164,21,608.00,367.00,52.00,113.00,1.00,-1,-1,-1
164,14,352.00,454.00,53.00,126.00,1.00,-1,-1,-1
164,44,830.00,313.00,52.00,108.00,1.00,-1,-1,-1
164,52,618.00,276.00,52.00,110.00,1.00,-1,-1,-1
164,48,467.00,369.00,51.00,131.00,1.00,-1,-1,-1
164,27,1037.00,127.00,40.00,102.00,1.00,-1,-1,-1
164,7,708.00,193.00,43.00,105.00,1.00,-1,-1,-1
164,45,114.00,529.00,66.00,128.00,1.00,-1,-1,-1
164,3,452.00,79.00,35.00,94.00,1.00,-1,-1,-1
164,37,688.00,295.00,32.00,100.00,1.00,-1,-1,-1
164,54,607.00,108.00,37.00,91.00,1.00,-1,-1,-1
164,30,1154.00,144.00,47.00,101.00,1.00,-1,-1,-1
164,11,769.00,222.00,42.00,86.00,1.00,-1,-1,-1
164,59,347.00,350.00,45.00,96.00,1.00,-1,-1,-1
164,55,575.00,3.00,27.00,84.00,1.00,-1,-1,-1
164,51,139.00,15.00,40.00,82.00,1.00,-1,-1,-1
164,17,545.00,5.00,27.00,84.00,1.00,-1,-1,-1
164,50,278.00,11.00,26.00,66.00,1.00,-1,-1,-1
164,43,48.00,69.00,31.00,82.00,1.00,-1,-1,-1
164,62,1201.00,77.00,39.00,86.00,1.00,-1,-1,-1
164,63,0.00,391.00,28.00,86.00,1.00,-1,-1,-1
165,28,1194.00,293.00,63.00,116.00,1.00,-1,-1,-1
165,14,352.00,459.00,54.00,125.00,1.00,-1,-1,-1
165,21,609.00,368.00,51.00,112.00,1.00,-1,-1,-1
165,44,832.00,311.00,49.00,113.00,1.00,-1,-1,-1
165,27,1036.00,126.00,41.00,98.00,1.00,-1,-1,-1
165,7,708.00,192.00,43.00,103.00,1.00,-1,-1,-1
165,45,114.00,533.00,66.00,124.00,1.00,-1,-1,-1
165,48,466.00,368.00,53.00,132.00,1.00,-1,-1,-1
165,52,618.00,278.00,52.00,109.00,1.00,-1,-1,-1
165,54,608.00,109.00,36.00,90.00,1.00,-1,-1,-1
165,30,1155.00,146.00,47.00,103.00,1.00,-1,-1,-1
165,3,452.00,77.00,35.00,94.00,1.00,-1,-1,-1
165,59,347.00,351.00,46.00,96.00,1.00,-1,-1,-1
165,11,768.00,223.00,46.00,89.00,1.00,-1,-1,-1
165,55,574.00,2.00,28.00,85.00,1.00,-1,-1,-1
165,37,689.00,294.00,31.00,99.00,1.00,-1,-1,-1
165,50,279.00,11.00,28.00,69.00,1.00,-1,-1,-1
165,17,545.00,5.00,27.00,84.00,1.00,-1,-1,-1
165,51,139.00,15.00,40.00,82.00,1.00,-1,-1,-1
165,43,48.00,69.00,31.00,82.00,1.00,-1,-1,-1
165,62,1206.00,78.00,35.00,86.00,1.00,-1,-1,-1
165,63,0.00,395.00,28.00,83.00,1.00,-1,-1,-1
166,21,610.00,372.00,51.00,111.00,1.00,-1,-1,-1
166,14,352.00,463.00,53.00,123.00,1.00,-1,-1,-1
166,44,832.00,310.00,49.00,114.00,1.00,-1,-1,-1
166,28,1197.00,294.00,60.00,116.00,1.00,-1,-1,-1
166,27,1037.00,124.00,40.00,97.00,1.00,-1,-1,-1
166,45,115.00,536.00,68.00,128.00,1.00,-1,-1,-1
166,59,347.00,353.00,48.00,96.00,1.00,-1,-1,-1
166,48,466.00,367.00,53.00,133.00,1.00,-1,-1,-1
166,7,708.00,191.00,44.00,99.00,1.00,-1,-1,-1
166,54,609.00,110.00,35.00,93.00,1.00,-1,-1,-1
166,30,1155.00,147.00,48.00,105.00,1.00,-1,-1,-1
166,3,452.00,75.00,34.00,91.00,1.00,-1,-1,-1
166,37,689.00,295.00,31.00,100.00,1.00,-1,-1,-1
166,11,768.00,225.00,47.00,91.00,1.00,-1,-1,-1
166,50,280.00,12.00,30.00,67.00,1.00,-1,-1,-1
166,51,139.00,15.00,40.00,82.00,1.00,-1,-1,-1
166,17,546.00,4.00,27.00,85.00,1.00,-1,-1,-1
166,52,619.00,282.00,52.00,105.00,1.00,-1,-1,-1
166,55,575.00,2.00,27.00,85.00,1.00,-1,-1,-1
166,43,48.00,70.00,31.00,81.00,1.00,-1,-1,-1
166,62,1206.00,80.00,35.00,85.00,1.00,-1,-1,-1
166,53,477.00,33.00,30.00,88.00,1.00,-1,-1,-1
166,46,777.00,84.00,36.00,79.00,1.00,-1,-1,-1
166,63,0.00,396.00,29.00,84.00,1.00,-1,-1,-1
167,28,1198.00,295.00,60.00,115.00,1.00,-1,-1,-1
167,21,611.00,375.00,50.00,116.00,1.00,-1,-1,-1
167,14,351.00,463.00,53.00,122.00,1.00,-1,-1,-1
167,59,346.00,355.00,48.00,98.00,1.00,-1,-1,-1
167,27,1036.00,122.00,40.00,97.00,1.00,-1,-1,-1
167,54,608.00,111.00,36.00,96.00,1.00,-1,-1,-1
167,44,833.00,309.00,48.00,116.00,1.00,-1,-1,-1
167,48,467.00,366.00,52.00,133.00,1.00,-1,-1,-1
167,7,708.00,191.00,45.00,95.00,1.00,-1,-1,-1
167,50,282.00,14.00,33.00,66.00,1.00,-1,-1,-1
167,45,116.00,537.00,70.00,136.00,1.00,-1,-1,-1
167,30,1154.00,152.00,49.00,101.00,1.00,-1,-1,-1
167,3,452.00,74.00,35.00,92.00,1.00,-1,-1,-1
167,43,48.00,70.00,31.00,81.00,1.00,-1,-1,-1
167,17,545.00,4.00,28.00,85.00,1.00,-1,-1,-1
167,51,139.00,15.00,40.00,82.00,1.00,-1,-1,-1
167,55,575.00,2.00,27.00,85.00,1.00,-1,-1,-1
167,11,769.00,228.00,46.00,93.00,1.00,-1,-1,-1
167,37,688.00,294.00,32.00,100.00,1.00,-1,-1,-1
167,53,476.00,33.00,32.00,87.00,1.00,-1,-1,-1
167,52,619.00,285.00,52.00,103.00,1.00,-1,-1,-1
167,63,0.00,399.00,30.00,82.00,1.00,-1,-1,-1
168,28,1200.00,300.00,60.00,123.00,1.00,-1,-1,-1
168,21,612.00,379.00,52.00,121.00,1.00,-1,-1,-1
168,14,350.00,470.00,55.00,115.00,1.00,-1,-1,-1
168,59,345.00,358.00,45.00,107.00,1.00,-1,-1,-1
168,27,1036.00,120.00,40.00,96.00,1.00,-1,-1,-1
168,48,467.00,362.00,53.00,137.00,1.00,-1,-1,-1
168,44,833.00,305.00,47.00,117.00,1.00,-1,-1,-1
168,54,607.00,115.00,37.00,96.00,1.00,-1,-1,-1
168,45,119.00,544.00,70.00,147.00,1.00,-1,-1,-1
168,7,708.00,187.00,44.00,99.00,1.00,-1,-1,-1
168,52,620.00,287.00,51.00,108.00,1.00,-1,-1,-1
168,3,452.00,72.00,35.00,92.00,1.00,-1,-1,-1
168,50,286.00,13.00,40.00,68.00,1.00,-1,-1,-1
168,43,48.00,70.00,31.00,81.00,1.00,-1,-1,-1
168,53,476.00,31.00,32.00,87.00,1.00,-1,-1,-1
168,17,545.00,5.00,28.00,84.00,1.00,-1,-1,-1
168,51,139.00,16.00,41.00,83.00,1.00,-1,-1,-1
168,55,575.00,1.00,28.00,86.00,1.00,-1,-1,-1
168,30,1155.00,156.00,50.00,103.00,1.00,-1,-1,-1
168,37,689.00,291.00,32.00,101.00,1.00,-1,-1,-1
168,11,769.00,234.00,47.00,91.00,1.00,-1,-1,-1
168,63,0.00,385.00,33.00,102.00,1.00,-1,-1,-1
168,46,778.00,80.00,34.00,74.00,1.00,-1,-1,-1
168,62,1211.00,80.00,32.00,85.00,1.00,-1,-1,-1
169,28,1200.00,302.00,60.00,126.00,1.00,-1,-1,-1
169,14,350.00,470.00,55.00,116.00,1.00,-1,-1,-1
169,21,613.00,383.00,51.00,116.00,1.00,-1,-1,-1
169,59,345.00,359.00,45.00,112.00,1.00,-1,-1,-1
169,27,1035.00,121.00,40.00,96.00,1.00,-1,-1,-1
169,54,606.00,117.00,37.00,96.00,1.00,-1,-1,-1
169,48,469.00,360.00,51.00,136.00,1.00,-1,-1,-1
169,44,831.00,302.00,49.00,118.00,1.00,-1,-1,-1
169,45,119.00,547.00,70.00,147.00,1.00,-1,-1,-1
169,7,708.00,186.00,43.00,100.00,1.00,-1,-1,-1
169,3,452.00,71.00,35.00,92.00,1.00,-1,-1,-1
169,53,475.00,30.00,33.00,86.00,1.00,-1,-1,-1
169,17,545.00,4.00,28.00,85.00,1.00,-1,-1,-1
169,43,48.00,71.00,31.00,81.00,1.00,-1,-1,-1
169,50,287.00,14.00,41.00,67.00,1.00,-1,-1,-1
169,51,139.00,17.00,41.00,83.00,1.00,-1,-1,-1
169,55,575.00,1.00,28.00,86.00,1.00,-1,-1,-1
169,63,0.00,382.00,35.00,105.00,1.00,-1,-1,-1
169,30,1156.00,155.00,49.00,104.00,1.00,-1,-1,-1
169,37,688.00,289.00,33.00,102.00,1.00,-1,-1,-1
169,11,769.00,235.00,46.00,91.00,1.00,-1,-1,-1
169,52,620.00,290.00,51.00,105.00,1.00,-1,-1,-1
169,46,778.00,79.00,34.00,75.00,1.00,-1,-1,-1
170,28,1201.00,304.00,60.00,128.00,1.00,-1,-1,-1
170,45,120.00,551.00,67.00,144.00,1.00,-1,-1,-1
170,14,349.00,470.00,56.00,116.00,1.00,-1,-1,-1
170,59,345.00,362.00,46.00,114.00,1.00,-1,-1,-1
170,48,469.00,355.00,52.00,137.00,1.00,-1,-1,-1
170,54,606.00,118.00,37.00,96.00,1.00,-1,-1,-1
170,27,1034.00,120.00,41.00,98.00,1.00,-1,-1,-1
170,21,613.00,386.00,51.00,119.00,1.00,-1,-1,-1
170,7,706.00,186.00,45.00,100.00,1.00,-1,-1,-1
170,52,618.00,291.00,53.00,104.00,1.00,-1,-1,-1
170,44,831.00,299.00,48.00,118.00,1.00,-1,-1,-1
170,3,451.00,70.00,36.00,93.00,1.00,-1,-1,-1
170,17,545.00,4.00,28.00,85.00,1.00,-1,-1,-1
170,11,769.00,236.00,46.00,91.00,1.00,-1,-1,-1
170,55,575.00,1.00,28.00,86.00,1.00,-1,-1,-1
170,53,475.00,30.00,33.00,85.00,1.00,-1,-1,-1
170,51,139.00,17.00,41.00,84.00,1.00,-1,-1,-1
170,37,689.00,287.00,32.00,103.00,1.00,-1,-1,-1
170,43,48.00,71.00,31.00,81.00,1.00,-1,-1,-1
170,50,289.00,15.00,40.00,66.00,1.00,-1,-1,-1
170,30,1155.00,155.00,51.00,105.00,1.00,-1,-1,-1
170,46,778.00,79.00,33.00,75.00,1.00,-1,-1,-1
170,63,0.00,386.00,34.00,100.00,1.00,-1,-1,-1
171,28,1203.00,307.00,58.00,127.00,1.00,-1,-1,-1
171,14,349.00,471.00,57.00,116.00,1.00,-1,-1,-1
171,59,344.00,364.00,47.00,115.00,1.00,-1,-1,-1
171,54,605.00,119.00,37.00,96.00,1.00,-1,-1,-1
171,21,612.00,390.00,53.00,122.00,1.00,-1,-1,-1
171,48,470.00,353.00,52.00,135.00,1.00,-1,-1,-1
171,27,1034.00,119.00,41.00,98.00,1.00,-1,-1,-1
171,52,618.00,293.00,54.00,106.00,1.00,-1,-1,-1
171,44,830.00,296.00,50.00,117.00,1.00,-1,-1,-1
171,45,121.00,556.00,68.00,143.00,1.00,-1,-1,-1
171,7,706.00,185.00,44.00,102.00,1.00,-1,-1,-1
171,50,290.00,14.00,40.00,67.00,1.00,-1,-1,-1
171,17,545.00,3.00,28.00,86.00,1.00,-1,-1,-1
171,11,771.00,238.00,43.00,90.00,1.00,-1,-1,-1
171,37,690.00,286.00,31.00,100.00,1.00,-1,-1,-1
171,51,139.00,17.00,41.00,84.00,1.00,-1,-1,-1
171,3,451.00,69.00,35.00,93.00,1.00,-1,-1,-1
171,55,575.00,1.00,28.00,86.00,1.00,-1,-1,-1
171,53,475.00,29.00,34.00,84.00,1.00,-1,-1,-1
171,43,48.00,71.00,30.00,81.00,1.00,-1,-1,-1
171,46,778.00,79.00,33.00,74.00,1.00,-1,-1,-1
171,63,0.00,389.00,36.00,99.00,1.00,-1,-1,-1
171,30,1155.00,156.00,52.00,103.00,1.00,-1,-1,-1
171,60,224.00,307.00,38.00,101.00,1.00,-1,-1,-1
172,28,1201.00,310.00,61.00,127.00,1.00,-1,-1,-1
172,14,348.00,473.00,61.00,115.00,1.00,-1,-1,-1
172,21,613.00,391.00,52.00,123.00,1.00,-1,-1,-1
172,59,344.00,367.00,45.00,114.00,1.00,-1,-1,-1
172,48,467.00,350.00,56.00,134.00,1.00,-1,-1,-1
172,52,618.00,295.00,54.00,109.00,1.00,-1,-1,-1
172,54,605.00,119.00,37.00,97.00,1.00,-1,-1,-1
172,27,1033.00,119.00,42.00,98.00,1.00,-1,-1,-1
172,44,830.00,294.00,50.00,111.00,1.00,-1,-1,-1
172,50,291.00,14.00,39.00,67.00,1.00,-1,-1,-1
172,45,121.00,559.00,68.00,144.00,1.00,-1,-1,-1
172,7,705.00,184.00,45.00,103.00,1.00,-1,-1,-1
172,11,772.00,239.00,42.00,89.00,1.00,-1,-1,-1
172,51,138.00,19.00,42.00,84.00,1.00,-1,-1,-1
172,17,545.00,2.00,28.00,86.00,1.00,-1,-1,-1
172,37,691.00,283.00,30.00,99.00,1.00,-1,-1,-1
172,53,475.00,28.00,34.00,83.00,1.00,-1,-1,-1
172,55,575.00,1.00,28.00,86.00,1.00,-1,-1,-1
172,3,450.00,69.00,36.00,93.00,1.00,-1,-1,-1
172,43,48.00,71.00,30.00,81.00,1.00,-1,-1,-1
172,46,777.00,78.00,34.00,75.00,1.00,-1,-1,-1
172,30,1157.00,156.00,50.00,104.00,1.00,-1,-1,-1
172,62,1213.00,83.00,31.00,82.00,1.00,-1,-1,-1
173,21,614.00,394.00,52.00,121.00,1.00,-1,-1,-1
173,28,1202.00,315.00,61.00,131.00,1.00,-1,-1,-1
173,54,603.00,121.00,37.00,96.00,1.00,-1,-1,-1
173,45,122.00,565.00,68.00,141.00,1.00,-1,-1,-1
173,14,348.00,478.00,63.00,120.00,1.00,-1,-1,-1
173,48,466.00,347.00,59.00,121.00,1.00,-1,-1,-1
173,27,1032.00,116.00,42.00,101.00,1.00,-1,-1,-1
173,44,830.00,288.00,50.00,108.00,1.00,-1,-1,-1
173,52,618.00,296.00,54.00,108.00,1.00,-1,-1,-1
173,63,0.00,390.00,39.00,114.00,1.00,-1,-1,-1
173,7,705.00,182.00,45.00,105.00,1.00,-1,-1,-1
173,59,343.00,371.00,46.00,111.00,1.00,-1,-1,-1
173,37,691.00,278.00,32.00,93.00,1.00,-1,-1,-1
173,17,544.00,1.00,29.00,86.00,1.00,-1,-1,-1
173,11,775.00,240.00,39.00,88.00,1.00,-1,-1,-1
173,3,450.00,67.00,36.00,94.00,1.00,-1,-1,-1
173,55,576.00,1.00,27.00,85.00,1.00,-1,-1,-1
173,53,475.00,27.00,35.00,82.00,1.00,-1,-1,-1
173,51,137.00,21.00,42.00,82.00,1.00,-1,-1,-1
173,62,1215.00,83.00,30.00,81.00,1.00,-1,-1,-1
173,43,47.00,74.00,31.00,79.00,1.00,-1,-1,-1
173,46,777.00,77.00,34.00,76.00,1.00,-1,-1,-1
174,28,1202.00,319.00,61.00,128.00,1.00,-1,-1,-1
174,21,614.00,395.00,54.00,121.00,1.00,-1,-1,-1
174,54,603.00,123.00,36.00,94.00,1.00,-1,-1,-1
174,63,0.00,391.00,40.00,116.00,1.00,-1,-1,-1
174,45,122.00,567.00,69.00,139.00,1.00,-1,-1,-1
174,48,467.00,345.00,57.00,120.00,1.00,-1,-1,-1
174,27,1032.00,114.00,41.00,102.00,1.00,-1,-1,-1
174,44,829.00,286.00,50.00,107.00,1.00,-1,-1,-1
174,59,342.00,373.00,48.00,107.00,1.00,-1,-1,-1
174,14,347.00,482.00,65.00,120.00,1.00,-1,-1,-1
174,7,705.00,180.00,43.00,107.00,1.00,-1,-1,-1
174,37,691.00,276.00,32.00,94.00,1.00,-1,-1,-1
174,17,544.00,1.00,29.00,86.00,1.00,-1,-1,-1
174,52,619.00,299.00,53.00,106.00,1.00,-1,-1,-1
174,62,1215.00,85.00,31.00,80.00,1.00,-1,-1,-1
174,11,776.00,241.00,38.00,87.00,1.00,-1,-1,-1
174,51,136.00,23.00,43.00,81.00,1.00,-1,-1,-1
174,55,575.00,0.00,27.00,86.00,1.00,-1,-1,-1
174,3,449.00,67.00,37.00,94.00,1.00,-1,-1,-1
174,53,475.00,27.00,35.00,81.00,1.00,-1,-1,-1
174,50,299.00,13.00,30.00,66.00,1.00,-1,-1,-1
174,46,777.00,76.00,35.00,77.00,1.00,-1,-1,-1
175,28,1202.00,320.00,62.00,128.00,1.00,-1,-1,-1
175,21,614.00,397.00,55.00,118.00,1.00,-1,-1,-1
175,54,603.00,123.00,36.00,94.00,1.00,-1,-1,-1
175,48,467.00,343.00,57.00,120.00,1.00,-1,-1,-1
175,14,347.00,484.00,65.00,124.00,1.00,-1,-1,-1
175,63,0.00,397.00,41.00,116.00,1.00,-1,-1,-1
175,44,830.00,282.00,49.00,110.00,1.00,-1,-1,-1
175,27,1032.00,114.00,41.00,101.00,1.00,-1,-1,-1
175,59,341.00,374.00,48.00,105.00,1.00,-1,-1,-1
175,37,690.00,273.00,34.00,96.00,1.00,-1,-1,-1
175,7,704.00,177.00,44.00,108.00,1.00,-1,-1,-1
175,51,136.00,24.00,43.00,81.00,1.00,-1,-1,-1
175,45,123.00,569.00,69.00,138.00,1.00,-1,-1,-1
175,62,1215.00,85.00,31.00,81.00,1.00,-1,-1,-1
175,11,776.00,243.00,38.00,88.00,1.00,-1,-1,-1
175,3,450.00,65.00,36.00,95.00,1.00,-1,-1,-1
175,17,545.00,0.00,28.00,87.00,1.00,-1,-1,-1
175,55,575.00,0.00,27.00,86.00,1.00,-1,-1,-1
175,52,620.00,302.00,52.00,107.00,1.00,-1,-1,-1
175,53,475.00,26.00,36.00,80.00,1.00,-1,-1,-1
175,46,777.00,75.00,34.00,78.00,1.00,-1,-1,-1
175,50,301.00,12.00,26.00,67.00,1.00,-1,-1,-1
176,21,615.00,399.00,54.00,115.00,1.00,-1,-1,-1
176,28,1204.00,323.00,62.00,125.00,1.00,-1,-1,-1
176,54,603.00,124.00,36.00,93.00,1.00,-1,-1,-1
176,44,829.00,281.00,50.00,111.00,1.00,-1,-1,-1
176,14,347.00,486.00,65.00,126.00,1.00,-1,-1,-1
176,27,1031.00,113.00,41.00,100.00,1.00,-1,-1,-1
176,59,341.00,375.00,48.00,106.00,1.00,-1,-1,-1
176,48,466.00,342.00,57.00,120.00,1.00,-1,-1,-1
176,37,690.00,273.00,33.00,95.00,1.00,-1,-1,-1
176,3,450.00,63.00,35.00,96.00,1.00,-1,-1,-1
176,11,776.00,246.00,38.00,90.00,1.00,-1,-1,-1
176,62,1215.00,86.00,32.00,82.00,1.00,-1,-1,-1
176,7,704.00,177.00,44.00,106.00,1.00,-1,-1,-1
176,17,545.00,0.00,28.00,83.00,1.00,-1,-1,-1
176,63,0.00,399.00,43.00,116.00,1.00,-1,-1,-1
176,45,122.00,572.00,69.00,134.00,1.00,-1,-1,-1
176,55,576.00,0.00,26.00,85.00,1.00,-1,-1,-1
176,51,135.00,24.00,44.00,84.00,1.00,-1,-1,-1
176,46,777.00,74.00,35.00,79.00,1.00,-1,-1,-1
176,50,304.00,11.00,23.00,68.00,1.00,-1,-1,-1
176,52,620.00,303.00,52.00,111.00,1.00,-1,-1,-1
176,53,475.00,26.00,36.00,79.00,1.00,-1,-1,-1
176,43,47.00,74.00,30.00,78.00,1.00,-1,-1,-1
176,30,1160.00,162.00,50.00,99.00,1.00,-1,-1,-1
177,21,616.00,400.00,54.00,114.00,1.00,-1,-1,-1
177,54,602.00,124.00,37.00,92.00,1.00,-1,-1,-1
177,14,348.00,490.00,65.00,127.00,1.00,-1,-1,-1
177,48,465.00,340.00,56.00,120.00,1.00,-1,-1,-1
177,27,1031.00,112.00,42.00,100.00,1.00,-1,-1,-1
177,28,1203.00,326.00,65.00,122.00,1.00,-1,-1,-1
177,44,829.00,280.00,49.00,113.00,1.00,-1,-1,-1
177,11,776.00,249.00,38.00,91.00,1.00,-1,-1,-1
177,62,1216.00,86.00,32.00,84.00,1.00,-1,-1,-1
177,63,0.00,402.00,45.00,115.00,1.00,-1,-1,-1
177,37,689.00,273.00,33.00,95.00,1.00,-1,-1,-1
177,7,704.00,174.00,43.00,105.00,1.00,-1,-1,-1
177,17,545.00,0.00,28.00,82.00,1.00,-1,-1,-1
177,3,451.00,62.00,35.00,95.00,1.00,-1,-1,-1
177,59,341.00,377.00,48.00,103.00,1.00,-1,-1,-1
177,52,619.00,302.00,55.00,115.00,1.00,-1,-1,-1
177,55,576.00,0.00,26.00,85.00,1.00,-1,-1,-1
177,51,135.00,25.00,43.00,84.00,1.00,-1,-1,-1
177,45,123.00,573.00,68.00,133.00,1.00,-1,-1,-1
177,46,777.00,74.00,36.00,79.00,1.00,-1,-1,-1
177,30,1160.00,162.00,51.00,100.00,1.00,-1,-1,-1
177,43,46.00,75.00,32.00,78.00,1.00,-1,-1,-1
177,53,476.00,25.00,35.00,80.00,1.00,-1,-1,-1
177,50,307.00,11.00,22.00,66.00,1.00,-1,-1,-1
178,21,615.00,403.00,56.00,112.00,1.00,-1,-1,-1
178,14,350.00,495.00,64.00,127.00,1.00,-1,-1,-1
178,48,467.00,337.00,50.00,122.00,1.00,-1,-1,-1
178,54,601.00,127.00,36.00,93.00,1.00,-1,-1,-1
178,28,1207.00,329.00,63.00,120.00,1.00,-1,-1,-1
178,44,830.00,278.00,49.00,114.00,1.00,-1,-1,-1
178,11,776.00,253.00,38.00,92.00,1.00,-1,-1,-1
178,62,1217.00,88.00,31.00,84.00,1.00,-1,-1,-1
178,7,704.00,172.00,42.00,101.00,1.00,-1,-1,-1
178,3,452.00,59.00,35.00,91.00,1.00,-1,-1,-1
178,37,689.00,271.00,31.00,97.00,1.00,-1,-1,-1
178,17,545.00,0.00,28.00,81.00,1.00,-1,-1,-1
178,59,340.00,380.00,50.00,100.00,1.00,-1,-1,-1
178,27,1030.00,111.00,42.00,94.00,1.00,-1,-1,-1
178,55,575.00,0.00,26.00,81.00,1.00,-1,-1,-1
178,45,126.00,578.00,66.00,128.00,1.00,-1,-1,-1
178,33,1183.00,88.00,35.00,83.00,1.00,-1,-1,-1
178,51,134.00,26.00,44.00,84.00,1.00,-1,-1,-1
178,53,477.00,20.00,33.00,82.00,1.00,-1,-1,-1
178,43,46.00,74.00,32.00,80.00,1.00,-1,-1,-1
178,46,776.00,72.00,38.00,77.00,1.00,-1,-1,-1
178,50,309.00,11.00,24.00,68.00,1.00,-1,-1,-1
178,63,0.00,406.00,50.00,115.00,1.00,-1,-1,-1
179,21,615.00,405.00,56.00,115.00,1.00,-1,-1,-1
179,11,777.00,255.00,38.00,93.00,1.00,-1,-1,-1
179,28,1207.00,330.00,65.00,118.00,1.00,-1,-1,-1
179,14,349.00,498.00,66.00,124.00,1.00,-1,-1,-1
179,54,601.00,127.00,36.00,96.00,1.00,-1,-1,-1
179,44,833.00,275.00,45.00,117.00,1.00,-1,-1,-1
179,48,467.00,336.00,47.00,127.00,1.00,-1,-1,-1
179,3,453.00,58.00,34.00,90.00,1.00,-1,-1,-1
179,62,1217.00,88.00,32.00,85.00,1.00,-1,-1,-1
179,52,621.00,312.00,56.00,115.00,1.00,-1,-1,-1
179,7,704.00,170.00,42.00,98.00,1.00,-1,-1,-1
179,37,688.00,269.00,33.00,99.00,1.00,-1,-1,-1
179,27,1030.00,108.00,41.00,96.00,1.00,-1,-1,-1
179,45,125.00,582.00,70.00,127.00,1.00,-1,-1,-1
179,17,545.00,0.00,29.00,80.00,1.00,-1,-1,-1
179,59,340.00,381.00,51.00,99.00,1.00,-1,-1,-1
179,55,576.00,0.00,26.00,79.00,1.00,-1,-1,-1
179,33,1184.00,88.00,34.00,83.00,1.00,-1,-1,-1
179,50,311.00,11.00,27.00,69.00,1.00,-1,-1,-1
179,43,46.00,75.00,32.00,79.00,1.00,-1,-1,-1
179,53,478.00,19.00,33.00,83.00,1.00,-1,-1,-1
179,46,776.00,71.00,38.00,76.00,1.00,-1,-1,-1
180,11,778.00,256.00,38.00,94.00,1.00,-1,-1,-1
180,28,1209.00,331.00,64.00,117.00,1.00,-1,-1,-1
180,14,350.00,500.00,67.00,122.00,1.00,-1,-1,-1
180,21,616.00,406.00,57.00,121.00,1.00,-1,-1,-1
180,54,601.00,128.00,36.00,98.00,1.00,-1,-1,-1
180,44,834.00,273.00,44.00,117.00,1.00,-1,-1,-1
180,48,465.00,335.00,50.00,128.00,1.00,-1,-1,-1
180,62,1218.00,88.00,32.00,86.00,1.00,-1,-1,-1
180,3,453.00,58.00,33.00,88.00,1.00,-1,-1,-1
180,59,339.00,383.00,52.00,100.00,1.00,-1,-1,-1
180,7,704.00,170.00,43.00,95.00,1.00,-1,-1,-1
180,45,127.00,584.00,75.00,132.00,1.00,-1,-1,-1
180,27,1031.00,108.00,41.00,92.00,1.00,-1,-1,-1
180,37,688.00,267.00,33.00,101.00,1.00,-1,-1,-1
180,17,545.00,0.00,29.00,80.00,1.00,-1,-1,-1
180,33,1185.00,89.00,34.00,83.00,1.00,-1,-1,-1
180,63,0.00,408.00,53.00,113.00,1.00,-1,-1,-1
180,52,624.00,313.00,54.00,112.00,1.00,-1,-1,-1
180,55,576.00,0.00,26.00,79.00,1.00,-1,-1,-1
180,43,46.00,74.00,31.00,82.00,1.00,-1,-1,-1
180,53,477.00,19.00,34.00,83.00,1.00,-1,-1,-1
180,46,777.00,69.00,37.00,77.00,1.00,-1,-1,-1
181,28,1212.00,334.00,63.00,116.00,1.00,-1,-1,-1
181,21,615.00,409.00,58.00,122.00,1.00,-1,-1,-1
181,11,779.00,257.00,37.00,93.00,1.00,-1,-1,-1
181,54,601.00,129.00,36.00,100.00,1.00,-1,-1,-1
181,14,351.00,502.00,66.00,120.00,1.00,-1,-1,-1
181,44,834.00,272.00,46.00,115.00,1.00,-1,-1,-1
181,45,129.00,588.00,76.00,132.00,1.00,-1,-1,-1
181,3,453.00,56.00,34.00,89.00,1.00,-1,-1,-1
181,27,1032.00,107.00,39.00,93.00,1.00,-1,-1,-1
181,62,1217.00,90.00,35.00,86.00,1.00,-1,-1,-1
181,48,465.00,335.00,50.00,127.00,1.00,-1,-1,-1
181,59,338.00,385.00,52.00,101.00,1.00,-1,-1,-1
181,63,0.00,410.00,54.00,111.00,1.00,-1,-1,-1
181,7,704.00,168.00,42.00,95.00,1.00,-1,-1,-1
181,17,545.00,0.00,29.00,79.00,1.00,-1,-1,-1
181,37,688.00,265.00,33.00,101.00,1.00,-1,-1,-1
181,43,44.00,74.00,33.00,82.00,1.00,-1,-1,-1
181,33,1187.00,90.00,33.00,82.00,1.00,-1,-1,-1
181,50,316.00,11.00,30.00,69.00,1.00,-1,-1,-1
181,55,576.00,0.00,26.00,77.00,1.00,-1,-1,-1
181,46,777.00,67.00,37.00,76.00,1.00,-1,-1,-1
181,52,625.00,315.00,54.00,110.00,1.00,-1,-1,-1
181,53,480.00,16.00,30.00,83.00,1.00,-1,-1,-1
182,28,1212.00,335.00,65.00,123.00,1.00,-1,-1,-1
182,11,780.00,259.00,38.00,92.00,1.00,-1,-1,-1
182,21,615.00,410.00,58.00,125.00,1.00,-1,-1,-1
182,14,352.00,503.00,65.00,118.00,1.00,-1,-1,-1
182,44,834.00,268.00,46.00,116.00,1.00,-1,-1,-1
182,54,600.00,132.00,38.00,98.00,1.00,-1,-1,-1
182,3,453.00,55.00,34.00,90.00,1.00,-1,-1,-1
182,27,1032.00,105.00,39.00,94.00,1.00,-1,-1,-1
182,52,626.00,317.00,55.00,112.00,1.00,-1,-1,-1
182,48,464.00,332.00,50.00,130.00,1.00,-1,-1,-1
182,17,545.00,0.00,29.00,79.00,1.00,-1,-1,-1
182,46,778.00,65.00,37.00,76.00,1.00,-1,-1,-1
182,62,1217.00,90.00,36.00,87.00,1.00,-1,-1,-1
182,7,704.00,166.00,44.00,95.00,1.00,-1,-1,-1
182,43,44.00,74.00,33.00,82.00,1.00,-1,-1,-1
182,59,338.00,387.00,51.00,102.00,1.00,-1,-1,-1
182,37,689.00,263.00,31.00,102.00,1.00,-1,-1,-1
182,33,1187.00,90.00,33.00,82.00,1.00,-1,-1,-1
182,55,576.00,0.00,25.00,77.00,1.00,-1,-1,-1
182,53,481.00,14.00,28.00,84.00,1.00,-1,-1,-1
182,50,318.00,11.00,33.00,69.00,1.00,-1,-1,-1
183,28,1213.00,341.00,63.00,129.00,1.00,-1,-1,-1
183,21,613.00,419.00,61.00,125.00,1.00,-1,-1,-1
183,14,352.00,507.00,65.00,113.00,1.00,-1,-1,-1
183,11,780.00,261.00,40.00,89.00,1.00,-1,-1,-1
183,44,833.00,266.00,47.00,108.00,1.00,-1,-1,-1
183,3,452.00,53.00,35.00,92.00,1.00,-1,-1,-1
183,52,626.00,319.00,55.00,120.00,1.00,-1,-1,-1
183,54,600.00,136.00,39.00,99.00,1.00,-1,-1,-1
183,27,1031.00,104.00,39.00,95.00,1.00,-1,-1,-1
183,62,1217.00,93.00,39.00,86.00,1.00,-1,-1,-1
183,43,42.00,73.00,36.00,84.00,1.00,-1,-1,-1
183,59,335.00,393.00,54.00,109.00,1.00,-1,-1,-1
183,7,705.00,162.00,40.00,100.00,1.00,-1,-1,-1
183,46,782.00,64.00,34.00,76.00,1.00,-1,-1,-1
183,17,546.00,0.00,28.00,79.00,1.00,-1,-1,-1
183,37,689.00,259.00,31.00,97.00,1.00,-1,-1,-1
183,48,465.00,328.00,49.00,128.00,1.00,-1,-1,-1
183,33,1188.00,93.00,31.00,80.00,1.00,-1,-1,-1
183,55,576.00,0.00,25.00,77.00,1.00,-1,-1,-1
183,53,481.00,12.00,27.00,84.00,1.00,-1,-1,-1
183,50,317.00,12.00,35.00,66.00,1.00,-1,-1,-1
183,45,133.00,598.00,74.00,122.00,1.00,-1,-1,-1
184,28,1213.00,344.00,64.00,127.00,1.00,-1,-1,-1
184,21,613.00,421.00,61.00,126.00,1.00,-1,-1,-1
184,14,351.00,508.00,65.00,115.00,1.00,-1,-1,-1
184,11,779.00,263.00,41.00,87.00,1.00,-1,-1,-1
184,44,832.00,262.00,48.00,105.00,1.00,-1,-1,-1
184,27,1029.00,103.00,41.00,96.00,1.00,-1,-1,-1
184,3,452.00,52.00,35.00,93.00,1.00,-1,-1,-1
184,52,627.00,320.00,55.00,120.00,1.00,-1,-1,-1
184,62,1217.00,93.00,39.00,86.00,1.00,-1,-1,-1
184,54,601.00,137.00,38.00,98.00,1.00,-1,-1,-1
184,43,41.00,74.00,36.00,84.00,1.00,-1,-1,-1
184,48,465.00,327.00,47.00,127.00,1.00,-1,-1,-1
184,59,335.00,395.00,55.00,109.00,1.00,-1,-1,-1
184,17,546.00,0.00,29.00,79.00,1.00,-1,-1,-1
184,46,782.00,64.00,34.00,74.00,1.00,-1,-1,-1
184,37,688.00,257.00,32.00,95.00,1.00,-1,-1,-1
184,33,1188.00,94.00,32.00,80.00,1.00,-1,-1,-1
184,50,318.00,12.00,40.00,67.00,1.00,-1,-1,-1
184,55,577.00,0.00,25.00,75.00,1.00,-1,-1,-1
184,7,705.00,161.00,40.00,101.00,1.00,-1,-1,-1
184,53,480.00,11.00,29.00,85.00,1.00,-1,-1,-1
185,28,1214.00,347.00,63.00,129.00,1.00,-1,-1,-1
185,21,613.00,422.00,59.00,125.00,1.00,-1,-1,-1
185,14,350.00,511.00,65.00,119.00,1.00,-1,-1,-1
185,44,834.00,258.00,45.00,107.00,1.00,-1,-1,-1
185,3,452.00,51.00,36.00,94.00,1.00,-1,-1,-1
185,27,1030.00,102.00,39.00,97.00,1.00,-1,-1,-1
185,59,335.00,397.00,54.00,109.00,1.00,-1,-1,-1
185,11,779.00,264.00,42.00,88.00,1.00,-1,-1,-1
185,63,0.00,417.00,64.00,105.00,1.00,-1,-1,-1
185,54,601.00,137.00,38.00,99.00,1.00,-1,-1,-1
185,62,1219.00,93.00,39.00,86.00,1.00,-1,-1,-1
185,43,41.00,74.00,37.00,84.00,1.00,-1,-1,-1
185,52,627.00,321.00,54.00,119.00,1.00,-1,-1,-1
185,48,465.00,324.00,45.00,128.00,1.00,-1,-1,-1
185,37,688.00,255.00,32.00,94.00,1.00,-1,-1,-1
185,17,546.00,0.00,29.00,79.00,1.00,-1,-1,-1
185,33,1188.00,94.00,33.00,81.00,1.00,-1,-1,-1
185,53,480.00,11.00,28.00,84.00,1.00,-1,-1,-1
185,46,782.00,63.00,34.00,74.00,1.00,-1,-1,-1
185,50,319.00,12.00,40.00,67.00,1.00,-1,-1,-1
185,45,135.00,606.00,66.00,113.00,1.00,-1,-1,-1
185,55,577.00,0.00,26.00,75.00,1.00,-1,-1,-1
185,7,706.00,161.00,38.00,99.00,1.00,-1,-1,-1
186,28,1214.00,351.00,64.00,129.00,1.00,-1,-1,-1
186,21,612.00,424.00,59.00,124.00,1.00,-1,-1,-1
186,45,137.00,609.00,66.00,111.00,1.00,-1,-1,-1
186,14,349.00,512.00,65.00,126.00,1.00,-1,-1,-1
186,3,452.00,51.00,37.00,94.00,1.00,-1,-1,-1
186,27,1029.00,101.00,39.00,98.00,1.00,-1,-1,-1
186,44,834.00,255.00,45.00,108.00,1.00,-1,-1,-1
186,59,334.00,399.00,54.00,111.00,1.00,-1,-1,-1
186,48,464.00,321.00,45.00,126.00,1.00,-1,-1,-1
186,52,628.00,322.00,54.00,118.00,1.00,-1,-1,-1
186,50,321.00,12.00,39.00,68.00,1.00,-1,-1,-1
186,54,601.00,138.00,38.00,99.00,1.00,-1,-1,-1
186,63,0.00,419.00,67.00,107.00,1.00,-1,-1,-1
186,43,40.00,74.00,38.00,84.00,1.00,-1,-1,-1
186,33,1187.00,95.00,35.00,80.00,1.00,-1,-1,-1
186,62,1220.00,93.00,38.00,86.00,1.00,-1,-1,-1
186,37,688.00,253.00,33.00,92.00,1.00,-1,-1,-1
186,17,547.00,0.00,28.00,79.00,1.00,-1,-1,-1
186,11,778.00,267.00,43.00,88.00,1.00,-1,-1,-1
186,53,480.00,8.00,28.00,87.00,1.00,-1,-1,-1
186,55,577.00,0.00,26.00,75.00,1.00,-1,-1,-1
186,46,783.00,63.00,33.00,74.00,1.00,-1,-1,-1
186,7,706.00,160.00,39.00,99.00,1.00,-1,-1,-1
186,60,223.00,306.00,36.00,97.00,1.00,-1,-1,-1
187,28,1213.00,351.00,64.00,132.00,1.00,-1,-1,-1
187,14,348.00,515.00,65.00,130.00,1.00,-1,-1,-1
187,21,612.00,425.00,59.00,123.00,1.00,-1,-1,-1
187,45,139.00,611.00,65.00,109.00,1.00,-1,-1,-1
187,52,628.00,323.00,55.00,118.00,1.00,-1,-1,-1
187,27,1029.00,101.00,38.00,97.00,1.00,-1,-1,-1
187,48,463.00,319.00,46.00,123.00,1.00,-1,-1,-1
187,44,834.00,254.00,45.00,108.00,1.00,-1,-1,-1
187,3,451.00,50.00,37.00,94.00,1.00,-1,-1,-1
187,59,334.00,401.00,54.00,111.00,1.00,-1,-1,-1
187,63,0.00,422.00,69.00,107.00,1.00,-1,-1,-1
187,54,601.00,139.00,38.00,98.00,1.00,-1,-1,-1
187,11,777.00,270.00,45.00,89.00,1.00,-1,-1,-1
187,43,40.00,75.00,37.00,83.00,1.00,-1,-1,-1
187,33,1187.00,96.00,36.00,79.00,1.00,-1,-1,-1
187,37,689.00,250.00,31.00,93.00,1.00,-1,-1,-1
187,62,1221.00,94.00,38.00,86.00,1.00,-1,-1,-1
187,17,547.00,0.00,28.00,78.00,1.00,-1,-1,-1
187,53,480.00,7.00,28.00,88.00,1.00,-1,-1,-1
187,55,578.00,0.00,25.00,74.00,1.00,-1,-1,-1
187,7,706.00,159.00,40.00,101.00,1.00,-1,-1,-1
187,46,782.00,62.00,35.00,75.00,1.00,-1,-1,-1
187,50,325.00,11.00,32.00,68.00,1.00,-1,-1,-1
187,60,223.00,306.00,36.00,97.00,1.00,-1,-1,-1
188,14,347.00,523.00,65.00,130.00,1.00,-1,-1,-1
188,45,142.00,618.00,65.00,101.00,1.00,-1,-1,-1
188,28,1216.00,358.00,63.00,130.00,1.00,-1,-1,-1
188,21,612.00,431.00,57.00,116.00,1.00,-1,-1,-1
188,59,333.00,404.00,52.00,109.00,1.00,-1,-1,-1
188,11,775.00,272.00,46.00,97.00,1.00,-1,-1,-1
188,27,1028.00,97.00,38.00,99.00,1.00,-1,-1,-1
188,52,629.00,326.00,56.00,118.00,1.00,-1,-1,-1
188,3,451.00,48.00,37.00,94.00,1.00,-1,-1,-1
188,54,601.00,140.00,38.00,97.00,1.00,-1,-1,-1
188,44,834.00,252.00,45.00,110.00,1.00,-1,-1,-1
188,62,1225.00,95.00,35.00,84.00,1.00,-1,-1,-1
188,43,38.00,75.00,39.00,84.00,1.00,-1,-1,-1
188,48,464.00,314.00,46.00,115.00,1.00,-1,-1,-1
188,33,1187.00,96.00,39.00,82.00,1.00,-1,-1,-1
188,37,689.00,247.00,31.00,94.00,1.00,-1,-1,-1
188,17,547.00,0.00,29.00,77.00,1.00,-1,-1,-1
188,55,579.00,0.00,24.00,72.00,1.00,-1,-1,-1
188,7,707.00,157.00,38.00,100.00,1.00,-1,-1,-1
188,46,784.00,62.00,35.00,75.00,1.00,-1,-1,-1
188,51,133.00,31.00,43.00,87.00,1.00,-1,-1,-1
188,53,480.00,8.00,27.00,86.00,1.00,-1,-1,-1
188,60,223.00,306.00,35.00,97.00,1.00,-1,-1,-1
188,63,2.00,426.00,69.00,111.00,1.00,-1,-1,-1
189,14,347.00,526.00,64.00,131.00,1.00,-1,-1,-1
189,45,143.00,620.00,65.00,100.00,1.00,-1,-1,-1
189,21,612.00,432.00,56.00,115.00,1.00,-1,-1,-1
189,59,332.00,405.00,52.00,109.00,1.00,-1,-1,-1
189,11,774.00,276.00,47.00,96.00,1.00,-1,-1,-1
189,27,1027.00,97.00,39.00,98.00,1.00,-1,-1,-1
189,52,629.00,327.00,56.00,121.00,1.00,-1,-1,-1
189,54,601.00,141.00,38.00,96.00,1.00,-1,-1,-1
189,28,1215.00,358.00,63.00,130.00,1.00,-1,-1,-1
189,44,833.00,250.00,46.00,113.00,1.00,-1,-1,-1
189,3,452.00,47.00,34.00,92.00,1.00,-1,-1,-1
189,62,1226.00,96.00,34.00,82.00,1.00,-1,-1,-1
189,48,464.00,311.00,46.00,115.00,1.00,-1,-1,-1
189,43,38.00,75.00,39.00,84.00,1.00,-1,-1,-1
189,46,785.00,61.00,34.00,75.00,1.00,-1,-1,-1
189,17,547.00,0.00,29.00,77.00,1.00,-1,-1,-1
189,37,690.00,247.00,30.00,94.00,1.00,-1,-1,-1
189,63,5.00,430.00,69.00,112.00,1.00,-1,-1,-1
189,7,707.00,155.00,39.00,99.00,1.00,-1,-1,-1
189,33,1187.00,98.00,40.00,80.00,1.00,-1,-1,-1
189,55,579.00,0.00,24.00,71.00,1.00,-1,-1,-1
189,51,133.00,32.00,42.00,87.00,1.00,-1,-1,-1
189,53,479.00,9.00,29.00,84.00,1.00,-1,-1,-1
189,60,223.00,306.00,35.00,97.00,1.00,-1,-1,-1
190,45,143.00,623.00,68.00,97.00,1.00,-1,-1,-1
190,14,345.00,528.00,65.00,132.00,1.00,-1,-1,-1
190,21,613.00,436.00,55.00,112.00,1.00,-1,-1,-1
190,11,774.00,277.00,48.00,96.00,1.00,-1,-1,-1
190,54,601.00,141.00,38.00,97.00,1.00,-1,-1,-1
190,59,332.00,407.00,52.00,107.00,1.00,-1,-1,-1
190,52,630.00,329.00,56.00,122.00,1.00,-1,-1,-1
190,48,464.00,310.00,46.00,115.00,1.00,-1,-1,-1
190,44,834.00,249.00,44.00,115.00,1.00,-1,-1,-1
190,27,1027.00,96.00,37.00,97.00,1.00,-1,-1,-1
190,3,452.00,46.00,34.00,91.00,1.00,-1,-1,-1
190,63,7.00,432.00,69.00,113.00,1.00,-1,-1,-1
190,62,1226.00,96.00,34.00,82.00,1.00,-1,-1,-1
190,7,708.00,155.00,38.00,96.00,1.00,-1,-1,-1
190,43,37.00,75.00,39.00,84.00,1.00,-1,-1,-1
190,28,1216.00,362.00,63.00,125.00,1.00,-1,-1,-1
190,37,690.00,246.00,29.00,96.00,1.00,-1,-1,-1
190,46,786.00,60.00,34.00,77.00,1.00,-1,-1,-1
190,17,547.00,0.00,29.00,76.00,1.00,-1,-1,-1
190,51,135.00,33.00,40.00,86.00,1.00,-1,-1,-1
190,53,478.00,11.00,30.00,81.00,1.00,-1,-1,-1
190,33,1187.00,98.00,42.00,80.00,1.00,-1,-1,-1
190,55,579.00,0.00,24.00,71.00,1.00,-1,-1,-1
190,60,223.00,306.00,35.00,98.00,1.00,-1,-1,-1
191,45,144.00,625.00,69.00,95.00,1.00,-1,-1,-1
191,14,344.00,530.00,65.00,132.00,1.00,-1,-1,-1
191,21,613.00,436.00,57.00,115.00,1.00,-1,-1,-1
191,54,601.00,142.00,38.00,97.00,1.00,-1,-1,-1
191,63,10.00,433.00,67.00,114.00,1.00,-1,-1,-1
191,52,631.00,332.00,56.00,124.00,1.00,-1,-1,-1
191,28,1217.00,362.00,62.00,126.00,1.00,-1,-1,-1
191,44,834.00,249.00,44.00,114.00,1.00,-1,-1,-1
191,11,775.00,279.00,47.00,94.00,1.00,-1,-1,-1
191,48,464.00,307.00,46.00,118.00,1.00,-1,-1,-1
191,3,452.00,44.00,36.00,92.00,1.00,-1,-1,-1
191,59,332.00,408.00,52.00,105.00,1.00,-1,-1,-1
191,27,1026.00,95.00,38.00,94.00,1.00,-1,-1,-1
191,62,1225.00,97.00,35.00,83.00,1.00,-1,-1,-1
191,7,709.00,155.00,39.00,94.00,1.00,-1,-1,-1
191,43,36.00,75.00,41.00,83.00,1.00,-1,-1,-1
191,37,689.00,244.00,30.00,98.00,1.00,-1,-1,-1
191,64,512.00,676.00,54.00,44.00,1.00,-1,-1,-1
191,53,478.00,10.00,30.00,82.00,1.00,-1,-1,-1
191,51,134.00,33.00,41.00,88.00,1.00,-1,-1,-1
191,55,579.00,0.00,25.00,71.00,1.00,-1,-1,-1
191,46,787.00,59.00,33.00,75.00,1.00,-1,-1,-1
191,17,547.00,0.00,27.00,75.00,1.00,-1,-1,-1
191,33,1188.00,98.00,42.00,80.00,1.00,-1,-1,-1
191,50,335.00,11.00,24.00,63.00,1.00,-1,-1,-1
191,60,223.00,306.00,35.00,97.00,1.00,-1,-1,-1
192,45,144.00,627.00,70.00,93.00,1.00,-1,-1,-1
192,14,344.00,532.00,64.00,130.00,1.00,-1,-1,-1
192,21,613.00,437.00,56.00,122.00,1.00,-1,-1,-1
192,28,1219.00,364.00,60.00,124.00,1.00,-1,-1,-1
192,54,601.00,143.00,38.00,99.00,1.00,-1,-1,-1
192,59,332.00,410.00,52.00,103.00,1.00,-1,-1,-1
192,52,630.00,334.00,58.00,126.00,1.00,-1,-1,-1
192,63,12.00,435.00,66.00,112.00,1.00,-1,-1,-1
192,11,775.00,281.00,47.00,93.00,1.00,-1,-1,-1
192,44,833.00,247.00,43.00,111.00,1.00,-1,-1,-1
192,3,452.00,42.00,35.00,90.00,1.00,-1,-1,-1
192,27,1025.00,92.00,38.00,92.00,1.00,-1,-1,-1
192,48,463.00,305.00,47.00,119.00,1.00,-1,-1,-1
192,64,512.00,673.00,54.00,47.00,1.00,-1,-1,-1
192,37,690.00,244.00,28.00,98.00,1.00,-1,-1,-1
192,62,1225.00,98.00,35.00,83.00,1.00,-1,-1,-1
192,7,710.00,153.00,40.00,94.00,1.00,-1,-1,-1
192,43,36.00,76.00,41.00,82.00,1.00,-1,-1,-1
192,51,135.00,34.00,40.00,88.00,1.00,-1,-1,-1
192,53,479.00,7.00,29.00,83.00,1.00,-1,-1,-1
192,17,547.00,0.00,28.00,74.00,1.00,-1,-1,-1
192,46,788.00,57.00,33.00,76.00,1.00,-1,-1,-1
192,50,337.00,11.00,26.00,68.00,1.00,-1,-1,-1
192,55,579.00,0.00,25.00,71.00,1.00,-1,-1,-1
192,30,1164.00,180.00,51.00,103.00,1.00,-1,-1,-1
192,60,223.00,306.00,35.00,97.00,1.00,-1,-1,-1
192,33,1187.00,99.00,44.00,79.00,1.00,-1,-1,-1
193,45,145.00,633.00,72.00,87.00,1.00,-1,-1,-1
193,21,614.00,445.00,56.00,125.00,1.00,-1,-1,-1
193,14,343.00,539.00,64.00,123.00,1.00,-1,-1,-1
193,54,600.00,146.00,39.00,101.00,1.00,-1,-1,-1
193,59,331.00,414.00,52.00,102.00,1.00,-1,-1,-1
193,11,779.00,283.00,43.00,88.00,1.00,-1,-1,-1
193,28,1222.00,368.00,57.00,120.00,1.00,-1,-1,-1
193,27,1024.00,90.00,38.00,93.00,1.00,-1,-1,-1
193,63,15.00,438.00,65.00,107.00,1.00,-1,-1,-1
193,52,632.00,340.00,58.00,125.00,1.00,-1,-1,-1
193,3,452.00,40.00,34.00,90.00,1.00,-1,-1,-1
193,44,831.00,244.00,45.00,111.00,1.00,-1,-1,-1
193,48,463.00,303.00,48.00,120.00,1.00,-1,-1,-1
193,37,689.00,243.00,28.00,96.00,1.00,-1,-1,-1
193,64,509.00,666.00,57.00,54.00,1.00,-1,-1,-1
193,7,710.00,149.00,40.00,95.00,1.00,-1,-1,-1
193,62,1225.00,99.00,36.00,86.00,1.00,-1,-1,-1
193,43,34.00,75.00,43.00,83.00,1.00,-1,-1,-1
193,46,788.00,54.00,33.00,76.00,1.00,-1,-1,-1
193,51,136.00,36.00,39.00,85.00,1.00,-1,-1,-1
193,50,339.00,12.00,29.00,66.00,1.00,-1,-1,-1
193,53,475.00,5.00,32.00,81.00,1.00,-1,-1,-1
193,60,222.00,306.00,36.00,97.00,1.00,-1,-1,-1
193,17,548.00,0.00,26.00,72.00,1.00,-1,-1,-1
193,33,1189.00,99.00,43.00,80.00,1.00,-1,-1,-1
194,45,145.00,638.00,73.00,82.00,1.00,-1,-1,-1
194,21,615.00,447.00,56.00,128.00,1.00,-1,-1,-1
194,14,343.00,540.00,64.00,122.00,1.00,-1,-1,-1
194,54,600.00,148.00,39.00,100.00,1.00,-1,-1,-1
194,59,331.00,415.00,52.00,106.00,1.00,-1,-1,-1
194,52,633.00,342.00,58.00,127.00,1.00,-1,-1,-1
194,27,1024.00,89.00,38.00,93.00,1.00,-1,-1,-1
194,63,15.00,439.00,66.00,105.00,1.00,-1,-1,-1
194,11,780.00,284.00,41.00,85.00,1.00,-1,-1,-1
194,44,829.00,243.00,46.00,108.00,1.00,-1,-1,-1
194,28,1224.00,368.00,55.00,119.00,1.00,-1,-1,-1
194,3,452.00,39.00,34.00,90.00,1.00,-1,-1,-1
194,48,464.00,302.00,48.00,121.00,1.00,-1,-1,-1
194,64,506.00,661.00,60.00,59.00,1.00,-1,-1,-1
194,7,709.00,146.00,40.00,97.00,1.00,-1,-1,-1
194,50,341.00,12.00,33.00,66.00,1.00,-1,-1,-1
194,51,136.00,36.00,39.00,85.00,1.00,-1,-1,-1
194,37,689.00,241.00,28.00,97.00,1.00,-1,-1,-1
194,43,34.00,75.00,41.00,84.00,1.00,-1,-1,-1
194,53,477.00,4.00,32.00,81.00,1.00,-1,-1,-1
194,46,788.00,54.00,34.00,75.00,1.00,-1,-1,-1
194,62,1226.00,100.00,35.00,86.00,1.00,-1,-1,-1
194,17,548.00,0.00,26.00,72.00,1.00,-1,-1,-1
194,60,223.00,306.00,35.00,97.00,1.00,-1,-1,-1
195,21,615.00,451.00,56.00,127.00,1.00,-1,-1,-1
195,45,146.00,642.00,72.00,78.00,1.00,-1,-1,-1
195,54,600.00,151.00,40.00,98.00,1.00,-1,-1,-1
195,52,634.00,343.00,57.00,130.00,1.00,-1,-1,-1
195,27,1023.00,87.00,39.00,94.00,1.00,-1,-1,-1
195,14,343.00,542.00,64.00,122.00,1.00,-1,-1,-1
195,59,331.00,419.00,52.00,109.00,1.00,-1,-1,-1
195,28,1225.00,371.00,54.00,120.00,1.00,-1,-1,-1
195,63,15.00,440.00,67.00,108.00,1.00,-1,-1,-1
195,64,505.00,659.00,61.00,61.00,1.00,-1,-1,-1
195,11,781.00,286.00,39.00,84.00,1.00,-1,-1,-1
195,44,829.00,239.00,45.00,105.00,1.00,-1,-1,-1
195,3,452.00,38.00,34.00,91.00,1.00,-1,-1,-1
195,7,709.00,145.00,41.00,99.00,1.00,-1,-1,-1
195,48,464.00,300.00,49.00,124.00,1.00,-1,-1,-1
195,37,689.00,238.00,28.00,98.00,1.00,-1,-1,-1
195,53,478.00,3.00,31.00,82.00,1.00,-1,-1,-1
195,46,788.00,54.00,34.00,74.00,1.00,-1,-1,-1
195,51,136.00,36.00,39.00,85.00,1.00,-1,-1,-1
195,50,343.00,13.00,35.00,66.00,1.00,-1,-1,-1
195,62,1226.00,100.00,36.00,88.00,1.00,-1,-1,-1
195,43,34.00,75.00,40.00,84.00,1.00,-1,-1,-1
195,60,222.00,307.00,37.00,99.00,1.00,-1,-1,-1
196,21,617.00,456.00,60.00,127.00,1.00,-1,-1,-1
196,54,600.00,153.00,40.00,98.00,1.00,-1,-1,-1
196,64,503.00,656.00,63.00,64.00,1.00,-1,-1,-1
196,52,635.00,345.00,56.00,128.00,1.00,-1,-1,-1
196,27,1022.00,86.00,39.00,95.00,1.00,-1,-1,-1
196,59,330.00,421.00,52.00,113.00,1.00,-1,-1,-1
196,14,343.00,543.00,66.00,120.00,1.00,-1,-1,-1
196,45,146.00,646.00,72.00,74.00,1.00,-1,-1,-1
196,63,15.00,442.00,68.00,108.00,1.00,-1,-1,-1
196,28,1226.00,373.00,53.00,126.00,1.00,-1,-1,-1
196,44,829.00,234.00,44.00,106.00,1.00,-1,-1,-1
196,11,782.00,287.00,38.00,88.00,1.00,-1,-1,-1
196,48,464.00,298.00,49.00,127.00,1.00,-1,-1,-1
196,7,710.00,144.00,41.00,98.00,1.00,-1,-1,-1
196,51,136.00,36.00,39.00,85.00,1.00,-1,-1,-1
196,37,690.00,237.00,27.00,94.00,1.00,-1,-1,-1
196,3,451.00,38.00,36.00,91.00,1.00,-1,-1,-1
196,53,477.00,3.00,32.00,81.00,1.00,-1,-1,-1
196,43,34.00,75.00,39.00,84.00,1.00,-1,-1,-1
196,62,1224.00,101.00,38.00,89.00,1.00,-1,-1,-1
196,50,344.00,13.00,36.00,65.00,1.00,-1,-1,-1
196,60,222.00,307.00,37.00,99.00,1.00,-1,-1,-1
196,46,788.00,54.00,33.00,74.00,1.00,-1,-1,-1
197,54,601.00,154.00,38.00,102.00,1.00,-1,-1,-1
197,64,504.00,654.00,62.00,66.00,1.00,-1,-1,-1
197,14,343.00,546.00,67.00,117.00,1.00,-1,-1,-1
197,52,636.00,347.00,55.00,128.00,1.00,-1,-1,-1
197,21,616.00,457.00,60.00,129.00,1.00,-1,-1,-1
197,27,1022.00,86.00,39.00,95.00,1.00,-1,-1,-1
197,59,331.00,424.00,50.00,113.00,1.00,-1,-1,-1
197,28,1228.00,375.00,51.00,134.00,1.00,-1,-1,-1
197,44,828.00,232.00,46.00,103.00,1.00,-1,-1,-1
197,48,464.00,296.00,50.00,129.00,1.00,-1,-1,-1
197,62,1227.00,103.00,35.00,89.00,1.00,-1,-1,-1
197,11,782.00,289.00,40.00,92.00,1.00,-1,-1,-1
197,63,16.00,445.00,68.00,111.00,1.00,-1,-1,-1
197,51,136.00,36.00,40.00,85.00,1.00,-1,-1,-1
197,7,710.00,144.00,41.00,99.00,1.00,-1,-1,-1
197,30,1166.00,190.00,50.00,106.00,1.00,-1,-1,-1
197,43,34.00,76.00,38.00,83.00,1.00,-1,-1,-1
197,3,452.00,37.00,34.00,91.00,1.00,-1,-1,-1
197,45,147.00,652.00,69.00,68.00,1.00,-1,-1,-1
197,53,477.00,2.00,33.00,80.00,1.00,-1,-1,-1
197,37,689.00,234.00,28.00,94.00,1.00,-1,-1,-1
197,46,788.00,54.00,33.00,74.00,1.00,-1,-1,-1
197,60,222.00,308.00,37.00,98.00,1.00,-1,-1,-1
198,21,618.00,462.00,59.00,126.00,1.00,-1,-1,-1
198,14,343.00,550.00,69.00,123.00,1.00,-1,-1,-1
198,64,504.00,647.00,62.00,73.00,1.00,-1,-1,-1
198,59,330.00,428.00,52.00,112.00,1.00,-1,-1,-1
198,52,634.00,349.00,58.00,126.00,1.00,-1,-1,-1
198,54,600.00,156.00,39.00,101.00,1.00,-1,-1,-1
198,27,1020.00,85.00,39.00,95.00,1.00,-1,-1,-1
198,44,826.00,228.00,47.00,103.00,1.00,-1,-1,-1
198,48,464.00,291.00,50.00,129.00,1.00,-1,-1,-1
198,62,1228.00,104.00,34.00,88.00,1.00,-1,-1,-1
198,28,1227.00,382.00,52.00,134.00,1.00,-1,-1,-1
198,45,148.00,659.00,68.00,61.00,1.00,-1,-1,-1
198,63,17.00,450.00,69.00,114.00,1.00,-1,-1,-1
198,3,451.00,34.00,36.00,93.00,1.00,-1,-1,-1
198,11,782.00,295.00,41.00,91.00,1.00,-1,-1,-1
198,7,709.00,143.00,41.00,100.00,1.00,-1,-1,-1
198,51,136.00,37.00,40.00,84.00,1.00,-1,-1,-1
198,37,689.00,230.00,28.00,90.00,1.00,-1,-1,-1
198,53,477.00,1.00,33.00,79.00,1.00,-1,-1,-1
198,60,222.00,308.00,37.00,98.00,1.00,-1,-1,-1
198,43,34.00,76.00,35.00,83.00,1.00,-1,-1,-1
198,50,348.00,13.00,35.00,65.00,1.00,-1,-1,-1
199,21,618.00,464.00,60.00,125.00,1.00,-1,-1,-1
199,14,343.00,554.00,69.00,128.00,1.00,-1,-1,-1
199,59,330.00,429.00,51.00,114.00,1.00,-1,-1,-1
199,52,634.00,350.00,58.00,126.00,1.00,-1,-1,-1
199,54,600.00,155.00,38.00,101.00,1.00,-1,-1,-1
199,27,1019.00,84.00,40.00,95.00,1.00,-1,-1,-1
199,44,826.00,227.00,47.00,104.00,1.00,-1,-1,-1
199,64,503.00,644.00,65.00,76.00,1.00,-1,-1,-1
199,48,464.00,288.00,50.00,131.00,1.00,-1,-1,-1
199,62,1229.00,104.00,33.00,89.00,1.00,-1,-1,-1
199,28,1229.00,383.00,50.00,136.00,1.00,-1,-1,-1
199,63,19.00,453.00,70.00,119.00,1.00,-1,-1,-1
199,45,152.00,664.00,64.00,56.00,1.00,-1,-1,-1
199,50,349.00,13.00,37.00,66.00,1.00,-1,-1,-1
199,3,452.00,34.00,35.00,93.00,1.00,-1,-1,-1
199,11,782.00,297.00,42.00,93.00,1.00,-1,-1,-1
199,51,136.00,38.00,41.00,84.00,1.00,-1,-1,-1
199,37,688.00,229.00,29.00,90.00,1.00,-1,-1,-1
199,7,709.00,143.00,41.00,100.00,1.00,-1,-1,-1
199,53,478.00,1.00,31.00,79.00,1.00,-1,-1,-1
199,43,33.00,76.00,36.00,84.00,1.00,-1,-1,-1
199,60,222.00,308.00,37.00,97.00,1.00,-1,-1,-1
199,46,787.00,53.00,36.00,75.00,1.00,-1,-1,-1
200,21,618.00,464.00,61.00,125.00,1.00,-1,-1,-1
200,14,343.00,557.00,70.00,133.00,1.00,-1,-1,-1
200,64,503.00,641.00,64.00,79.00,1.00,-1,-1,-1
200,27,1019.00,82.00,39.00,98.00,1.00,-1,-1,-1
200,54,599.00,156.00,39.00,100.00,1.00,-1,-1,-1
200,48,465.00,287.00,50.00,123.00,1.00,-1,-1,-1
200,52,635.00,351.00,57.00,124.00,1.00,-1,-1,-1
200,44,826.00,226.00,46.00,105.00,1.00,-1,-1,-1
200,59,330.00,432.00,51.00,114.00,1.00,-1,-1,-1
200,63,21.00,456.00,70.00,120.00,1.00,-1,-1,-1
200,62,1230.00,104.00,33.00,88.00,1.00,-1,-1,-1
200,3,452.00,34.00,34.00,92.00,1.00,-1,-1,-1
200,50,350.00,12.00,37.00,66.00,1.00,-1,-1,-1
200,28,1226.00,385.00,53.00,134.00,1.00,-1,-1,-1
200,37,688.00,228.00,29.00,90.00,1.00,-1,-1,-1
200,7,709.00,140.00,39.00,103.00,1.00,-1,-1,-1
200,45,153.00,667.00,62.00,53.00,1.00,-1,-1,-1
200,11,783.00,301.00,41.00,90.00,1.00,-1,-1,-1
200,53,479.00,0.00,31.00,80.00,1.00,-1,-1,-1
200,51,136.00,39.00,42.00,84.00,1.00,-1,-1,-1
200,60,222.00,308.00,37.00,98.00,1.00,-1,-1,-1
200,43,33.00,76.00,35.00,84.00,1.00,-1,-1,-1
200,46,787.00,52.00,36.00,76.00,1.00,-1,-1,-1
201,21,618.00,465.00,63.00,123.00,1.00,-1,-1,-1
201,14,343.00,560.00,70.00,134.00,1.00,-1,-1,-1
201,64,502.00,639.00,65.00,81.00,1.00,-1,-1,-1
201,54,599.00,155.00,38.00,101.00,1.00,-1,-1,-1
201,27,1018.00,81.00,40.00,98.00,1.00,-1,-1,-1
201,48,465.00,286.00,50.00,118.00,1.00,-1,-1,-1
201,44,826.00,225.00,46.00,106.00,1.00,-1,-1,-1
201,50,353.00,12.00,33.00,66.00,1.00,-1,-1,-1
201,63,24.00,459.00,68.00,120.00,1.00,-1,-1,-1
201,3,453.00,32.00,33.00,91.00,1.00,-1,-1,-1
201,52,637.00,353.00,56.00,121.00,1.00,-1,-1,-1
201,59,330.00,434.00,51.00,112.00,1.00,-1,-1,-1
201,62,1231.00,105.00,32.00,86.00,1.00,-1,-1,-1
201,11,785.00,302.00,41.00,97.00,1.00,-1,-1,-1
201,7,710.00,140.00,38.00,100.00,1.00,-1,-1,-1
201,37,687.00,227.00,29.00,90.00,1.00,-1,-1,-1
201,53,479.00,0.00,31.00,79.00,1.00,-1,-1,-1
201,45,153.00,671.00,63.00,49.00,1.00,-1,-1,-1
201,51,135.00,39.00,42.00,88.00,1.00,-1,-1,-1
201,46,786.00,51.00,39.00,75.00,1.00,-1,-1,-1
201,65,920.00,14.00,24.00,89.00,1.00,-1,-1,-1
202,21,619.00,467.00,63.00,121.00,1.00,-1,-1,-1
202,64,503.00,635.00,64.00,85.00,1.00,-1,-1,-1
202,14,344.00,563.00,69.00,134.00,1.00,-1,-1,-1
202,54,599.00,156.00,38.00,100.00,1.00,-1,-1,-1
202,48,465.00,283.00,50.00,117.00,1.00,-1,-1,-1
202,59,329.00,438.00,53.00,108.00,1.00,-1,-1,-1
202,44,825.00,224.00,46.00,107.00,1.00,-1,-1,-1
202,27,1018.00,80.00,39.00,98.00,1.00,-1,-1,-1
202,52,638.00,356.00,57.00,119.00,1.00,-1,-1,-1
202,3,454.00,31.00,32.00,90.00,1.00,-1,-1,-1
202,11,785.00,302.00,42.00,98.00,1.00,-1,-1,-1
202,62,1230.00,105.00,34.00,86.00,1.00,-1,-1,-1
202,50,355.00,11.00,30.00,67.00,1.00,-1,-1,-1
202,7,709.00,139.00,38.00,99.00,1.00,-1,-1,-1
202,53,479.00,0.00,32.00,78.00,1.00,-1,-1,-1
202,63,23.00,463.00,70.00,117.00,1.00,-1,-1,-1
202,45,154.00,673.00,63.00,47.00,1.00,-1,-1,-1
202,37,688.00,226.00,28.00,91.00,1.00,-1,-1,-1
202,51,135.00,39.00,43.00,89.00,1.00,-1,-1,-1
202,43,32.00,76.00,34.00,84.00,1.00,-1,-1,-1
202,65,920.00,14.00,24.00,89.00,1.00,-1,-1,-1
202,46,786.00,50.00,39.00,75.00,1.00,-1,-1,-1
203,21,619.00,470.00,64.00,119.00,1.00,-1,-1,-1
203,14,344.00,567.00,71.00,137.00,1.00,-1,-1,-1
203,64,506.00,627.00,62.00,93.00,1.00,-1,-1,-1
203,54,598.00,159.00,40.00,98.00,1.00,-1,-1,-1
203,48,464.00,280.00,50.00,112.00,1.00,-1,-1,-1
203,44,825.00,219.00,47.00,109.00,1.00,-1,-1,-1
203,27,1017.00,80.00,38.00,96.00,1.00,-1,-1,-1
203,3,455.00,28.00,31.00,87.00,1.00,-1,-1,-1
203,11,788.00,305.00,40.00,95.00,1.00,-1,-1,-1
203,62,1231.00,107.00,33.00,85.00,1.00,-1,-1,-1
203,52,638.00,359.00,58.00,126.00,1.00,-1,-1,-1
203,59,328.00,439.00,53.00,109.00,1.00,-1,-1,-1
203,53,480.00,0.00,32.00,74.00,1.00,-1,-1,-1
203,7,708.00,135.00,41.00,99.00,1.00,-1,-1,-1
203,50,362.00,10.00,21.00,67.00,1.00,-1,-1,-1
203,37,687.00,223.00,29.00,94.00,1.00,-1,-1,-1
203,46,785.00,48.00,41.00,73.00,1.00,-1,-1,-1
203,63,28.00,467.00,68.00,113.00,1.00,-1,-1,-1
203,51,135.00,41.00,42.00,89.00,1.00,-1,-1,-1
203,45,156.00,678.00,59.00,42.00,1.00,-1,-1,-1
203,33,1194.00,108.00,43.00,86.00,1.00,-1,-1,-1
203,66,623.00,0.00,33.00,70.00,1.00,-1,-1,-1
203,65,920.00,14.00,24.00,89.00,1.00,-1,-1,-1
204,64,506.00,623.00,62.00,97.00,1.00,-1,-1,-1
204,14,345.00,570.00,70.00,134.00,1.00,-1,-1,-1
204,21,619.00,473.00,65.00,122.00,1.00,-1,-1,-1
204,54,598.00,160.00,40.00,99.00,1.00,-1,-1,-1
204,44,826.00,217.00,46.00,110.00,1.00,-1,-1,-1
204,11,788.00,307.00,40.00,93.00,1.00,-1,-1,-1
204,52,640.00,363.00,58.00,128.00,1.00,-1,-1,-1
204,3,455.00,27.00,32.00,88.00,1.00,-1,-1,-1
204,27,1017.00,78.00,38.00,95.00,1.00,-1,-1,-1
204,48,463.00,279.00,50.00,111.00,1.00,-1,-1,-1
204,62,1231.00,107.00,34.00,85.00,1.00,-1,-1,-1
204,7,708.00,134.00,42.00,98.00,1.00,-1,-1,-1
204,53,481.00,0.00,31.00,73.00,1.00,-1,-1,-1
204,59,327.00,442.00,54.00,105.00,1.00,-1,-1,-1
204,63,28.00,468.00,70.00,112.00,1.00,-1,-1,-1
204,50,364.00,10.00,20.00,68.00,1.00,-1,-1,-1
204,46,786.00,47.00,40.00,73.00,1.00,-1,-1,-1
204,51,134.00,42.00,44.00,89.00,1.00,-1,-1,-1
204,37,686.00,222.00,29.00,94.00,1.00,-1,-1,-1
204,65,920.00,14.00,24.00,89.00,1.00,-1,-1,-1
204,66,623.00,0.00,33.00,72.00,1.00,-1,-1,-1
204,43,31.00,77.00,35.00,86.00,1.00,-1,-1,-1
205,21,618.00,476.00,63.00,126.00,1.00,-1,-1,-1
205,14,346.00,575.00,70.00,130.00,1.00,-1,-1,-1
205,64,507.00,621.00,61.00,99.00,1.00,-1,-1,-1
205,54,599.00,162.00,39.00,100.00,1.00,-1,-1,-1
205,44,827.00,216.00,45.00,109.00,1.00,-1,-1,-1
205,52,641.00,366.00,58.00,131.00,1.00,-1,-1,-1
205,11,789.00,308.00,39.00,92.00,1.00,-1,-1,-1
205,3,455.00,26.00,32.00,87.00,1.00,-1,-1,-1
205,48,463.00,278.00,49.00,114.00,1.00,-1,-1,-1
205,27,1018.00,77.00,37.00,92.00,1.00,-1,-1,-1
205,53,481.00,0.00,30.00,72.00,1.00,-1,-1,-1
205,7,708.00,131.00,41.00,97.00,1.00,-1,-1,-1
205,62,1231.00,108.00,34.00,84.00,1.00,-1,-1,-1
205,59,327.00,445.00,55.00,102.00,1.00,-1,-1,-1
205,46,787.00,46.00,40.00,71.00,1.00,-1,-1,-1
205,37,686.00,220.00,29.00,95.00,1.00,-1,-1,-1
205,66,623.00,0.00,33.00,72.00,1.00,-1,-1,-1
205,50,366.00,10.00,20.00,68.00,1.00,-1,-1,-1
205,30,1171.00,196.00,53.00,107.00,1.00,-1,-1,-1
205,63,29.00,468.00,71.00,113.00,1.00,-1,-1,-1
205,51,135.00,43.00,43.00,89.00,1.00,-1,-1,-1
205,65,920.00,14.00,24.00,89.00,1.00,-1,-1,-1
206,21,617.00,478.00,66.00,132.00,1.00,-1,-1,-1
206,64,506.00,616.00,61.00,104.00,1.00,-1,-1,-1
206,14,345.00,576.00,72.00,129.00,1.00,-1,-1,-1
206,54,600.00,164.00,38.00,100.00,1.00,-1,-1,-1
206,44,828.00,214.00,44.00,108.00,1.00,-1,-1,-1
206,62,1230.00,109.00,35.00,85.00,1.00,-1,-1,-1
206,11,788.00,310.00,41.00,90.00,1.00,-1,-1,-1
206,52,641.00,369.00,57.00,129.00,1.00,-1,-1,-1
206,3,455.00,26.00,32.00,85.00,1.00,-1,-1,-1
206,66,623.00,0.00,33.00,74.00,1.00,-1,-1,-1
206,53,482.00,0.00,29.00,71.00,1.00,-1,-1,-1
206,27,1017.00,73.00,37.00,94.00,1.00,-1,-1,-1
206,48,462.00,276.00,48.00,116.00,1.00,-1,-1,-1
206,7,707.00,128.00,42.00,97.00,1.00,-1,-1,-1
206,30,1171.00,197.00,54.00,107.00,1.00,-1,-1,-1
206,46,788.00,45.00,39.00,70.00,1.00,-1,-1,-1
206,37,686.00,218.00,28.00,97.00,1.00,-1,-1,-1
206,50,367.00,10.00,21.00,68.00,1.00,-1,-1,-1
206,63,31.00,469.00,71.00,112.00,1.00,-1,-1,-1
206,59,327.00,446.00,55.00,100.00,1.00,-1,-1,-1
206,33,1194.00,111.00,41.00,85.00,1.00,-1,-1,-1
206,65,920.00,14.00,24.00,89.00,1.00,-1,-1,-1
206,51,135.00,44.00,44.00,89.00,1.00,-1,-1,-1
207,21,615.00,481.00,68.00,131.00,1.00,-1,-1,-1
207,64,505.00,611.00,62.00,108.00,1.00,-1,-1,-1
207,14,346.00,578.00,71.00,127.00,1.00,-1,-1,-1
207,11,785.00,310.00,45.00,91.00,1.00,-1,-1,-1
207,44,827.00,211.00,45.00,105.00,1.00,-1,-1,-1
207,62,1231.00,110.00,35.00,85.00,1.00,-1,-1,-1
207,52,641.00,371.00,58.00,131.00,1.00,-1,-1,-1
207,54,600.00,166.00,38.00,100.00,1.00,-1,-1,-1
207,66,624.00,0.00,32.00,75.00,1.00,-1,-1,-1
207,3,455.00,24.00,32.00,87.00,1.00,-1,-1,-1
207,27,1017.00,71.00,37.00,93.00,1.00,-1,-1,-1
207,7,707.00,127.00,42.00,96.00,1.00,-1,-1,-1
207,53,482.00,0.00,29.00,70.00,1.00,-1,-1,-1
207,48,462.00,275.00,47.00,118.00,1.00,-1,-1,-1
207,50,367.00,10.00,23.00,69.00,1.00,-1,-1,-1
207,33,1195.00,112.00,41.00,85.00,1.00,-1,-1,-1
207,59,327.00,448.00,54.00,101.00,1.00,-1,-1,-1
207,30,1172.00,199.00,53.00,109.00,1.00,-1,-1,-1
207,46,792.00,45.00,35.00,68.00,1.00,-1,-1,-1
207,37,685.00,217.00,29.00,95.00,1.00,-1,-1,-1
207,63,32.00,472.00,70.00,108.00,1.00,-1,-1,-1
207,65,920.00,14.00,24.00,89.00,1.00,-1,-1,-1
207,51,134.00,46.00,44.00,88.00,1.00,-1,-1,-1
208,21,615.00,491.00,67.00,130.00,1.00,-1,-1,-1
208,64,504.00,606.00,65.00,113.00,1.00,-1,-1,-1
208,14,345.00,583.00,70.00,120.00,1.00,-1,-1,-1
208,62,1232.00,110.00,36.00,89.00,1.00,-1,-1,-1
208,52,644.00,374.00,58.00,134.00,1.00,-1,-1,-1
208,44,827.00,207.00,43.00,100.00,1.00,-1,-1,-1
208,63,40.00,475.00,70.00,107.00,1.00,-1,-1,-1
208,66,625.00,0.00,33.00,78.00,1.00,-1,-1,-1
208,3,455.00,23.00,33.00,89.00,1.00,-1,-1,-1
208,54,600.00,169.00,38.00,100.00,1.00,-1,-1,-1
208,27,1015.00,71.00,38.00,93.00,1.00,-1,-1,-1
208,11,784.00,317.00,47.00,94.00,1.00,-1,-1,-1
208,7,706.00,126.00,42.00,95.00,1.00,-1,-1,-1
208,48,463.00,272.00,46.00,120.00,1.00,-1,-1,-1
208,59,327.00,454.00,54.00,108.00,1.00,-1,-1,-1
208,33,1197.00,113.00,40.00,83.00,1.00,-1,-1,-1
208,53,482.00,0.00,29.00,69.00,1.00,-1,-1,-1
208,50,368.00,13.00,31.00,67.00,1.00,-1,-1,-1
208,30,1173.00,205.00,52.00,109.00,1.00,-1,-1,-1
208,37,685.00,213.00,29.00,91.00,1.00,-1,-1,-1
208,46,794.00,44.00,33.00,68.00,1.00,-1,-1,-1
208,43,31.00,78.00,33.00,87.00,1.00,-1,-1,-1
209,21,617.00,492.00,65.00,134.00,1.00,-1,-1,-1
209,64,505.00,604.00,65.00,116.00,1.00,-1,-1,-1
209,14,344.00,584.00,70.00,119.00,1.00,-1,-1,-1
209,62,1231.00,111.00,37.00,89.00,1.00,-1,-1,-1
209,44,827.00,204.00,43.00,101.00,1.00,-1,-1,-1
209,11,783.00,317.00,48.00,101.00,1.00,-1,-1,-1
209,66,625.00,0.00,34.00,78.00,1.00,-1,-1,-1
209,52,644.00,377.00,59.00,131.00,1.00,-1,-1,-1
209,3,456.00,23.00,32.00,89.00,1.00,-1,-1,-1
209,27,1013.00,71.00,39.00,93.00,1.00,-1,-1,-1
209,63,43.00,478.00,70.00,106.00,1.00,-1,-1,-1
209,54,601.00,170.00,36.00,99.00,1.00,-1,-1,-1
209,59,326.00,457.00,55.00,110.00,1.00,-1,-1,-1
209,33,1198.00,114.00,39.00,81.00,1.00,-1,-1,-1
209,48,464.00,271.00,45.00,121.00,1.00,-1,-1,-1
209,50,368.00,12.00,34.00,68.00,1.00,-1,-1,-1
209,7,706.00,126.00,40.00,94.00,1.00,-1,-1,-1
209,53,482.00,0.00,27.00,68.00,1.00,-1,-1,-1
209,37,684.00,211.00,30.00,92.00,1.00,-1,-1,-1
210,21,617.00,495.00,64.00,134.00,1.00,-1,-1,-1
210,64,504.00,601.00,68.00,119.00,1.00,-1,-1,-1
210,62,1232.00,111.00,37.00,89.00,1.00,-1,-1,-1
210,14,344.00,586.00,69.00,123.00,1.00,-1,-1,-1
210,44,827.00,202.00,43.00,103.00,1.00,-1,-1,-1
210,27,1010.00,71.00,41.00,93.00,1.00,-1,-1,-1
210,11,782.00,319.00,49.00,101.00,1.00,-1,-1,-1
210,3,455.00,22.00,33.00,90.00,1.00,-1,-1,-1
210,63,45.00,481.00,73.00,110.00,1.00,-1,-1,-1
210,59,326.00,459.00,55.00,114.00,1.00,-1,-1,-1
210,66,625.00,0.00,35.00,78.00,1.00,-1,-1,-1
210,33,1199.00,115.00,38.00,80.00,1.00,-1,-1,-1
210,54,601.00,171.00,36.00,101.00,1.00,-1,-1,-1
210,50,369.00,12.00,34.00,68.00,1.00,-1,-1,-1
210,52,646.00,380.00,58.00,126.00,1.00,-1,-1,-1
210,48,463.00,270.00,46.00,122.00,1.00,-1,-1,-1
210,7,705.00,125.00,40.00,95.00,1.00,-1,-1,-1
210,37,684.00,210.00,30.00,89.00,1.00,-1,-1,-1
210,53,483.00,0.00,26.00,67.00,1.00,-1,-1,-1
211,21,617.00,497.00,64.00,133.00,1.00,-1,-1,-1
211,64,504.00,598.00,68.00,122.00,1.00,-1,-1,-1
211,62,1231.00,111.00,39.00,92.00,1.00,-1,-1,-1
211,14,344.00,591.00,68.00,125.00,1.00,-1,-1,-1
211,11,781.00,322.00,51.00,100.00,1.00,-1,-1,-1
211,27,1009.00,71.00,42.00,92.00,1.00,-1,-1,-1
211,44,827.00,201.00,43.00,103.00,1.00,-1,-1,-1
211,3,455.00,22.00,34.00,90.00,1.00,-1,-1,-1
211,66,624.00,0.00,37.00,78.00,1.00,-1,-1,-1
211,54,603.00,174.00,35.00,96.00,1.00,-1,-1,-1
211,37,683.00,208.00,30.00,89.00,1.00,-1,-1,-1
211,48,463.00,269.00,45.00,121.00,1.00,-1,-1,-1
211,33,1201.00,115.00,37.00,80.00,1.00,-1,-1,-1
211,59,325.00,461.00,56.00,114.00,1.00,-1,-1,-1
211,7,706.00,124.00,38.00,96.00,1.00,-1,-1,-1
211,50,370.00,13.00,35.00,67.00,1.00,-1,-1,-1
211,52,648.00,383.00,56.00,123.00,1.00,-1,-1,-1
211,53,483.00,0.00,25.00,67.00,1.00,-1,-1,-1
212,21,616.00,500.00,65.00,130.00,1.00,-1,-1,-1
212,64,505.00,597.00,66.00,123.00,1.00,-1,-1,-1
212,14,345.00,594.00,64.00,125.00,1.00,-1,-1,-1
212,62,1232.00,112.00,39.00,92.00,1.00,-1,-1,-1
212,11,781.00,325.00,52.00,100.00,1.00,-1,-1,-1
212,27,1008.00,70.00,43.00,93.00,1.00,-1,-1,-1
212,3,455.00,20.00,34.00,91.00,1.00,-1,-1,-1
212,66,624.00,0.00,36.00,79.00,1.00,-1,-1,-1
212,44,826.00,200.00,44.00,105.00,1.00,-1,-1,-1
212,54,603.00,175.00,35.00,96.00,1.00,-1,-1,-1
212,52,648.00,383.00,57.00,123.00,1.00,-1,-1,-1
212,59,325.00,463.00,55.00,115.00,1.00,-1,-1,-1
212,33,1203.00,115.00,34.00,80.00,1.00,-1,-1,-1
212,37,684.00,207.00,29.00,88.00,1.00,-1,-1,-1
212,48,463.00,266.00,45.00,123.00,1.00,-1,-1,-1
212,50,371.00,14.00,36.00,66.00,1.00,-1,-1,-1
212,7,706.00,124.00,38.00,97.00,1.00,-1,-1,-1
212,28,1244.00,439.00,35.00,119.00,1.00,-1,-1,-1
212,53,483.00,0.00,25.00,67.00,1.00,-1,-1,-1
212,65,920.00,14.00,24.00,89.00,1.00,-1,-1,-1
213,21,616.00,503.00,63.00,127.00,1.00,-1,-1,-1
213,64,505.00,592.00,60.00,128.00,1.00,-1,-1,-1
213,14,344.00,599.00,63.00,119.00,1.00,-1,-1,-1
213,54,602.00,176.00,36.00,100.00,1.00,-1,-1,-1
213,11,784.00,329.00,49.00,97.00,1.00,-1,-1,-1
213,62,1228.00,115.00,43.00,91.00,1.00,-1,-1,-1
213,33,1205.00,116.00,33.00,79.00,1.00,-1,-1,-1
213,66,624.00,0.00,36.00,79.00,1.00,-1,-1,-1
213,52,647.00,385.00,60.00,121.00,1.00,-1,-1,-1
213,27,1009.00,67.00,39.00,93.00,1.00,-1,-1,-1
213,44,828.00,199.00,40.00,106.00,1.00,-1,-1,-1
213,3,455.00,18.00,32.00,92.00,1.00,-1,-1,-1
213,37,686.00,206.00,27.00,88.00,1.00,-1,-1,-1
213,48,461.00,263.00,47.00,124.00,1.00,-1,-1,-1
213,7,708.00,123.00,37.00,96.00,1.00,-1,-1,-1
213,50,376.00,12.00,34.00,70.00,1.00,-1,-1,-1
213,53,483.00,0.00,25.00,69.00,1.00,-1,-1,-1
214,21,616.00,505.00,63.00,125.00,1.00,-1,-1,-1
214,64,504.00,588.00,61.00,132.00,1.00,-1,-1,-1
214,14,344.00,604.00,62.00,114.00,1.00,-1,-1,-1
214,54,601.00,177.00,38.00,100.00,1.00,-1,-1,-1
214,11,784.00,331.00,49.00,96.00,1.00,-1,-1,-1
214,62,1229.00,118.00,42.00,89.00,1.00,-1,-1,-1
214,33,1206.00,117.00,32.00,79.00,1.00,-1,-1,-1
214,27,1008.00,66.00,39.00,92.00,1.00,-1,-1,-1
214,66,623.00,0.00,37.00,80.00,1.00,-1,-1,-1
214,44,828.00,198.00,40.00,107.00,1.00,-1,-1,-1
214,52,647.00,386.00,60.00,120.00,1.00,-1,-1,-1
214,3,455.00,17.00,31.00,88.00,1.00,-1,-1,-1
214,37,686.00,203.00,27.00,92.00,1.00,-1,-1,-1
214,48,460.00,263.00,47.00,122.00,1.00,-1,-1,-1
214,7,709.00,123.00,40.00,97.00,1.00,-1,-1,-1
214,50,378.00,11.00,33.00,71.00,1.00,-1,-1,-1
214,53,483.00,0.00,26.00,68.00,1.00,-1,-1,-1
214,43,30.00,81.00,33.00,84.00,1.00,-1,-1,-1
215,21,618.00,508.00,61.00,121.00,1.00,-1,-1,-1
215,64,504.00,583.00,61.00,134.00,1.00,-1,-1,-1
215,54,601.00,178.00,39.00,99.00,1.00,-1,-1,-1
215,14,342.00,607.00,62.00,111.00,1.00,-1,-1,-1
215,11,788.00,332.00,46.00,95.00,1.00,-1,-1,-1
215,27,1008.00,64.00,38.00,93.00,1.00,-1,-1,-1
215,44,827.00,196.00,41.00,107.00,1.00,-1,-1,-1
215,62,1231.00,119.00,42.00,88.00,1.00,-1,-1,-1
215,52,647.00,388.00,60.00,123.00,1.00,-1,-1,-1
215,66,622.00,0.00,38.00,82.00,1.00,-1,-1,-1
215,33,1206.00,118.00,33.00,80.00,1.00,-1,-1,-1
215,3,455.00,15.00,31.00,88.00,1.00,-1,-1,-1
215,48,458.00,259.00,48.00,121.00,1.00,-1,-1,-1
215,37,686.00,202.00,26.00,93.00,1.00,-1,-1,-1
215,7,710.00,120.00,37.00,97.00,1.00,-1,-1,-1
215,50,380.00,12.00,31.00,70.00,1.00,-1,-1,-1
215,43,29.00,81.00,34.00,84.00,1.00,-1,-1,-1
215,65,920.00,14.00,24.00,89.00,1.00,-1,-1,-1
215,51,133.00,51.00,43.00,86.00,1.00,-1,-1,-1
215,63,59.00,495.00,67.00,113.00,1.00,-1,-1,-1
216,21,617.00,511.00,63.00,121.00,1.00,-1,-1,-1
216,54,601.00,179.00,40.00,99.00,1.00,-1,-1,-1
216,64,504.00,581.00,60.00,134.00,1.00,-1,-1,-1
216,14,342.00,610.00,61.00,108.00,1.00,-1,-1,-1
216,52,648.00,390.00,59.00,130.00,1.00,-1,-1,-1
216,62,1229.00,120.00,45.00,87.00,1.00,-1,-1,-1
216,11,790.00,333.00,45.00,94.00,1.00,-1,-1,-1
216,44,826.00,194.00,41.00,106.00,1.00,-1,-1,-1
216,27,1008.00,64.00,37.00,91.00,1.00,-1,-1,-1
216,33,1206.00,119.00,33.00,81.00,1.00,-1,-1,-1
216,48,460.00,258.00,45.00,115.00,1.00,-1,-1,-1
216,3,456.00,15.00,30.00,84.00,1.00,-1,-1,-1
216,66,621.00,0.00,39.00,83.00,1.00,-1,-1,-1
216,43,29.00,81.00,34.00,84.00,1.00,-1,-1,-1
216,37,685.00,201.00,28.00,94.00,1.00,-1,-1,-1
216,7,711.00,119.00,39.00,97.00,1.00,-1,-1,-1
216,51,133.00,51.00,44.00,86.00,1.00,-1,-1,-1
216,63,60.00,496.00,68.00,112.00,1.00,-1,-1,-1
216,50,383.00,13.00,27.00,70.00,1.00,-1,-1,-1
216,65,920.00,14.00,24.00,89.00,1.00,-1,-1,-1
217,21,617.00,512.00,64.00,128.00,1.00,-1,-1,-1
217,64,503.00,577.00,62.00,131.00,1.00,-1,-1,-1
217,54,600.00,182.00,41.00,98.00,1.00,-1,-1,-1
217,14,341.00,613.00,61.00,105.00,1.00,-1,-1,-1
217,52,648.00,394.00,60.00,131.00,1.00,-1,-1,-1
217,48,461.00,256.00,45.00,112.00,1.00,-1,-1,-1
217,44,825.00,193.00,42.00,105.00,1.00,-1,-1,-1
217,11,792.00,334.00,44.00,94.00,1.00,-1,-1,-1
217,3,456.00,13.00,31.00,86.00,1.00,-1,-1,-1
217,62,1231.00,120.00,46.00,87.00,1.00,-1,-1,-1
217,27,1008.00,63.00,36.00,89.00,1.00,-1,-1,-1
217,33,1206.00,120.00,33.00,81.00,1.00,-1,-1,-1
217,66,621.00,0.00,38.00,84.00,1.00,-1,-1,-1
217,37,686.00,201.00,26.00,93.00,1.00,-1,-1,-1
217,50,388.00,12.00,22.00,70.00,1.00,-1,-1,-1
217,7,711.00,117.00,39.00,97.00,1.00,-1,-1,-1
217,43,29.00,82.00,34.00,83.00,1.00,-1,-1,-1
217,59,321.00,476.00,55.00,108.00,1.00,-1,-1,-1
217,65,920.00,14.00,24.00,89.00,1.00,-1,-1,-1
218,64,503.00,570.00,61.00,123.00,1.00,-1,-1,-1
218,21,619.00,521.00,63.00,137.00,1.00,-1,-1,-1
218,14,337.00,620.00,65.00,100.00,1.00,-1,-1,-1
218,54,600.00,186.00,41.00,101.00,1.00,-1,-1,-1
218,52,649.00,398.00,59.00,138.00,1.00,-1,-1,-1
218,11,792.00,339.00,44.00,95.00,1.00,-1,-1,-1
218,44,823.00,188.00,44.00,101.00,1.00,-1,-1,-1
218,27,1006.00,60.00,36.00,90.00,1.00,-1,-1,-1
218,48,462.00,252.00,43.00,110.00,1.00,-1,-1,-1
218,66,623.00,1.00,36.00,84.00,1.00,-1,-1,-1
218,3,455.00,13.00,32.00,85.00,1.00,-1,-1,-1
218,33,1206.00,122.00,34.00,81.00,1.00,-1,-1,-1
218,50,390.00,12.00,23.00,69.00,1.00,-1,-1,-1
218,37,685.00,199.00,27.00,93.00,1.00,-1,-1,-1
218,7,711.00,113.00,39.00,92.00,1.00,-1,-1,-1
218,62,1233.00,120.00,46.00,87.00,1.00,-1,-1,-1
218,43,29.00,83.00,34.00,82.00,1.00,-1,-1,-1
218,63,62.00,499.00,69.00,108.00,1.00,-1,-1,-1
218,65,920.00,14.00,24.00,89.00,1.00,-1,-1,-1
218,30,1174.00,220.00,54.00,105.00,1.00,-1,-1,-1
218,59,321.00,479.00,53.00,106.00,1.00,-1,-1,-1
219,64,503.00,567.00,60.00,117.00,1.00,-1,-1,-1
219,21,621.00,524.00,61.00,139.00,1.00,-1,-1,-1
219,14,337.00,623.00,65.00,97.00,1.00,-1,-1,-1
219,54,600.00,187.00,41.00,103.00,1.00,-1,-1,-1
219,11,793.00,342.00,44.00,97.00,1.00,-1,-1,-1
219,44,823.00,186.00,43.00,98.00,1.00,-1,-1,-1
219,52,650.00,401.00,59.00,135.00,1.00,-1,-1,-1
219,27,1006.00,58.00,36.00,90.00,1.00,-1,-1,-1
219,66,623.00,2.00,35.00,83.00,1.00,-1,-1,-1
219,48,462.00,249.00,44.00,112.00,1.00,-1,-1,-1
219,3,455.00,13.00,32.00,85.00,1.00,-1,-1,-1
219,33,1206.00,123.00,33.00,81.00,1.00,-1,-1,-1
219,7,711.00,112.00,40.00,92.00,1.00,-1,-1,-1
219,50,392.00,12.00,24.00,70.00,1.00,-1,-1,-1
219,37,686.00,197.00,27.00,93.00,1.00,-1,-1,-1
219,63,62.00,501.00,71.00,113.00,1.00,-1,-1,-1
219,30,1173.00,221.00,55.00,104.00,1.00,-1,-1,-1
219,51,133.00,56.00,44.00,88.00,1.00,-1,-1,-1
219,43,28.00,83.00,35.00,82.00,1.00,-1,-1,-1
219,59,320.00,481.00,53.00,104.00,1.00,-1,-1,-1
219,65,920.00,14.00,24.00,89.00,1.00,-1,-1,-1
219,62,1234.00,120.00,45.00,87.00,1.00,-1,-1,-1
219,46,805.00,3.00,34.00,102.00,1.00,-1,-1,-1
220,21,621.00,527.00,62.00,138.00,1.00,-1,-1,-1
220,64,502.00,564.00,60.00,118.00,1.00,-1,-1,-1
220,44,822.00,183.00,44.00,98.00,1.00,-1,-1,-1
220,54,600.00,187.00,40.00,105.00,1.00,-1,-1,-1
220,14,335.00,624.00,68.00,96.00,1.00,-1,-1,-1
220,11,794.00,344.00,45.00,100.00,1.00,-1,-1,-1
220,52,651.00,404.00,58.00,137.00,1.00,-1,-1,-1
220,63,64.00,504.00,71.00,120.00,1.00,-1,-1,-1
220,30,1174.00,222.00,55.00,102.00,1.00,-1,-1,-1
220,27,1006.00,56.00,36.00,92.00,1.00,-1,-1,-1
220,66,623.00,4.00,35.00,82.00,1.00,-1,-1,-1
220,3,455.00,9.00,33.00,89.00,1.00,-1,-1,-1
220,48,463.00,247.00,43.00,114.00,1.00,-1,-1,-1
220,33,1206.00,124.00,33.00,80.00,1.00,-1,-1,-1
220,50,392.00,12.00,25.00,68.00,1.00,-1,-1,-1
220,7,712.00,111.00,40.00,93.00,1.00,-1,-1,-1
220,37,685.00,194.00,28.00,93.00,1.00,-1,-1,-1
220,51,133.00,56.00,44.00,88.00,1.00,-1,-1,-1
220,43,28.00,82.00,35.00,83.00,1.00,-1,-1,-1
220,59,320.00,484.00,53.00,101.00,1.00,-1,-1,-1
220,46,806.00,3.00,33.00,102.00,1.00,-1,-1,-1
220,65,920.00,14.00,24.00,89.00,1.00,-1,-1,-1
220,62,1234.00,120.00,45.00,88.00,1.00,-1,-1,-1
221,21,621.00,528.00,62.00,140.00,1.00,-1,-1,-1
221,14,335.00,625.00,69.00,95.00,1.00,-1,-1,-1
221,64,501.00,561.00,60.00,119.00,1.00,-1,-1,-1
221,54,600.00,190.00,41.00,104.00,1.00,-1,-1,-1
221,44,822.00,182.00,42.00,97.00,1.00,-1,-1,-1
221,52,651.00,405.00,60.00,138.00,1.00,-1,-1,-1
221,63,63.00,508.00,75.00,124.00,1.00,-1,-1,-1
221,27,1005.00,55.00,35.00,93.00,1.00,-1,-1,-1
221,11,796.00,348.00,44.00,98.00,1.00,-1,-1,-1
221,30,1174.00,223.00,54.00,104.00,1.00,-1,-1,-1
221,37,686.00,194.00,27.00,88.00,1.00,-1,-1,-1
221,48,463.00,247.00,43.00,110.00,1.00,-1,-1,-1
221,3,455.00,12.00,33.00,86.00,1.00,-1,-1,-1
221,66,623.00,4.00,34.00,83.00,1.00,-1,-1,-1
221,33,1205.00,123.00,36.00,82.00,1.00,-1,-1,-1
221,7,711.00,111.00,40.00,91.00,1.00,-1,-1,-1
221,51,133.00,57.00,44.00,89.00,1.00,-1,-1,-1
221,50,393.00,13.00,26.00,68.00,1.00,-1,-1,-1
221,43,28.00,83.00,35.00,82.00,1.00,-1,-1,-1
221,62,1231.00,121.00,48.00,87.00,1.00,-1,-1,-1
221,65,920.00,14.00,24.00,89.00,1.00,-1,-1,-1
222,14,335.00,630.00,70.00,90.00,1.00,-1,-1,-1
222,21,622.00,533.00,61.00,140.00,1.00,-1,-1,-1
222,64,500.00,559.00,59.00,121.00,1.00,-1,-1,-1
222,63,65.00,511.00,75.00,127.00,1.00,-1,-1,-1
222,54,600.00,191.00,41.00,105.00,1.00,-1,-1,-1
222,44,821.00,180.00,43.00,98.00,1.00,-1,-1,-1
222,52,653.00,410.00,62.00,136.00,1.00,-1,-1,-1
222,48,464.00,245.00,43.00,113.00,1.00,-1,-1,-1
222,27,1003.00,55.00,36.00,94.00,1.00,-1,-1,-1
222,37,686.00,191.00,27.00,88.00,1.00,-1,-1,-1
222,11,797.00,351.00,43.00,97.00,1.00,-1,-1,-1
222,33,1205.00,123.00,38.00,82.00,1.00,-1,-1,-1
222,30,1175.00,224.00,53.00,107.00,1.00,-1,-1,-1
222,66,623.00,5.00,34.00,82.00,1.00,-1,-1,-1
222,3,454.00,8.00,34.00,90.00,1.00,-1,-1,-1
222,62,1231.00,122.00,48.00,86.00,1.00,-1,-1,-1
222,51,134.00,58.00,43.00,89.00,1.00,-1,-1,-1
222,7,710.00,110.00,40.00,93.00,1.00,-1,-1,-1
222,50,394.00,13.00,29.00,69.00,1.00,-1,-1,-1
222,59,318.00,488.00,54.00,109.00,1.00,-1,-1,-1
222,43,28.00,83.00,35.00,82.00,1.00,-1,-1,-1
222,65,920.00,14.00,24.00,89.00,1.00,-1,-1,-1
223,21,623.00,537.00,65.00,139.00,1.00,-1,-1,-1
223,64,496.00,554.00,62.00,127.00,1.00,-1,-1,-1
223,14,333.00,634.00,74.00,85.00,1.00,-1,-1,-1
223,54,599.00,193.00,41.00,104.00,1.00,-1,-1,-1
223,44,822.00,177.00,42.00,101.00,1.00,-1,-1,-1
223,27,1001.00,54.00,37.00,93.00,1.00,-1,-1,-1
223,11,797.00,352.00,45.00,102.00,1.00,-1,-1,-1
223,52,655.00,414.00,59.00,133.00,1.00,-1,-1,-1
223,37,685.00,186.00,28.00,88.00,1.00,-1,-1,-1
223,59,317.00,495.00,55.00,115.00,1.00,-1,-1,-1
223,3,455.00,7.00,32.00,89.00,1.00,-1,-1,-1
223,7,711.00,107.00,39.00,96.00,1.00,-1,-1,-1
223,48,464.00,243.00,44.00,117.00,1.00,-1,-1,-1
223,30,1175.00,227.00,53.00,110.00,1.00,-1,-1,-1
223,51,133.00,59.00,44.00,90.00,1.00,-1,-1,-1
223,66,621.00,7.00,35.00,80.00,1.00,-1,-1,-1
223,62,1236.00,123.00,43.00,87.00,1.00,-1,-1,-1
223,50,397.00,15.00,36.00,67.00,1.00,-1,-1,-1
223,65,920.00,14.00,24.00,89.00,1.00,-1,-1,-1
223,33,1207.00,125.00,41.00,81.00,1.00,-1,-1,-1
224,21,624.00,539.00,65.00,137.00,1.00,-1,-1,-1
224,64,497.00,551.00,60.00,130.00,1.00,-1,-1,-1
224,14,332.00,638.00,76.00,81.00,1.00,-1,-1,-1
224,54,599.00,194.00,41.00,103.00,1.00,-1,-1,-1
224,44,822.00,176.00,42.00,102.00,1.00,-1,-1,-1
224,27,1000.00,53.00,38.00,94.00,1.00,-1,-1,-1
224,52,654.00,416.00,61.00,131.00,1.00,-1,-1,-1
224,30,1175.00,228.00,54.00,109.00,1.00,-1,-1,-1
224,62,1238.00,124.00,41.00,89.00,1.00,-1,-1,-1
224,3,456.00,7.00,31.00,88.00,1.00,-1,-1,-1
224,37,684.00,186.00,29.00,87.00,1.00,-1,-1,-1
224,11,799.00,354.00,43.00,100.00,1.00,-1,-1,-1
224,50,398.00,15.00,38.00,67.00,1.00,-1,-1,-1
224,51,133.00,60.00,43.00,89.00,1.00,-1,-1,-1
224,7,711.00,107.00,39.00,96.00,1.00,-1,-1,-1
224,66,620.00,7.00,36.00,80.00,1.00,-1,-1,-1
224,33,1208.00,124.00,40.00,82.00,1.00,-1,-1,-1
224,65,920.00,14.00,24.00,89.00,1.00,-1,-1,-1
224,48,464.00,242.00,45.00,107.00,1.00,-1,-1,-1
225,21,625.00,541.00,65.00,134.00,1.00,-1,-1,-1
225,64,497.00,550.00,60.00,130.00,1.00,-1,-1,-1
225,52,654.00,416.00,63.00,131.00,1.00,-1,-1,-1
225,54,599.00,195.00,41.00,102.00,1.00,-1,-1,-1
225,27,1001.00,53.00,36.00,94.00,1.00,-1,-1,-1
225,44,821.00,176.00,42.00,101.00,1.00,-1,-1,-1
225,50,399.00,15.00,37.00,68.00,1.00,-1,-1,-1
225,3,456.00,5.00,31.00,88.00,1.00,-1,-1,-1
225,30,1175.00,230.00,53.00,107.00,1.00,-1,-1,-1
225,62,1238.00,125.00,41.00,90.00,1.00,-1,-1,-1
225,14,333.00,640.00,76.00,80.00,1.00,-1,-1,-1
225,33,1209.00,124.00,40.00,82.00,1.00,-1,-1,-1
225,11,799.00,356.00,44.00,98.00,1.00,-1,-1,-1
225,7,710.00,107.00,40.00,96.00,1.00,-1,-1,-1
225,37,684.00,185.00,29.00,87.00,1.00,-1,-1,-1
225,59,316.00,499.00,56.00,121.00,1.00,-1,-1,-1
225,51,134.00,60.00,43.00,88.00,1.00,-1,-1,-1
225,65,920.00,14.00,24.00,89.00,1.00,-1,-1,-1
225,66,620.00,6.00,36.00,82.00,1.00,-1,-1,-1
225,48,463.00,241.00,46.00,118.00,1.00,-1,-1,-1
226,21,625.00,542.00,66.00,134.00,1.00,-1,-1,-1
226,64,496.00,547.00,59.00,133.00,1.00,-1,-1,-1
226,54,599.00,194.00,43.00,103.00,1.00,-1,-1,-1
226,52,654.00,418.00,63.00,130.00,1.00,-1,-1,-1
226,3,457.00,4.00,30.00,86.00,1.00,-1,-1,-1
226,44,821.00,173.00,43.00,104.00,1.00,-1,-1,-1
226,50,400.00,15.00,37.00,69.00,1.00,-1,-1,-1
226,27,999.00,52.00,38.00,94.00,1.00,-1,-1,-1
226,14,332.00,643.00,77.00,77.00,1.00,-1,-1,-1
226,33,1207.00,125.00,42.00,83.00,1.00,-1,-1,-1
226,7,711.00,106.00,38.00,96.00,1.00,-1,-1,-1
226,62,1237.00,125.00,42.00,93.00,1.00,-1,-1,-1
226,30,1175.00,231.00,54.00,101.00,1.00,-1,-1,-1
226,66,621.00,6.00,35.00,82.00,1.00,-1,-1,-1
226,65,920.00,14.00,24.00,89.00,1.00,-1,-1,-1
226,48,465.00,239.00,45.00,119.00,1.00,-1,-1,-1
226,37,684.00,184.00,28.00,89.00,1.00,-1,-1,-1
226,11,799.00,358.00,45.00,94.00,1.00,-1,-1,-1
226,51,133.00,61.00,44.00,87.00,1.00,-1,-1,-1
227,64,496.00,544.00,59.00,135.00,1.00,-1,-1,-1
227,21,627.00,545.00,64.00,131.00,1.00,-1,-1,-1
227,50,402.00,14.00,36.00,71.00,1.00,-1,-1,-1
227,3,457.00,3.00,30.00,85.00,1.00,-1,-1,-1
227,54,599.00,197.00,43.00,101.00,1.00,-1,-1,-1
227,44,822.00,172.00,43.00,103.00,1.00,-1,-1,-1
227,27,997.00,50.00,39.00,95.00,1.00,-1,-1,-1
227,52,657.00,419.00,61.00,129.00,1.00,-1,-1,-1
227,14,331.00,649.00,78.00,71.00,1.00,-1,-1,-1
227,48,465.00,237.00,45.00,119.00,1.00,-1,-1,-1
227,33,1208.00,127.00,41.00,82.00,1.00,-1,-1,-1
227,62,1240.00,124.00,39.00,95.00,1.00,-1,-1,-1
227,7,710.00,105.00,39.00,96.00,1.00,-1,-1,-1
227,66,620.00,6.00,36.00,83.00,1.00,-1,-1,-1
227,65,920.00,14.00,24.00,89.00,1.00,-1,-1,-1
227,51,133.00,61.00,45.00,87.00,1.00,-1,-1,-1
227,30,1175.00,232.00,54.00,98.00,1.00,-1,-1,-1
227,37,684.00,182.00,28.00,90.00,1.00,-1,-1,-1
227,11,799.00,361.00,45.00,92.00,1.00,-1,-1,-1
228,64,498.00,540.00,57.00,132.00,1.00,-1,-1,-1
228,21,625.00,552.00,68.00,123.00,1.00,-1,-1,-1
228,52,657.00,422.00,61.00,128.00,1.00,-1,-1,-1
228,54,600.00,200.00,40.00,98.00,1.00,-1,-1,-1
228,11,799.00,363.00,46.00,92.00,1.00,-1,-1,-1
228,3,457.00,1.00,30.00,84.00,1.00,-1,-1,-1
228,44,822.00,169.00,43.00,103.00,1.00,-1,-1,-1
228,27,998.00,48.00,36.00,93.00,1.00,-1,-1,-1
228,14,333.00,655.00,77.00,65.00,1.00,-1,-1,-1
228,33,1211.00,127.00,39.00,84.00,1.00,-1,-1,-1
228,48,465.00,231.00,47.00,123.00,1.00,-1,-1,-1
228,7,710.00,101.00,38.00,99.00,1.00,-1,-1,-1
228,66,620.00,6.00,36.00,85.00,1.00,-1,-1,-1
228,37,682.00,180.00,29.00,92.00,1.00,-1,-1,-1
228,51,134.00,62.00,44.00,86.00,1.00,-1,-1,-1
228,65,920.00,14.00,24.00,89.00,1.00,-1,-1,-1
228,50,404.00,13.00,32.00,70.00,1.00,-1,-1,-1
228,30,1176.00,236.00,53.00,100.00,1.00,-1,-1,-1
228,63,79.00,532.00,76.00,115.00,1.00,-1,-1,-1
229,21,625.00,554.00,68.00,121.00,1.00,-1,-1,-1
229,64,498.00,536.00,56.00,131.00,1.00,-1,-1,-1
229,11,797.00,367.00,49.00,95.00,1.00,-1,-1,-1
229,14,333.00,656.00,78.00,63.00,1.00,-1,-1,-1
229,52,658.00,425.00,60.00,131.00,1.00,-1,-1,-1
229,3,457.00,0.00,30.00,83.00,1.00,-1,-1,-1
229,54,601.00,200.00,39.00,100.00,1.00,-1,-1,-1
229,44,823.00,167.00,42.00,99.00,1.00,-1,-1,-1
229,59,314.00,511.00,57.00,115.00,1.00,-1,-1,-1
229,27,997.00,47.00,37.00,91.00,1.00,-1,-1,-1
229,48,466.00,231.00,47.00,112.00,1.00,-1,-1,-1
229,33,1212.00,127.00,40.00,86.00,1.00,-1,-1,-1
229,7,710.00,100.00,38.00,97.00,1.00,-1,-1,-1
229,37,682.00,179.00,29.00,93.00,1.00,-1,-1,-1
229,66,620.00,6.00,35.00,85.00,1.00,-1,-1,-1
229,51,134.00,63.00,44.00,85.00,1.00,-1,-1,-1
229,65,920.00,14.00,24.00,89.00,1.00,-1,-1,-1
229,30,1176.00,236.00,54.00,100.00,1.00,-1,-1,-1
229,43,26.00,84.00,37.00,80.00,1.00,-1,-1,-1
229,50,409.00,14.00,26.00,69.00,1.00,-1,-1,-1
230,21,624.00,555.00,69.00,127.00,1.00,-1,-1,-1
230,14,333.00,659.00,78.00,60.00,1.00,-1,-1,-1
230,11,794.00,368.00,53.00,100.00,1.00,-1,-1,-1
230,64,497.00,533.00,57.00,128.00,1.00,-1,-1,-1
230,3,457.00,0.00,30.00,82.00,1.00,-1,-1,-1
230,59,314.00,513.00,56.00,112.00,1.00,-1,-1,-1
230,44,823.00,164.00,41.00,96.00,1.00,-1,-1,-1
230,52,659.00,429.00,57.00,136.00,1.00,-1,-1,-1
230,54,603.00,201.00,36.00,102.00,1.00,-1,-1,-1
230,27,998.00,46.00,35.00,90.00,1.00,-1,-1,-1
230,48,466.00,228.00,47.00,113.00,1.00,-1,-1,-1
230,7,710.00,99.00,38.00,96.00,1.00,-1,-1,-1
230,33,1214.00,128.00,41.00,87.00,1.00,-1,-1,-1
230,50,411.00,13.00,23.00,69.00,1.00,-1,-1,-1
230,37,681.00,178.00,31.00,93.00,1.00,-1,-1,-1
230,30,1177.00,237.00,54.00,96.00,1.00,-1,-1,-1
230,65,920.00,14.00,24.00,89.00,1.00,-1,-1,-1
230,66,621.00,7.00,34.00,87.00,1.00,-1,-1,-1
230,51,135.00,64.00,44.00,85.00,1.00,-1,-1,-1
231,14,334.00,663.00,77.00,56.00,1.00,-1,-1,-1
231,21,623.00,558.00,70.00,134.00,1.00,-1,-1,-1
231,11,793.00,371.00,54.00,100.00,1.00,-1,-1,-1
231,64,497.00,529.00,56.00,125.00,1.00,-1,-1,-1
231,59,314.00,515.00,56.00,111.00,1.00,-1,-1,-1
231,48,466.00,226.00,47.00,111.00,1.00,-1,-1,-1
231,52,658.00,430.00,59.00,140.00,1.00,-1,-1,-1
231,3,457.00,0.00,30.00,81.00,1.00,-1,-1,-1
231,44,823.00,161.00,41.00,97.00,1.00,-1,-1,-1
231,27,998.00,45.00,35.00,88.00,1.00,-1,-1,-1
231,7,709.00,97.00,39.00,93.00,1.00,-1,-1,-1
231,54,602.00,203.00,38.00,102.00,1.00,-1,-1,-1
231,63,88.00,537.00,71.00,110.00,1.00,-1,-1,-1
231,50,413.00,12.00,21.00,71.00,1.00,-1,-1,-1
231,37,681.00,176.00,30.00,93.00,1.00,-1,-1,-1
231,51,135.00,64.00,43.00,86.00,1.00,-1,-1,-1
231,30,1174.00,237.00,58.00,108.00,1.00,-1,-1,-1
231,33,1215.00,129.00,43.00,88.00,1.00,-1,-1,-1
231,65,920.00,14.00,24.00,89.00,1.00,-1,-1,-1
231,66,621.00,10.00,34.00,87.00,1.00,-1,-1,-1
232,21,623.00,561.00,70.00,141.00,1.00,-1,-1,-1
232,64,497.00,527.00,55.00,118.00,1.00,-1,-1,-1
232,14,334.00,665.00,77.00,55.00,1.00,-1,-1,-1
232,11,792.00,375.00,56.00,102.00,1.00,-1,-1,-1
232,48,465.00,225.00,48.00,107.00,1.00,-1,-1,-1
232,44,823.00,159.00,41.00,97.00,1.00,-1,-1,-1
232,3,457.00,0.00,31.00,80.00,1.00,-1,-1,-1
232,52,659.00,435.00,60.00,141.00,1.00,-1,-1,-1
232,54,604.00,205.00,35.00,105.00,1.00,-1,-1,-1
232,27,997.00,44.00,36.00,87.00,1.00,-1,-1,-1
232,7,710.00,95.00,38.00,92.00,1.00,-1,-1,-1
232,50,415.00,13.00,20.00,70.00,1.00,-1,-1,-1
232,37,681.00,176.00,30.00,91.00,1.00,-1,-1,-1
232,51,135.00,64.00,44.00,87.00,1.00,-1,-1,-1
232,66,621.00,10.00,35.00,88.00,1.00,-1,-1,-1
232,30,1175.00,238.00,58.00,108.00,1.00,-1,-1,-1
232,65,920.00,14.00,24.00,89.00,1.00,-1,-1,-1
232,43,25.00,83.00,40.00,81.00,1.00,-1,-1,-1
232,63,90.00,541.00,71.00,113.00,1.00,-1,-1,-1
233,21,622.00,566.00,71.00,139.00,1.00,-1,-1,-1
233,11,791.00,378.00,58.00,103.00,1.00,-1,-1,-1
233,48,464.00,224.00,49.00,106.00,1.00,-1,-1,-1
233,14,334.00,668.00,77.00,52.00,1.00,-1,-1,-1
233,3,457.00,0.00,31.00,80.00,1.00,-1,-1,-1
233,64,498.00,524.00,54.00,115.00,1.00,-1,-1,-1
233,54,604.00,206.00,35.00,105.00,1.00,-1,-1,-1
233,44,823.00,158.00,41.00,97.00,1.00,-1,-1,-1
233,27,997.00,43.00,35.00,89.00,1.00,-1,-1,-1
233,52,660.00,439.00,61.00,140.00,1.00,-1,-1,-1
233,7,711.00,94.00,37.00,90.00,1.00,-1,-1,-1
233,37,682.00,172.00,29.00,89.00,1.00,-1,-1,-1
233,50,415.00,14.00,24.00,69.00,1.00,-1,-1,-1
233,51,135.00,64.00,44.00,89.00,1.00,-1,-1,-1
233,30,1175.00,239.00,59.00,106.00,1.00,-1,-1,-1
233,65,920.00,14.00,24.00,89.00,1.00,-1,-1,-1
233,66,622.00,13.00,34.00,86.00,1.00,-1,-1,-1
233,43,24.00,83.00,43.00,80.00,1.00,-1,-1,-1
234,21,622.00,572.00,69.00,139.00,1.00,-1,-1,-1
234,11,792.00,382.00,56.00,103.00,1.00,-1,-1,-1
234,48,464.00,221.00,46.00,109.00,1.00,-1,-1,-1
234,52,660.00,444.00,64.00,137.00,1.00,-1,-1,-1
234,44,823.00,157.00,41.00,97.00,1.00,-1,-1,-1
234,54,606.00,209.00,34.00,105.00,1.00,-1,-1,-1
234,3,457.00,0.00,30.00,80.00,1.00,-1,-1,-1
234,64,497.00,519.00,55.00,114.00,1.00,-1,-1,-1
234,27,996.00,42.00,36.00,87.00,1.00,-1,-1,-1
234,7,711.00,93.00,37.00,89.00,1.00,-1,-1,-1
234,14,332.00,673.00,71.00,47.00,1.00,-1,-1,-1
234,37,683.00,169.00,28.00,87.00,1.00,-1,-1,-1
234,30,1177.00,241.00,58.00,105.00,1.00,-1,-1,-1
234,51,134.00,66.00,45.00,91.00,1.00,-1,-1,-1
234,65,920.00,14.00,24.00,89.00,1.00,-1,-1,-1
234,50,421.00,14.00,22.00,69.00,1.00,-1,-1,-1
234,43,24.00,83.00,43.00,80.00,1.00,-1,-1,-1
234,66,622.00,14.00,35.00,88.00,1.00,-1,-1,-1
235,21,622.00,574.00,69.00,141.00,1.00,-1,-1,-1
235,11,794.00,383.00,54.00,101.00,1.00,-1,-1,-1
235,48,465.00,219.00,45.00,111.00,1.00,-1,-1,-1
235,3,457.00,0.00,30.00,79.00,1.00,-1,-1,-1
235,64,497.00,514.00,56.00,120.00,1.00,-1,-1,-1
235,44,823.00,156.00,41.00,97.00,1.00,-1,-1,-1
235,52,661.00,446.00,64.00,135.00,1.00,-1,-1,-1
235,27,993.00,40.00,38.00,88.00,1.00,-1,-1,-1
235,54,605.00,211.00,35.00,104.00,1.00,-1,-1,-1
235,7,711.00,93.00,36.00,89.00,1.00,-1,-1,-1
235,37,683.00,169.00,28.00,85.00,1.00,-1,-1,-1
235,14,331.00,675.00,70.00,45.00,1.00,-1,-1,-1
235,50,422.00,13.00,23.00,70.00,1.00,-1,-1,-1
235,65,920.00,14.00,24.00,89.00,1.00,-1,-1,-1
235,51,135.00,67.00,45.00,90.00,1.00,-1,-1,-1
235,66,622.00,15.00,36.00,87.00,1.00,-1,-1,-1
235,30,1175.00,243.00,60.00,104.00,1.00,-1,-1,-1
236,21,622.00,578.00,69.00,138.00,1.00,-1,-1,-1
236,11,796.00,384.00,52.00,99.00,1.00,-1,-1,-1
236,48,466.00,218.00,42.00,111.00,1.00,-1,-1,-1
236,27,990.00,39.00,39.00,89.00,1.00,-1,-1,-1
236,3,458.00,0.00,29.00,78.00,1.00,-1,-1,-1
236,44,823.00,156.00,41.00,99.00,1.00,-1,-1,-1
236,52,661.00,447.00,65.00,134.00,1.00,-1,-1,-1
236,64,497.00,513.00,57.00,121.00,1.00,-1,-1,-1
236,54,605.00,213.00,35.00,101.00,1.00,-1,-1,-1
236,37,683.00,167.00,28.00,86.00,1.00,-1,-1,-1
236,7,711.00,92.00,36.00,89.00,1.00,-1,-1,-1
236,30,1177.00,244.00,59.00,109.00,1.00,-1,-1,-1
236,14,330.00,678.00,71.00,42.00,1.00,-1,-1,-1
236,65,920.00,14.00,24.00,89.00,1.00,-1,-1,-1
236,50,423.00,13.00,25.00,70.00,1.00,-1,-1,-1
236,66,623.00,16.00,35.00,85.00,1.00,-1,-1,-1
236,51,134.00,67.00,45.00,92.00,1.00,-1,-1,-1
237,21,622.00,582.00,69.00,135.00,1.00,-1,-1,-1
237,11,798.00,385.00,51.00,100.00,1.00,-1,-1,-1
237,64,498.00,511.00,56.00,123.00,1.00,-1,-1,-1
237,48,465.00,218.00,43.00,111.00,1.00,-1,-1,-1
237,27,990.00,39.00,38.00,88.00,1.00,-1,-1,-1
237,3,457.00,0.00,30.00,77.00,1.00,-1,-1,-1
237,44,823.00,155.00,41.00,100.00,1.00,-1,-1,-1
237,52,663.00,449.00,62.00,135.00,1.00,-1,-1,-1
237,54,607.00,214.00,33.00,101.00,1.00,-1,-1,-1
237,37,683.00,165.00,29.00,87.00,1.00,-1,-1,-1
237,7,712.00,92.00,35.00,89.00,1.00,-1,-1,-1
237,66,624.00,16.00,34.00,86.00,1.00,-1,-1,-1
237,65,920.00,14.00,24.00,88.00,1.00,-1,-1,-1
237,50,424.00,14.00,28.00,69.00,1.00,-1,-1,-1
237,30,1177.00,245.00,60.00,112.00,1.00,-1,-1,-1
237,51,134.00,68.00,46.00,92.00,1.00,-1,-1,-1
237,14,332.00,681.00,66.00,39.00,1.00,-1,-1,-1
238,21,622.00,584.00,68.00,133.00,1.00,-1,-1,-1
238,11,800.00,388.00,50.00,97.00,1.00,-1,-1,-1
238,27,989.00,39.00,38.00,88.00,1.00,-1,-1,-1
238,64,495.00,510.00,59.00,124.00,1.00,-1,-1,-1
238,44,824.00,153.00,40.00,101.00,1.00,-1,-1,-1
238,48,464.00,217.00,44.00,112.00,1.00,-1,-1,-1
238,3,458.00,0.00,29.00,75.00,1.00,-1,-1,-1
238,54,607.00,215.00,34.00,102.00,1.00,-1,-1,-1
238,52,664.00,450.00,62.00,134.00,1.00,-1,-1,-1
238,37,684.00,164.00,27.00,86.00,1.00,-1,-1,-1
238,63,102.00,561.00,74.00,118.00,1.00,-1,-1,-1
238,7,712.00,91.00,35.00,90.00,1.00,-1,-1,-1
238,50,425.00,14.00,27.00,69.00,1.00,-1,-1,-1
238,65,920.00,13.00,24.00,89.00,1.00,-1,-1,-1
238,66,624.00,17.00,34.00,85.00,1.00,-1,-1,-1
238,51,133.00,69.00,46.00,92.00,1.00,-1,-1,-1
239,21,622.00,589.00,68.00,129.00,1.00,-1,-1,-1
239,54,606.00,216.00,38.00,102.00,1.00,-1,-1,-1
239,11,804.00,392.00,46.00,94.00,1.00,-1,-1,-1
239,64,496.00,504.00,56.00,127.00,1.00,-1,-1,-1
239,48,465.00,215.00,43.00,114.00,1.00,-1,-1,-1
239,44,822.00,149.00,40.00,101.00,1.00,-1,-1,-1
239,27,989.00,38.00,36.00,85.00,1.00,-1,-1,-1
239,37,684.00,162.00,27.00,88.00,1.00,-1,-1,-1
239,52,662.00,455.00,64.00,130.00,1.00,-1,-1,-1
239,50,427.00,15.00,29.00,68.00,1.00,-1,-1,-1
239,7,713.00,90.00,35.00,91.00,1.00,-1,-1,-1
239,3,458.00,0.00,28.00,73.00,1.00,-1,-1,-1
239,66,623.00,17.00,36.00,85.00,1.00,-1,-1,-1
239,30,1179.00,250.00,58.00,117.00,1.00,-1,-1,-1
239,65,920.00,13.00,24.00,89.00,1.00,-1,-1,-1
239,51,133.00,71.00,46.00,92.00,1.00,-1,-1,-1
239,63,105.00,563.00,73.00,118.00,1.00,-1,-1,-1
240,21,623.00,591.00,68.00,128.00,1.00,-1,-1,-1
240,11,804.00,394.00,48.00,96.00,1.00,-1,-1,-1
240,54,606.00,217.00,38.00,102.00,1.00,-1,-1,-1
240,44,821.00,146.00,40.00,101.00,1.00,-1,-1,-1
240,27,988.00,37.00,36.00,85.00,1.00,-1,-1,-1
240,48,466.00,215.00,41.00,113.00,1.00,-1,-1,-1
240,64,496.00,503.00,54.00,126.00,1.00,-1,-1,-1
240,52,663.00,457.00,64.00,126.00,1.00,-1,-1,-1
240,37,684.00,162.00,28.00,88.00,1.00,-1,-1,-1
240,7,713.00,89.00,36.00,91.00,1.00,-1,-1,-1
240,66,622.00,17.00,37.00,85.00,1.00,-1,-1,-1
240,50,427.00,15.00,32.00,67.00,1.00,-1,-1,-1
240,3,457.00,0.00,29.00,69.00,1.00,-1,-1,-1
240,30,1173.00,251.00,64.00,117.00,1.00,-1,-1,-1
240,65,920.00,13.00,24.00,89.00,1.00,-1,-1,-1
240,62,1231.00,69.00,48.00,160.00,1.00,-1,-1,-1
241,21,623.00,593.00,67.00,124.00,1.00,-1,-1,-1
241,54,606.00,218.00,39.00,102.00,1.00,-1,-1,-1
241,11,804.00,397.00,48.00,100.00,1.00,-1,-1,-1
241,44,820.00,144.00,42.00,100.00,1.00,-1,-1,-1
241,64,494.00,500.00,55.00,127.00,1.00,-1,-1,-1
241,48,467.00,212.00,40.00,114.00,1.00,-1,-1,-1
241,63,106.00,568.00,74.00,115.00,1.00,-1,-1,-1
241,27,988.00,35.00,34.00,86.00,1.00,-1,-1,-1
241,52,662.00,458.00,65.00,126.00,1.00,-1,-1,-1
241,37,684.00,161.00,27.00,89.00,1.00,-1,-1,-1
241,50,429.00,15.00,36.00,68.00,1.00,-1,-1,-1
241,7,713.00,88.00,36.00,91.00,1.00,-1,-1,-1
241,30,1173.00,254.00,64.00,116.00,1.00,-1,-1,-1
241,3,457.00,0.00,30.00,68.00,1.00,-1,-1,-1
241,66,622.00,19.00,37.00,83.00,1.00,-1,-1,-1
241,51,132.00,71.00,47.00,93.00,1.00,-1,-1,-1
241,65,920.00,13.00,24.00,89.00,1.00,-1,-1,-1
241,62,1226.00,70.00,53.00,159.00,1.00,-1,-1,-1
241,59,307.00,546.00,58.00,119.00,1.00,-1,-1,-1
242,21,623.00,598.00,68.00,121.00,1.00,-1,-1,-1
242,54,606.00,220.00,40.00,101.00,1.00,-1,-1,-1
242,64,492.00,496.00,55.00,127.00,1.00,-1,-1,-1
242,11,805.00,399.00,47.00,103.00,1.00,-1,-1,-1
242,63,106.00,571.00,76.00,116.00,1.00,-1,-1,-1
242,44,820.00,142.00,42.00,98.00,1.00,-1,-1,-1
242,52,662.00,460.00,65.00,130.00,1.00,-1,-1,-1
242,27,988.00,33.00,34.00,87.00,1.00,-1,-1,-1
242,48,467.00,210.00,41.00,115.00,1.00,-1,-1,-1
242,37,685.00,161.00,26.00,88.00,1.00,-1,-1,-1
242,50,429.00,15.00,37.00,68.00,1.00,-1,-1,-1
242,7,712.00,85.00,37.00,93.00,1.00,-1,-1,-1
242,51,132.00,72.00,47.00,92.00,1.00,-1,-1,-1
242,66,622.00,19.00,37.00,83.00,1.00,-1,-1,-1
242,62,1232.00,71.00,47.00,159.00,1.00,-1,-1,-1
242,65,920.00,13.00,24.00,89.00,1.00,-1,-1,-1
242,30,1177.00,256.00,60.00,115.00,1.00,-1,-1,-1
243,21,624.00,600.00,68.00,120.00,1.00,-1,-1,-1
243,54,607.00,222.00,40.00,102.00,1.00,-1,-1,-1
243,64,492.00,494.00,55.00,125.00,1.00,-1,-1,-1
243,11,806.00,401.00,47.00,104.00,1.00,-1,-1,-1
243,27,988.00,32.00,34.00,86.00,1.00,-1,-1,-1
243,63,107.00,575.00,76.00,121.00,1.00,-1,-1,-1
243,52,661.00,463.00,67.00,139.00,1.00,-1,-1,-1
243,44,819.00,140.00,42.00,95.00,1.00,-1,-1,-1
243,48,466.00,207.00,41.00,117.00,1.00,-1,-1,-1
243,37,685.00,158.00,26.00,90.00,1.00,-1,-1,-1
243,51,131.00,72.00,48.00,92.00,1.00,-1,-1,-1
243,7,712.00,83.00,37.00,91.00,1.00,-1,-1,-1
243,65,920.00,12.00,25.00,90.00,1.00,-1,-1,-1
243,30,1177.00,256.00,60.00,115.00,1.00,-1,-1,-1
243,66,622.00,19.00,37.00,85.00,1.00,-1,-1,-1
243,67,253.00,318.00,51.00,107.00,1.00,-1,-1,-1
244,21,627.00,607.00,67.00,113.00,1.00,-1,-1,-1
244,54,607.00,223.00,42.00,112.00,1.00,-1,-1,-1
244,11,807.00,407.00,49.00,107.00,1.00,-1,-1,-1
244,52,663.00,466.00,67.00,146.00,1.00,-1,-1,-1
244,63,109.00,578.00,79.00,134.00,1.00,-1,-1,-1
244,27,989.00,30.00,32.00,83.00,1.00,-1,-1,-1
244,44,819.00,136.00,43.00,94.00,1.00,-1,-1,-1
244,64,491.00,487.00,56.00,116.00,1.00,-1,-1,-1
244,48,465.00,204.00,41.00,113.00,1.00,-1,-1,-1
244,37,685.00,154.00,28.00,89.00,1.00,-1,-1,-1
244,7,712.00,80.00,38.00,88.00,1.00,-1,-1,-1
244,62,1230.00,68.00,49.00,164.00,1.00,-1,-1,-1
244,30,1175.00,258.00,62.00,113.00,1.00,-1,-1,-1
244,65,921.00,12.00,24.00,89.00,1.00,-1,-1,-1
244,51,130.00,72.00,48.00,92.00,1.00,-1,-1,-1
244,66,622.00,19.00,37.00,88.00,1.00,-1,-1,-1
245,21,628.00,610.00,67.00,110.00,1.00,-1,-1,-1
245,52,663.00,469.00,66.00,146.00,1.00,-1,-1,-1
245,54,607.00,226.00,42.00,112.00,1.00,-1,-1,-1
245,11,808.00,409.00,49.00,105.00,1.00,-1,-1,-1
245,27,989.00,28.00,32.00,84.00,1.00,-1,-1,-1
245,63,110.00,585.00,79.00,128.00,1.00,-1,-1,-1
245,44,821.00,136.00,41.00,94.00,1.00,-1,-1,-1
245,64,492.00,485.00,54.00,112.00,1.00,-1,-1,-1
245,7,712.00,79.00,38.00,88.00,1.00,-1,-1,-1
245,48,466.00,202.00,39.00,110.00,1.00,-1,-1,-1
245,37,685.00,153.00,27.00,87.00,1.00,-1,-1,-1
245,59,304.00,557.00,59.00,112.00,1.00,-1,-1,-1
245,65,921.00,12.00,24.00,89.00,1.00,-1,-1,-1
245,62,1228.00,67.00,51.00,164.00,1.00,-1,-1,-1
245,51,130.00,73.00,47.00,91.00,1.00,-1,-1,-1
245,30,1176.00,259.00,62.00,113.00,1.00,-1,-1,-1
245,66,622.00,21.00,36.00,87.00,1.00,-1,-1,-1
246,63,112.00,589.00,78.00,130.00,1.00,-1,-1,-1
246,21,630.00,615.00,66.00,105.00,1.00,-1,-1,-1
246,54,607.00,230.00,41.00,109.00,1.00,-1,-1,-1
246,52,663.00,472.00,66.00,145.00,1.00,-1,-1,-1
246,64,490.00,481.00,55.00,112.00,1.00,-1,-1,-1
246,11,809.00,412.00,49.00,103.00,1.00,-1,-1,-1
246,44,821.00,133.00,42.00,96.00,1.00,-1,-1,-1
246,27,989.00,24.00,31.00,87.00,1.00,-1,-1,-1
246,48,465.00,201.00,42.00,106.00,1.00,-1,-1,-1
246,7,713.00,77.00,37.00,90.00,1.00,-1,-1,-1
246,37,686.00,151.00,27.00,85.00,1.00,-1,-1,-1
246,65,921.00,12.00,24.00,89.00,1.00,-1,-1,-1
246,66,622.00,21.00,36.00,87.00,1.00,-1,-1,-1
246,30,1177.00,260.00,61.00,112.00,1.00,-1,-1,-1
246,51,130.00,73.00,47.00,91.00,1.00,-1,-1,-1
247,21,630.00,618.00,68.00,102.00,1.00,-1,-1,-1
247,54,606.00,231.00,43.00,109.00,1.00,-1,-1,-1
247,11,811.00,412.00,46.00,103.00,1.00,-1,-1,-1
247,63,116.00,594.00,75.00,124.00,1.00,-1,-1,-1
247,52,664.00,474.00,64.00,146.00,1.00,-1,-1,-1
247,64,490.00,479.00,54.00,115.00,1.00,-1,-1,-1
247,44,820.00,132.00,42.00,97.00,1.00,-1,-1,-1
247,27,989.00,25.00,31.00,87.00,1.00,-1,-1,-1
247,7,712.00,76.00,37.00,90.00,1.00,-1,-1,-1
247,48,466.00,199.00,41.00,105.00,1.00,-1,-1,-1
247,37,686.00,149.00,27.00,85.00,1.00,-1,-1,-1
247,65,921.00,12.00,24.00,89.00,1.00,-1,-1,-1
247,66,622.00,22.00,36.00,87.00,1.00,-1,-1,-1
247,51,129.00,74.00,47.00,90.00,1.00,-1,-1,-1
247,30,1178.00,260.00,60.00,113.00,1.00,-1,-1,-1
247,67,253.00,319.00,50.00,106.00,1.00,-1,-1,-1
248,21,631.00,621.00,68.00,99.00,1.00,-1,-1,-1
248,54,606.00,232.00,43.00,110.00,1.00,-1,-1,-1
248,64,491.00,477.00,52.00,117.00,1.00,-1,-1,-1
248,11,811.00,414.00,47.00,101.00,1.00,-1,-1,-1
248,52,663.00,477.00,67.00,145.00,1.00,-1,-1,-1
248,44,820.00,131.00,41.00,99.00,1.00,-1,-1,-1
248,27,988.00,23.00,30.00,89.00,1.00,-1,-1,-1
248,7,712.00,75.00,38.00,90.00,1.00,-1,-1,-1
248,48,467.00,195.00,40.00,108.00,1.00,-1,-1,-1
248,63,120.00,596.00,73.00,123.00,1.00,-1,-1,-1
248,37,686.00,147.00,27.00,86.00,1.00,-1,-1,-1
248,65,921.00,12.00,24.00,89.00,1.00,-1,-1,-1
248,51,129.00,76.00,47.00,89.00,1.00,-1,-1,-1
248,66,622.00,22.00,36.00,88.00,1.00,-1,-1,-1
248,43,24.00,82.00,45.00,80.00,1.00,-1,-1,-1
249,21,633.00,626.00,68.00,94.00,1.00,-1,-1,-1
249,54,606.00,234.00,44.00,111.00,1.00,-1,-1,-1
249,48,467.00,193.00,41.00,107.00,1.00,-1,-1,-1
249,11,809.00,416.00,51.00,99.00,1.00,-1,-1,-1
249,52,663.00,483.00,66.00,141.00,1.00,-1,-1,-1
249,27,986.00,23.00,32.00,89.00,1.00,-1,-1,-1
249,63,120.00,602.00,77.00,118.00,1.00,-1,-1,-1
249,44,822.00,129.00,39.00,99.00,1.00,-1,-1,-1
249,64,489.00,472.00,54.00,121.00,1.00,-1,-1,-1
249,37,686.00,145.00,27.00,87.00,1.00,-1,-1,-1
249,51,129.00,77.00,47.00,90.00,1.00,-1,-1,-1
249,7,712.00,73.00,36.00,92.00,1.00,-1,-1,-1
249,65,921.00,11.00,24.00,89.00,1.00,-1,-1,-1
249,66,620.00,25.00,38.00,87.00,1.00,-1,-1,-1
249,43,24.00,82.00,45.00,80.00,1.00,-1,-1,-1
250,54,605.00,236.00,44.00,109.00,1.00,-1,-1,-1
250,21,634.00,630.00,69.00,90.00,1.00,-1,-1,-1
250,48,468.00,192.00,41.00,107.00,1.00,-1,-1,-1
250,64,489.00,470.00,54.00,123.00,1.00,-1,-1,-1
250,27,985.00,24.00,33.00,88.00,1.00,-1,-1,-1
250,44,823.00,127.00,39.00,100.00,1.00,-1,-1,-1
250,52,664.00,486.00,64.00,140.00,1.00,-1,-1,-1
250,37,685.00,144.00,28.00,87.00,1.00,-1,-1,-1
250,7,712.00,73.00,36.00,92.00,1.00,-1,-1,-1
250,51,129.00,79.00,47.00,89.00,1.00,-1,-1,-1
250,11,808.00,418.00,54.00,99.00,1.00,-1,-1,-1
250,66,620.00,26.00,38.00,84.00,1.00,-1,-1,-1
250,59,300.00,572.00,60.00,123.00,1.00,-1,-1,-1
250,65,921.00,12.00,25.00,89.00,1.00,-1,-1,-1
250,63,120.00,606.00,78.00,114.00,1.00,-1,-1,-1
250,43,25.00,82.00,43.00,79.00,1.00,-1,-1,-1
251,21,635.00,631.00,69.00,89.00,1.00,-1,-1,-1
251,54,606.00,237.00,43.00,108.00,1.00,-1,-1,-1
251,48,468.00,191.00,41.00,108.00,1.00,-1,-1,-1
251,64,488.00,468.00,55.00,125.00,1.00,-1,-1,-1
251,52,665.00,488.00,64.00,138.00,1.00,-1,-1,-1
251,44,824.00,127.00,39.00,99.00,1.00,-1,-1,-1
251,27,984.00,22.00,33.00,89.00,1.00,-1,-1,-1
251,51,130.00,80.00,48.00,89.00,1.00,-1,-1,-1
251,37,685.00,144.00,27.00,88.00,1.00,-1,-1,-1
251,7,712.00,72.00,36.00,92.00,1.00,-1,-1,-1
251,59,299.00,575.00,61.00,125.00,1.00,-1,-1,-1
251,66,620.00,25.00,38.00,85.00,1.00,-1,-1,-1
251,43,25.00,82.00,44.00,80.00,1.00,-1,-1,-1
251,65,921.00,12.00,25.00,89.00,1.00,-1,-1,-1
251,67,254.00,318.00,48.00,107.00,1.00,-1,-1,-1
252,21,635.00,633.00,71.00,87.00,1.00,-1,-1,-1
252,54,607.00,238.00,42.00,107.00,1.00,-1,-1,-1
252,64,488.00,466.00,55.00,126.00,1.00,-1,-1,-1
252,59,298.00,578.00,61.00,124.00,1.00,-1,-1,-1
252,48,468.00,190.00,41.00,109.00,1.00,-1,-1,-1
252,30,1181.00,267.00,57.00,113.00,1.00,-1,-1,-1
252,27,983.00,20.00,34.00,90.00,1.00,-1,-1,-1
252,44,824.00,125.00,40.00,96.00,1.00,-1,-1,-1
252,51,130.00,80.00,47.00,90.00,1.00,-1,-1,-1
252,52,665.00,490.00,64.00,136.00,1.00,-1,-1,-1
252,37,685.00,142.00,27.00,89.00,1.00,-1,-1,-1
252,11,806.00,424.00,56.00,105.00,1.00,-1,-1,-1
252,7,712.00,71.00,35.00,93.00,1.00,-1,-1,-1
252,66,620.00,25.00,38.00,85.00,1.00,-1,-1,-1
252,68,909.00,653.00,70.00,67.00,1.00,-1,-1,-1
252,65,921.00,11.00,25.00,90.00,1.00,-1,-1,-1
252,43,24.00,81.00,44.00,80.00,1.00,-1,-1,-1
253,21,637.00,635.00,70.00,85.00,1.00,-1,-1,-1
253,54,607.00,239.00,42.00,105.00,1.00,-1,-1,-1
253,44,824.00,123.00,40.00,93.00,1.00,-1,-1,-1
253,64,488.00,464.00,54.00,126.00,1.00,-1,-1,-1
253,11,804.00,427.00,59.00,107.00,1.00,-1,-1,-1
253,27,982.00,19.00,34.00,90.00,1.00,-1,-1,-1
253,30,1182.00,268.00,56.00,113.00,1.00,-1,-1,-1
253,48,467.00,188.00,42.00,111.00,1.00,-1,-1,-1
253,59,297.00,581.00,61.00,123.00,1.00,-1,-1,-1
253,51,131.00,81.00,45.00,89.00,1.00,-1,-1,-1
253,63,123.00,611.00,81.00,109.00,1.00,-1,-1,-1
253,7,712.00,70.00,35.00,94.00,1.00,-1,-1,-1
253,37,685.00,141.00,27.00,89.00,1.00,-1,-1,-1
253,66,620.00,26.00,38.00,85.00,1.00,-1,-1,-1
253,68,896.00,650.00,81.00,70.00,1.00,-1,-1,-1
253,65,921.00,11.00,25.00,90.00,1.00,-1,-1,-1
253,52,665.00,490.00,64.00,135.00,1.00,-1,-1,-1
253,43,24.00,81.00,44.00,79.00,1.00,-1,-1,-1
254,11,805.00,431.00,58.00,110.00,1.00,-1,-1,-1
254,54,608.00,240.00,41.00,105.00,1.00,-1,-1,-1
254,21,639.00,640.00,70.00,80.00,1.00,-1,-1,-1
254,44,825.00,119.00,39.00,91.00,1.00,-1,-1,-1
254,64,489.00,458.00,53.00,124.00,1.00,-1,-1,-1
254,63,129.00,615.00,76.00,105.00,1.00,-1,-1,-1
254,27,981.00,16.00,34.00,90.00,1.00,-1,-1,-1
254,7,712.00,65.00,34.00,94.00,1.00,-1,-1,-1
254,66,621.00,23.00,37.00,87.00,1.00,-1,-1,-1
254,59,298.00,586.00,60.00,125.00,1.00,-1,-1,-1
254,51,132.00,82.00,43.00,92.00,1.00,-1,-1,-1
254,48,469.00,186.00,41.00,111.00,1.00,-1,-1,-1
254,37,684.00,138.00,28.00,89.00,1.00,-1,-1,-1
254,68,887.00,644.00,83.00,76.00,1.00,-1,-1,-1
254,65,921.00,10.00,25.00,89.00,1.00,-1,-1,-1
254,69,834.00,0.00,35.00,71.00,1.00,-1,-1,-1
254,52,678.00,494.00,50.00,126.00,1.00,-1,-1,-1
254,30,1183.00,271.00,56.00,102.00,1.00,-1,-1,-1
255,11,805.00,434.00,58.00,111.00,1.00,-1,-1,-1
255,54,609.00,241.00,40.00,104.00,1.00,-1,-1,-1
255,44,825.00,116.00,39.00,93.00,1.00,-1,-1,-1
255,21,639.00,644.00,70.00,76.00,1.00,-1,-1,-1
255,64,489.00,455.00,53.00,125.00,1.00,-1,-1,-1
255,59,297.00,588.00,61.00,125.00,1.00,-1,-1,-1
255,27,981.00,15.00,34.00,87.00,1.00,-1,-1,-1
255,63,130.00,618.00,76.00,102.00,1.00,-1,-1,-1
255,68,889.00,641.00,78.00,79.00,1.00,-1,-1,-1
255,7,712.00,64.00,35.00,91.00,1.00,-1,-1,-1
255,66,621.00,24.00,37.00,87.00,1.00,-1,-1,-1
255,48,470.00,184.00,40.00,110.00,1.00,-1,-1,-1
255,51,132.00,82.00,43.00,92.00,1.00,-1,-1,-1
255,52,672.00,497.00,58.00,129.00,1.00,-1,-1,-1
255,30,1183.00,271.00,56.00,102.00,1.00,-1,-1,-1
255,37,683.00,137.00,29.00,88.00,1.00,-1,-1,-1
255,65,922.00,9.00,25.00,89.00,1.00,-1,-1,-1
255,69,835.00,0.00,35.00,69.00,1.00,-1,-1,-1
255,62,1214.00,63.00,63.00,107.00,1.00,-1,-1,-1
255,50,458.00,3.00,38.00,78.00,1.00,-1,-1,-1
256,11,806.00,437.00,58.00,108.00,1.00,-1,-1,-1
256,64,489.00,451.00,53.00,126.00,1.00,-1,-1,-1
256,54,609.00,243.00,40.00,105.00,1.00,-1,-1,-1
256,44,824.00,114.00,40.00,93.00,1.00,-1,-1,-1
256,21,639.00,648.00,71.00,72.00,1.00,-1,-1,-1
256,63,133.00,622.00,77.00,98.00,1.00,-1,-1,-1
256,27,980.00,14.00,34.00,85.00,1.00,-1,-1,-1
256,48,471.00,182.00,40.00,109.00,1.00,-1,-1,-1
256,7,712.00,64.00,34.00,89.00,1.00,-1,-1,-1
256,66,622.00,24.00,36.00,88.00,1.00,-1,-1,-1
256,51,133.00,83.00,43.00,91.00,1.00,-1,-1,-1
256,68,887.00,638.00,75.00,81.00,1.00,-1,-1,-1
256,52,673.00,501.00,57.00,133.00,1.00,-1,-1,-1
256,59,297.00,590.00,61.00,122.00,1.00,-1,-1,-1
256,69,838.00,0.00,32.00,68.00,1.00,-1,-1,-1
256,65,922.00,9.00,25.00,89.00,1.00,-1,-1,-1
256,30,1183.00,272.00,57.00,103.00,1.00,-1,-1,-1
256,67,254.00,317.00,49.00,106.00,1.00,-1,-1,-1
256,37,684.00,136.00,28.00,87.00,1.00,-1,-1,-1
257,11,807.00,440.00,57.00,105.00,1.00,-1,-1,-1
257,54,610.00,244.00,41.00,107.00,1.00,-1,-1,-1
257,64,490.00,448.00,52.00,120.00,1.00,-1,-1,-1
257,44,825.00,112.00,39.00,95.00,1.00,-1,-1,-1
257,63,134.00,626.00,78.00,94.00,1.00,-1,-1,-1
257,48,470.00,179.00,42.00,113.00,1.00,-1,-1,-1
257,21,638.00,651.00,71.00,68.00,1.00,-1,-1,-1
257,27,980.00,13.00,34.00,83.00,1.00,-1,-1,-1
257,7,712.00,63.00,34.00,89.00,1.00,-1,-1,-1
257,59,295.00,592.00,62.00,121.00,1.00,-1,-1,-1
257,66,622.00,24.00,37.00,89.00,1.00,-1,-1,-1
257,67,254.00,317.00,47.00,106.00,1.00,-1,-1,-1
257,69,841.00,0.00,29.00,66.00,1.00,-1,-1,-1
257,51,133.00,82.00,44.00,92.00,1.00,-1,-1,-1
257,52,668.00,503.00,63.00,142.00,1.00,-1,-1,-1
257,65,922.00,10.00,25.00,88.00,1.00,-1,-1,-1
257,37,683.00,133.00,29.00,84.00,1.00,-1,-1,-1
257,68,882.00,635.00,78.00,83.00,1.00,-1,-1,-1
257,30,1183.00,274.00,58.00,107.00,1.00,-1,-1,-1
257,70,225.00,310.00,35.00,95.00,1.00,-1,-1,-1
258,11,810.00,441.00,54.00,104.00,1.00,-1,-1,-1
258,54,611.00,246.00,41.00,107.00,1.00,-1,-1,-1
258,64,490.00,446.00,52.00,116.00,1.00,-1,-1,-1
258,63,136.00,629.00,78.00,91.00,1.00,-1,-1,-1
258,48,470.00,176.00,43.00,114.00,1.00,-1,-1,-1
258,44,826.00,111.00,38.00,94.00,1.00,-1,-1,-1
258,52,665.00,505.00,65.00,150.00,1.00,-1,-1,-1
258,27,979.00,12.00,35.00,84.00,1.00,-1,-1,-1
258,21,638.00,655.00,73.00,65.00,1.00,-1,-1,-1
258,7,712.00,61.00,33.00,88.00,1.00,-1,-1,-1
258,66,622.00,24.00,37.00,91.00,1.00,-1,-1,-1
258,59,295.00,594.00,62.00,120.00,1.00,-1,-1,-1
258,67,254.00,316.00,48.00,107.00,1.00,-1,-1,-1
258,51,133.00,82.00,45.00,92.00,1.00,-1,-1,-1
258,37,683.00,130.00,30.00,86.00,1.00,-1,-1,-1
258,65,922.00,9.00,25.00,88.00,1.00,-1,-1,-1
258,69,842.00,0.00,28.00,65.00,1.00,-1,-1,-1
258,70,225.00,310.00,35.00,95.00,1.00,-1,-1,-1
259,11,814.00,443.00,51.00,102.00,1.00,-1,-1,-1
259,54,612.00,250.00,41.00,105.00,1.00,-1,-1,-1
259,64,491.00,439.00,50.00,111.00,1.00,-1,-1,-1
259,66,623.00,24.00,36.00,95.00,1.00,-1,-1,-1
259,7,712.00,58.00,35.00,89.00,1.00,-1,-1,-1
259,27,978.00,9.00,35.00,86.00,1.00,-1,-1,-1
259,52,666.00,512.00,65.00,149.00,1.00,-1,-1,-1
259,44,826.00,110.00,38.00,96.00,1.00,-1,-1,-1
259,21,637.00,662.00,72.00,58.00,1.00,-1,-1,-1
259,48,471.00,174.00,43.00,105.00,1.00,-1,-1,-1
259,37,685.00,129.00,27.00,81.00,1.00,-1,-1,-1
259,51,133.00,83.00,45.00,91.00,1.00,-1,-1,-1
259,65,922.00,9.00,25.00,88.00,1.00,-1,-1,-1
259,68,871.00,623.00,79.00,97.00,1.00,-1,-1,-1
259,63,139.00,635.00,80.00,85.00,1.00,-1,-1,-1
259,69,843.00,0.00,28.00,64.00,1.00,-1,-1,-1
259,67,254.00,315.00,48.00,108.00,1.00,-1,-1,-1
260,54,612.00,251.00,42.00,110.00,1.00,-1,-1,-1
260,11,815.00,444.00,50.00,101.00,1.00,-1,-1,-1
260,64,491.00,437.00,51.00,111.00,1.00,-1,-1,-1
260,27,976.00,8.00,36.00,86.00,1.00,-1,-1,-1
260,66,623.00,24.00,37.00,96.00,1.00,-1,-1,-1
260,37,686.00,128.00,27.00,80.00,1.00,-1,-1,-1
260,7,712.00,58.00,35.00,89.00,1.00,-1,-1,-1
260,68,870.00,618.00,77.00,101.00,1.00,-1,-1,-1
260,52,666.00,516.00,66.00,148.00,1.00,-1,-1,-1
260,48,470.00,172.00,44.00,101.00,1.00,-1,-1,-1
260,21,635.00,665.00,73.00,55.00,1.00,-1,-1,-1
260,65,922.00,9.00,25.00,88.00,1.00,-1,-1,-1
260,51,133.00,83.00,46.00,91.00,1.00,-1,-1,-1
260,44,826.00,110.00,38.00,95.00,1.00,-1,-1,-1
260,71,1000.00,667.00,60.00,53.00,1.00,-1,-1,-1
260,69,843.00,0.00,29.00,63.00,1.00,-1,-1,-1
260,63,141.00,639.00,80.00,81.00,1.00,-1,-1,-1
260,72,665.00,34.00,26.00,78.00,1.00,-1,-1,-1
260,67,255.00,316.00,47.00,106.00,1.00,-1,-1,-1
260,73,287.00,301.00,52.00,105.00,1.00,-1,-1,-1
261,54,612.00,253.00,43.00,112.00,1.00,-1,-1,-1
261,11,817.00,446.00,49.00,100.00,1.00,-1,-1,-1
261,64,491.00,436.00,51.00,113.00,1.00,-1,-1,-1
261,27,974.00,8.00,37.00,86.00,1.00,-1,-1,-1
261,66,623.00,25.00,37.00,95.00,1.00,-1,-1,-1
261,71,999.00,662.00,60.00,58.00,1.00,-1,-1,-1
261,48,471.00,172.00,44.00,101.00,1.00,-1,-1,-1
261,37,686.00,127.00,27.00,80.00,1.00,-1,-1,-1
261,7,713.00,58.00,34.00,87.00,1.00,-1,-1,-1
261,68,871.00,617.00,70.00,103.00,1.00,-1,-1,-1
261,52,667.00,519.00,65.00,149.00,1.00,-1,-1,-1
261,65,922.00,9.00,26.00,88.00,1.00,-1,-1,-1
261,51,132.00,83.00,47.00,90.00,1.00,-1,-1,-1
261,44,827.00,108.00,37.00,93.00,1.00,-1,-1,-1
261,21,636.00,670.00,72.00,50.00,1.00,-1,-1,-1
261,63,142.00,641.00,80.00,79.00,1.00,-1,-1,-1
261,72,665.00,34.00,26.00,79.00,1.00,-1,-1,-1
261,69,843.00,0.00,30.00,65.00,1.00,-1,-1,-1
261,67,254.00,315.00,48.00,108.00,1.00,-1,-1,-1
261,59,294.00,604.00,62.00,109.00,1.00,-1,-1,-1
262,54,613.00,254.00,42.00,112.00,1.00,-1,-1,-1
262,71,998.00,657.00,62.00,63.00,1.00,-1,-1,-1
262,11,817.00,448.00,51.00,103.00,1.00,-1,-1,-1
262,64,491.00,433.00,51.00,116.00,1.00,-1,-1,-1
262,48,470.00,170.00,45.00,102.00,1.00,-1,-1,-1
262,68,870.00,612.00,71.00,108.00,1.00,-1,-1,-1
262,27,973.00,7.00,37.00,86.00,1.00,-1,-1,-1
262,66,624.00,25.00,36.00,94.00,1.00,-1,-1,-1
262,65,922.00,9.00,26.00,87.00,1.00,-1,-1,-1
262,37,687.00,125.00,26.00,82.00,1.00,-1,-1,-1
262,7,713.00,57.00,34.00,87.00,1.00,-1,-1,-1
262,44,826.00,107.00,37.00,93.00,1.00,-1,-1,-1
262,63,143.00,643.00,80.00,77.00,1.00,-1,-1,-1
262,51,132.00,83.00,46.00,90.00,1.00,-1,-1,-1
262,21,639.00,673.00,67.00,47.00,1.00,-1,-1,-1
262,52,667.00,522.00,66.00,147.00,1.00,-1,-1,-1
262,69,843.00,0.00,31.00,65.00,1.00,-1,-1,-1
262,62,1196.00,64.00,72.00,100.00,1.00,-1,-1,-1
262,59,293.00,605.00,63.00,113.00,1.00,-1,-1,-1
262,67,254.00,315.00,48.00,107.00,1.00,-1,-1,-1
262,72,665.00,36.00,27.00,78.00,1.00,-1,-1,-1
262,30,1186.00,283.00,56.00,109.00,1.00,-1,-1,-1
263,68,868.00,608.00,69.00,112.00,1.00,-1,-1,-1
263,64,491.00,432.00,51.00,116.00,1.00,-1,-1,-1
263,54,614.00,254.00,41.00,113.00,1.00,-1,-1,-1
263,48,470.00,168.00,46.00,103.00,1.00,-1,-1,-1
263,11,818.00,452.00,51.00,106.00,1.00,-1,-1,-1
263,71,998.00,653.00,63.00,67.00,1.00,-1,-1,-1
263,27,973.00,7.00,36.00,85.00,1.00,-1,-1,-1
263,66,624.00,27.00,36.00,94.00,1.00,-1,-1,-1
263,65,922.00,9.00,26.00,87.00,1.00,-1,-1,-1
263,52,669.00,524.00,65.00,144.00,1.00,-1,-1,-1
263,44,825.00,106.00,38.00,92.00,1.00,-1,-1,-1
263,63,143.00,645.00,82.00,75.00,1.00,-1,-1,-1
263,51,131.00,84.00,47.00,90.00,1.00,-1,-1,-1
263,7,711.00,57.00,36.00,87.00,1.00,-1,-1,-1
263,67,255.00,315.00,48.00,107.00,1.00,-1,-1,-1
263,69,844.00,0.00,32.00,64.00,1.00,-1,-1,-1
263,37,687.00,125.00,25.00,83.00,1.00,-1,-1,-1
263,72,666.00,37.00,25.00,79.00,1.00,-1,-1,-1
263,21,640.00,676.00,66.00,43.00,1.00,-1,-1,-1
263,74,688.00,526.00,47.00,141.00,1.00,-1,-1,-1
264,11,819.00,459.00,51.00,107.00,1.00,-1,-1,-1
264,48,471.00,166.00,42.00,105.00,1.00,-1,-1,-1
264,71,999.00,642.00,62.00,78.00,1.00,-1,-1,-1
264,64,490.00,428.00,52.00,120.00,1.00,-1,-1,-1
264,54,615.00,258.00,41.00,109.00,1.00,-1,-1,-1
264,27,972.00,5.00,35.00,85.00,1.00,-1,-1,-1
264,68,869.00,602.00,63.00,118.00,1.00,-1,-1,-1
264,44,825.00,103.00,38.00,92.00,1.00,-1,-1,-1
264,65,922.00,9.00,26.00,87.00,1.00,-1,-1,-1
264,66,625.00,30.00,35.00,90.00,1.00,-1,-1,-1
264,7,711.00,56.00,35.00,88.00,1.00,-1,-1,-1
264,59,292.00,618.00,62.00,101.00,1.00,-1,-1,-1
264,63,145.00,651.00,84.00,69.00,1.00,-1,-1,-1
264,51,130.00,85.00,47.00,93.00,1.00,-1,-1,-1
264,74,667.00,528.00,69.00,140.00,1.00,-1,-1,-1
264,69,848.00,0.00,29.00,61.00,1.00,-1,-1,-1
264,67,255.00,316.00,47.00,106.00,1.00,-1,-1,-1
264,37,687.00,123.00,26.00,85.00,1.00,-1,-1,-1
265,11,819.00,462.00,51.00,109.00,1.00,-1,-1,-1
265,48,471.00,165.00,39.00,106.00,1.00,-1,-1,-1
265,64,490.00,426.00,52.00,122.00,1.00,-1,-1,-1
265,54,616.00,258.00,40.00,109.00,1.00,-1,-1,-1
265,44,825.00,100.00,39.00,92.00,1.00,-1,-1,-1
265,71,999.00,637.00,62.00,83.00,1.00,-1,-1,-1
265,27,972.00,5.00,34.00,84.00,1.00,-1,-1,-1
265,66,624.00,30.00,37.00,90.00,1.00,-1,-1,-1
265,65,922.00,9.00,26.00,87.00,1.00,-1,-1,-1
265,68,863.00,600.00,66.00,120.00,1.00,-1,-1,-1
265,7,711.00,55.00,34.00,89.00,1.00,-1,-1,-1
265,51,130.00,87.00,48.00,93.00,1.00,-1,-1,-1
265,69,849.00,0.00,29.00,59.00,1.00,-1,-1,-1
265,74,665.00,530.00,71.00,136.00,1.00,-1,-1,-1
265,62,1196.00,54.00,66.00,101.00,1.00,-1,-1,-1
266,11,820.00,464.00,50.00,113.00,1.00,-1,-1,-1
266,54,615.00,262.00,42.00,106.00,1.00,-1,-1,-1
266,48,470.00,165.00,39.00,106.00,1.00,-1,-1,-1
266,71,997.00,633.00,65.00,87.00,1.00,-1,-1,-1
266,68,858.00,597.00,70.00,123.00,1.00,-1,-1,-1
266,64,490.00,424.00,52.00,123.00,1.00,-1,-1,-1
266,44,824.00,98.00,40.00,91.00,1.00,-1,-1,-1
266,27,972.00,4.00,33.00,85.00,1.00,-1,-1,-1
266,66,624.00,33.00,37.00,88.00,1.00,-1,-1,-1
266,65,923.00,9.00,25.00,88.00,1.00,-1,-1,-1
266,69,848.00,0.00,31.00,58.00,1.00,-1,-1,-1
266,7,711.00,54.00,34.00,89.00,1.00,-1,-1,-1
266,51,130.00,88.00,48.00,93.00,1.00,-1,-1,-1
266,74,665.00,532.00,71.00,134.00,1.00,-1,-1,-1
266,37,687.00,121.00,27.00,86.00,1.00,-1,-1,-1
266,62,1194.00,56.00,66.00,98.00,1.00,-1,-1,-1
267,11,821.00,467.00,50.00,113.00,1.00,-1,-1,-1
267,54,615.00,264.00,41.00,104.00,1.00,-1,-1,-1
267,64,490.00,421.00,52.00,124.00,1.00,-1,-1,-1
267,71,994.00,631.00,68.00,89.00,1.00,-1,-1,-1
267,48,470.00,164.00,39.00,107.00,1.00,-1,-1,-1
267,44,825.00,95.00,39.00,93.00,1.00,-1,-1,-1
267,27,972.00,4.00,32.00,84.00,1.00,-1,-1,-1
267,68,844.00,595.00,78.00,125.00,1.00,-1,-1,-1
267,66,624.00,32.00,37.00,89.00,1.00,-1,-1,-1
267,65,922.00,9.00,26.00,88.00,1.00,-1,-1,-1
267,7,711.00,53.00,34.00,87.00,1.00,-1,-1,-1
267,69,849.00,0.00,30.00,59.00,1.00,-1,-1,-1
267,51,129.00,89.00,48.00,94.00,1.00,-1,-1,-1
267,37,687.00,121.00,26.00,85.00,1.00,-1,-1,-1
267,63,153.00,660.00,82.00,60.00,1.00,-1,-1,-1
267,74,668.00,535.00,68.00,131.00,1.00,-1,-1,-1
267,72,668.00,40.00,26.00,84.00,1.00,-1,-1,-1
268,54,615.00,265.00,41.00,105.00,1.00,-1,-1,-1
268,11,822.00,471.00,50.00,110.00,1.00,-1,-1,-1
268,71,993.00,630.00,69.00,90.00,1.00,-1,-1,-1
268,64,490.00,420.00,52.00,121.00,1.00,-1,-1,-1
268,48,470.00,164.00,39.00,108.00,1.00,-1,-1,-1
268,68,844.00,593.00,76.00,127.00,1.00,-1,-1,-1
268,27,971.00,3.00,32.00,84.00,1.00,-1,-1,-1
268,44,825.00,95.00,40.00,91.00,1.00,-1,-1,-1
268,66,623.00,35.00,38.00,87.00,1.00,-1,-1,-1
268,65,922.00,9.00,26.00,88.00,1.00,-1,-1,-1
268,37,687.00,120.00,27.00,84.00,1.00,-1,-1,-1
268,7,711.00,52.00,34.00,86.00,1.00,-1,-1,-1
268,69,849.00,0.00,31.00,58.00,1.00,-1,-1,-1
268,74,666.00,538.00,71.00,128.00,1.00,-1,-1,-1
268,30,1185.00,295.00,60.00,118.00,1.00,-1,-1,-1
268,51,128.00,91.00,48.00,93.00,1.00,-1,-1,-1
268,72,668.00,43.00,24.00,80.00,1.00,-1,-1,-1
269,64,488.00,415.00,55.00,120.00,1.00,-1,-1,-1
269,54,615.00,268.00,41.00,107.00,1.00,-1,-1,-1
269,48,469.00,161.00,40.00,111.00,1.00,-1,-1,-1
269,11,822.00,477.00,51.00,107.00,1.00,-1,-1,-1
269,71,995.00,624.00,68.00,96.00,1.00,-1,-1,-1
269,66,621.00,34.00,40.00,93.00,1.00,-1,-1,-1
269,44,825.00,95.00,40.00,89.00,1.00,-1,-1,-1
269,27,969.00,1.00,33.00,83.00,1.00,-1,-1,-1
269,68,840.00,589.00,73.00,131.00,1.00,-1,-1,-1
269,65,921.00,9.00,27.00,88.00,1.00,-1,-1,-1
269,7,711.00,48.00,34.00,87.00,1.00,-1,-1,-1
269,69,847.00,0.00,32.00,58.00,1.00,-1,-1,-1
269,52,666.00,545.00,71.00,138.00,1.00,-1,-1,-1
269,72,666.00,45.00,28.00,79.00,1.00,-1,-1,-1
269,37,688.00,117.00,26.00,82.00,1.00,-1,-1,-1
269,62,1177.00,64.00,55.00,87.00,1.00,-1,-1,-1
269,30,1185.00,298.00,58.00,119.00,1.00,-1,-1,-1
269,50,489.00,13.00,35.00,67.00,1.00,-1,-1,-1
270,54,614.00,270.00,43.00,113.00,1.00,-1,-1,-1
270,64,488.00,413.00,55.00,116.00,1.00,-1,-1,-1
270,48,469.00,159.00,40.00,112.00,1.00,-1,-1,-1
270,11,821.00,479.00,52.00,105.00,1.00,-1,-1,-1
270,52,664.00,548.00,73.00,146.00,1.00,-1,-1,-1
270,66,621.00,37.00,39.00,92.00,1.00,-1,-1,-1
270,71,996.00,622.00,66.00,98.00,1.00,-1,-1,-1
270,27,968.00,0.00,33.00,83.00,1.00,-1,-1,-1
270,44,825.00,94.00,40.00,91.00,1.00,-1,-1,-1
270,68,843.00,586.00,69.00,134.00,1.00,-1,-1,-1
270,65,921.00,9.00,27.00,88.00,1.00,-1,-1,-1
270,72,666.00,46.00,27.00,79.00,1.00,-1,-1,-1
270,7,711.00,47.00,33.00,85.00,1.00,-1,-1,-1
270,69,847.00,0.00,33.00,58.00,1.00,-1,-1,-1
270,62,1168.00,64.00,60.00,86.00,1.00,-1,-1,-1
270,37,688.00,116.00,26.00,81.00,1.00,-1,-1,-1
270,51,125.00,95.00,50.00,92.00,1.00,-1,-1,-1
271,64,489.00,411.00,53.00,111.00,1.00,-1,-1,-1
271,54,614.00,271.00,44.00,117.00,1.00,-1,-1,-1
271,52,665.00,552.00,70.00,151.00,1.00,-1,-1,-1
271,48,470.00,158.00,39.00,111.00,1.00,-1,-1,-1
271,11,818.00,479.00,55.00,104.00,1.00,-1,-1,-1
271,68,834.00,583.00,74.00,137.00,1.00,-1,-1,-1
271,66,620.00,39.00,40.00,91.00,1.00,-1,-1,-1
271,71,998.00,618.00,64.00,102.00,1.00,-1,-1,-1
271,27,968.00,0.00,32.00,82.00,1.00,-1,-1,-1
271,44,825.00,93.00,39.00,92.00,1.00,-1,-1,-1
271,65,921.00,9.00,27.00,89.00,1.00,-1,-1,-1
271,7,711.00,47.00,32.00,85.00,1.00,-1,-1,-1
271,72,665.00,46.00,28.00,79.00,1.00,-1,-1,-1
271,62,1165.00,64.00,63.00,88.00,1.00,-1,-1,-1
271,69,847.00,0.00,32.00,59.00,1.00,-1,-1,-1
271,37,689.00,115.00,25.00,79.00,1.00,-1,-1,-1
271,51,125.00,96.00,49.00,93.00,1.00,-1,-1,-1
272,54,614.00,275.00,43.00,115.00,1.00,-1,-1,-1
272,64,488.00,408.00,54.00,110.00,1.00,-1,-1,-1
272,68,835.00,581.00,73.00,138.00,1.00,-1,-1,-1
272,48,470.00,158.00,39.00,110.00,1.00,-1,-1,-1
272,71,997.00,615.00,65.00,105.00,1.00,-1,-1,-1
272,52,664.00,556.00,72.00,149.00,1.00,-1,-1,-1
272,66,620.00,39.00,40.00,93.00,1.00,-1,-1,-1
272,27,967.00,0.00,33.00,81.00,1.00,-1,-1,-1
272,44,826.00,93.00,38.00,93.00,1.00,-1,-1,-1
272,65,921.00,10.00,27.00,88.00,1.00,-1,-1,-1
272,7,711.00,47.00,32.00,85.00,1.00,-1,-1,-1
272,72,665.00,47.00,28.00,77.00,1.00,-1,-1,-1
272,37,688.00,115.00,26.00,79.00,1.00,-1,-1,-1
272,75,817.00,481.00,55.00,173.00,1.00,-1,-1,-1
272,69,847.00,0.00,33.00,59.00,1.00,-1,-1,-1
272,11,817.00,480.00,56.00,104.00,1.00,-1,-1,-1
273,54,614.00,278.00,43.00,116.00,1.00,-1,-1,-1
273,52,664.00,561.00,72.00,147.00,1.00,-1,-1,-1
273,75,835.00,577.00,70.00,137.00,1.00,-1,-1,-1
273,64,487.00,406.00,53.00,111.00,1.00,-1,-1,-1
273,66,619.00,40.00,40.00,94.00,1.00,-1,-1,-1
273,71,997.00,611.00,64.00,107.00,1.00,-1,-1,-1
273,11,817.00,483.00,57.00,105.00,1.00,-1,-1,-1
273,27,966.00,0.00,33.00,82.00,1.00,-1,-1,-1
273,48,471.00,158.00,38.00,108.00,1.00,-1,-1,-1
273,44,827.00,93.00,37.00,93.00,1.00,-1,-1,-1
273,65,921.00,10.00,27.00,88.00,1.00,-1,-1,-1
273,7,710.00,46.00,32.00,86.00,1.00,-1,-1,-1
273,37,688.00,114.00,25.00,79.00,1.00,-1,-1,-1
273,69,847.00,0.00,32.00,59.00,1.00,-1,-1,-1
273,72,664.00,47.00,28.00,78.00,1.00,-1,-1,-1
273,62,1164.00,66.00,56.00,86.00,1.00,-1,-1,-1
273,51,123.00,98.00,50.00,94.00,1.00,-1,-1,-1
274,54,613.00,282.00,45.00,116.00,1.00,-1,-1,-1
274,64,487.00,403.00,54.00,112.00,1.00,-1,-1,-1
274,71,995.00,603.00,68.00,117.00,1.00,-1,-1,-1
274,27,965.00,0.00,33.00,82.00,1.00,-1,-1,-1
274,66,618.00,45.00,41.00,90.00,1.00,-1,-1,-1
274,44,829.00,91.00,35.00,92.00,1.00,-1,-1,-1
274,48,470.00,154.00,39.00,105.00,1.00,-1,-1,-1
274,52,665.00,566.00,71.00,152.00,1.00,-1,-1,-1
274,65,921.00,10.00,26.00,88.00,1.00,-1,-1,-1
274,7,708.00,46.00,33.00,85.00,1.00,-1,-1,-1
274,37,688.00,112.00,25.00,81.00,1.00,-1,-1,-1
274,51,120.00,100.00,52.00,92.00,1.00,-1,-1,-1
274,69,847.00,0.00,32.00,59.00,1.00,-1,-1,-1
274,72,665.00,49.00,28.00,80.00,1.00,-1,-1,-1
274,62,1163.00,64.00,55.00,88.00,1.00,-1,-1,-1
274,76,1243.00,82.00,36.00,167.00,1.00,-1,-1,-1
274,73,284.00,305.00,54.00,98.00,1.00,-1,-1,-1
275,54,613.00,284.00,45.00,116.00,1.00,-1,-1,-1
275,64,487.00,401.00,53.00,115.00,1.00,-1,-1,-1
275,27,965.00,0.00,33.00,82.00,1.00,-1,-1,-1
275,66,618.00,46.00,41.00,89.00,1.00,-1,-1,-1
275,71,996.00,600.00,68.00,120.00,1.00,-1,-1,-1
275,52,665.00,570.00,70.00,148.00,1.00,-1,-1,-1
275,44,829.00,88.00,36.00,94.00,1.00,-1,-1,-1
275,48,470.00,151.00,39.00,105.00,1.00,-1,-1,-1
275,65,921.00,10.00,26.00,88.00,1.00,-1,-1,-1
275,7,708.00,46.00,33.00,86.00,1.00,-1,-1,-1
275,62,1163.00,61.00,54.00,88.00,1.00,-1,-1,-1
275,37,688.00,113.00,25.00,80.00,1.00,-1,-1,-1
275,51,119.00,101.00,52.00,92.00,1.00,-1,-1,-1
275,69,848.00,0.00,31.00,59.00,1.00,-1,-1,-1
275,72,664.00,51.00,29.00,79.00,1.00,-1,-1,-1
275,76,1243.00,82.00,36.00,168.00,1.00,-1,-1,-1
275,73,283.00,305.00,55.00,99.00,1.00,-1,-1,-1
276,54,613.00,284.00,45.00,117.00,1.00,-1,-1,-1
276,64,487.00,400.00,53.00,115.00,1.00,-1,-1,-1
276,71,996.00,596.00,68.00,124.00,1.00,-1,-1,-1
276,11,809.00,498.00,69.00,188.00,1.00,-1,-1,-1
276,27,964.00,0.00,33.00,81.00,1.00,-1,-1,-1
276,52,665.00,572.00,71.00,147.00,1.00,-1,-1,-1
276,66,618.00,47.00,42.00,88.00,1.00,-1,-1,-1
276,44,830.00,87.00,35.00,92.00,1.00,-1,-1,-1
276,48,471.00,150.00,39.00,103.00,1.00,-1,-1,-1
276,65,921.00,10.00,26.00,88.00,1.00,-1,-1,-1
276,62,1165.00,62.00,50.00,87.00,1.00,-1,-1,-1
276,7,708.00,46.00,33.00,86.00,1.00,-1,-1,-1
276,37,688.00,112.00,25.00,81.00,1.00,-1,-1,-1
276,51,119.00,102.00,51.00,91.00,1.00,-1,-1,-1
276,72,665.00,54.00,28.00,77.00,1.00,-1,-1,-1
276,69,847.00,0.00,32.00,58.00,1.00,-1,-1,-1
276,73,282.00,305.00,57.00,99.00,1.00,-1,-1,-1
276,76,1243.00,87.00,36.00,164.00,1.00,-1,-1,-1
277,54,614.00,285.00,45.00,117.00,1.00,-1,-1,-1
277,64,487.00,399.00,54.00,116.00,1.00,-1,-1,-1
277,11,805.00,501.00,74.00,189.00,1.00,-1,-1,-1
277,27,962.00,0.00,34.00,81.00,1.00,-1,-1,-1
277,71,994.00,592.00,70.00,128.00,1.00,-1,-1,-1
277,44,830.00,86.00,36.00,91.00,1.00,-1,-1,-1
277,52,665.00,576.00,71.00,144.00,1.00,-1,-1,-1
277,66,618.00,47.00,42.00,89.00,1.00,-1,-1,-1
277,48,471.00,148.00,39.00,104.00,1.00,-1,-1,-1
277,65,921.00,11.00,26.00,87.00,1.00,-1,-1,-1
277,7,707.00,46.00,33.00,86.00,1.00,-1,-1,-1
277,37,687.00,111.00,25.00,82.00,1.00,-1,-1,-1
277,62,1166.00,63.00,50.00,87.00,1.00,-1,-1,-1
277,51,118.00,102.00,51.00,92.00,1.00,-1,-1,-1
277,72,666.00,54.00,28.00,78.00,1.00,-1,-1,-1
277,69,847.00,0.00,32.00,56.00,1.00,-1,-1,-1
277,73,282.00,306.00,57.00,98.00,1.00,-1,-1,-1
278,54,615.00,286.00,44.00,116.00,1.00,-1,-1,-1
278,64,487.00,398.00,54.00,117.00,1.00,-1,-1,-1
278,71,996.00,588.00,69.00,130.00,1.00,-1,-1,-1
278,52,664.00,578.00,72.00,142.00,1.00,-1,-1,-1
278,27,961.00,0.00,34.00,82.00,1.00,-1,-1,-1
278,48,467.00,147.00,42.00,104.00,1.00,-1,-1,-1
278,11,809.00,504.00,69.00,186.00,1.00,-1,-1,-1
278,66,618.00,48.00,42.00,88.00,1.00,-1,-1,-1
278,44,830.00,84.00,36.00,90.00,1.00,-1,-1,-1
278,30,1183.00,313.00,61.00,110.00,1.00,-1,-1,-1
278,7,707.00,45.00,33.00,87.00,1.00,-1,-1,-1
278,65,921.00,11.00,26.00,87.00,1.00,-1,-1,-1
278,62,1165.00,63.00,45.00,85.00,1.00,-1,-1,-1
278,51,117.00,103.00,51.00,91.00,1.00,-1,-1,-1
278,73,282.00,306.00,57.00,97.00,1.00,-1,-1,-1
278,37,687.00,110.00,26.00,83.00,1.00,-1,-1,-1
278,43,26.00,81.00,41.00,82.00,1.00,-1,-1,-1
278,67,253.00,318.00,45.00,107.00,1.00,-1,-1,-1
279,64,488.00,394.00,53.00,119.00,1.00,-1,-1,-1
279,71,1001.00,581.00,64.00,137.00,1.00,-1,-1,-1
279,54,615.00,289.00,44.00,114.00,1.00,-1,-1,-1
279,52,665.00,582.00,71.00,138.00,1.00,-1,-1,-1
279,30,1183.00,317.00,62.00,116.00,1.00,-1,-1,-1
279,27,959.00,0.00,35.00,79.00,1.00,-1,-1,-1
279,48,472.00,145.00,39.00,104.00,1.00,-1,-1,-1
279,11,812.00,509.00,67.00,180.00,1.00,-1,-1,-1
279,66,618.00,50.00,41.00,86.00,1.00,-1,-1,-1
279,7,707.00,43.00,32.00,87.00,1.00,-1,-1,-1
279,65,921.00,11.00,26.00,87.00,1.00,-1,-1,-1
279,51,117.00,103.00,49.00,93.00,1.00,-1,-1,-1
279,44,830.00,80.00,37.00,91.00,1.00,-1,-1,-1
279,62,1163.00,62.00,46.00,82.00,1.00,-1,-1,-1
279,50,510.00,14.00,37.00,68.00,1.00,-1,-1,-1
279,73,282.00,306.00,57.00,98.00,1.00,-1,-1,-1
279,72,668.00,58.00,25.00,79.00,1.00,-1,-1,-1
279,43,27.00,82.00,40.00,81.00,1.00,-1,-1,-1
280,64,489.00,393.00,51.00,116.00,1.00,-1,-1,-1
280,71,1003.00,577.00,61.00,140.00,1.00,-1,-1,-1
280,54,616.00,293.00,43.00,109.00,1.00,-1,-1,-1
280,27,959.00,0.00,34.00,77.00,1.00,-1,-1,-1
280,66,619.00,52.00,39.00,85.00,1.00,-1,-1,-1
280,52,667.00,585.00,68.00,135.00,1.00,-1,-1,-1
280,48,472.00,145.00,39.00,104.00,1.00,-1,-1,-1
280,11,806.00,511.00,73.00,177.00,1.00,-1,-1,-1
280,51,117.00,104.00,49.00,94.00,1.00,-1,-1,-1
280,7,705.00,40.00,34.00,90.00,1.00,-1,-1,-1
280,65,921.00,11.00,26.00,87.00,1.00,-1,-1,-1
280,30,1183.00,319.00,62.00,120.00,1.00,-1,-1,-1
280,62,1162.00,58.00,43.00,87.00,1.00,-1,-1,-1
280,44,830.00,80.00,37.00,90.00,1.00,-1,-1,-1
280,43,27.00,82.00,40.00,81.00,1.00,-1,-1,-1
280,77,1200.00,38.00,37.00,83.00,1.00,-1,-1,-1
280,72,668.00,58.00,25.00,79.00,1.00,-1,-1,-1
280,73,282.00,307.00,57.00,97.00,1.00,-1,-1,-1
281,64,489.00,389.00,51.00,117.00,1.00,-1,-1,-1
281,71,1003.00,575.00,61.00,142.00,1.00,-1,-1,-1
281,54,616.00,296.00,42.00,106.00,1.00,-1,-1,-1
281,27,959.00,0.00,33.00,72.00,1.00,-1,-1,-1
281,66,619.00,52.00,39.00,86.00,1.00,-1,-1,-1
281,7,705.00,38.00,33.00,88.00,1.00,-1,-1,-1
281,48,473.00,144.00,38.00,105.00,1.00,-1,-1,-1
281,65,921.00,11.00,26.00,87.00,1.00,-1,-1,-1
281,51,116.00,106.00,50.00,93.00,1.00,-1,-1,-1
281,52,671.00,588.00,66.00,131.00,1.00,-1,-1,-1
281,44,830.00,79.00,37.00,90.00,1.00,-1,-1,-1
281,62,1160.00,56.00,44.00,88.00,1.00,-1,-1,-1
281,30,1184.00,320.00,62.00,123.00,1.00,-1,-1,-1
281,77,1200.00,37.00,36.00,84.00,1.00,-1,-1,-1
281,72,668.00,59.00,25.00,77.00,1.00,-1,-1,-1
281,73,282.00,307.00,57.00,97.00,1.00,-1,-1,-1
281,43,27.00,81.00,40.00,82.00,1.00,-1,-1,-1
282,71,1004.00,573.00,60.00,144.00,1.00,-1,-1,-1
282,64,489.00,386.00,51.00,117.00,1.00,-1,-1,-1
282,54,616.00,297.00,42.00,106.00,1.00,-1,-1,-1
282,7,705.00,37.00,33.00,86.00,1.00,-1,-1,-1
282,27,958.00,0.00,32.00,73.00,1.00,-1,-1,-1
282,52,666.00,592.00,71.00,128.00,1.00,-1,-1,-1
282,66,620.00,53.00,38.00,87.00,1.00,-1,-1,-1
282,65,921.00,11.00,26.00,87.00,1.00,-1,-1,-1
282,48,474.00,144.00,38.00,104.00,1.00,-1,-1,-1
282,30,1183.00,322.00,63.00,124.00,1.00,-1,-1,-1
282,51,116.00,107.00,49.00,94.00,1.00,-1,-1,-1
282,44,830.00,79.00,37.00,90.00,1.00,-1,-1,-1
282,62,1155.00,54.00,48.00,90.00,1.00,-1,-1,-1
282,72,667.00,59.00,26.00,77.00,1.00,-1,-1,-1
282,77,1200.00,37.00,34.00,84.00,1.00,-1,-1,-1
282,73,282.00,307.00,57.00,98.00,1.00,-1,-1,-1
282,43,27.00,81.00,40.00,82.00,1.00,-1,-1,-1
282,37,687.00,102.00,27.00,81.00,1.00,-1,-1,-1
283,71,1005.00,571.00,59.00,144.00,1.00,-1,-1,-1
283,64,490.00,384.00,51.00,114.00,1.00,-1,-1,-1
283,54,616.00,298.00,41.00,110.00,1.00,-1,-1,-1
283,7,704.00,35.00,33.00,86.00,1.00,-1,-1,-1
283,52,666.00,595.00,71.00,125.00,1.00,-1,-1,-1
283,27,958.00,0.00,32.00,72.00,1.00,-1,-1,-1
283,65,921.00,11.00,26.00,87.00,1.00,-1,-1,-1
283,44,830.00,79.00,37.00,90.00,1.00,-1,-1,-1
283,30,1183.00,325.00,63.00,111.00,1.00,-1,-1,-1
283,48,474.00,143.00,39.00,106.00,1.00,-1,-1,-1
283,66,621.00,53.00,36.00,89.00,1.00,-1,-1,-1
283,62,1154.00,56.00,47.00,89.00,1.00,-1,-1,-1
283,37,688.00,102.00,26.00,76.00,1.00,-1,-1,-1
283,51,116.00,110.00,48.00,91.00,1.00,-1,-1,-1
283,72,666.00,60.00,27.00,75.00,1.00,-1,-1,-1
283,43,26.00,81.00,41.00,81.00,1.00,-1,-1,-1
283,77,1196.00,36.00,37.00,87.00,1.00,-1,-1,-1
283,68,792.00,535.00,79.00,150.00,1.00,-1,-1,-1
284,71,1006.00,565.00,57.00,146.00,1.00,-1,-1,-1
284,68,786.00,541.00,65.00,139.00,1.00,-1,-1,-1
284,54,617.00,302.00,41.00,115.00,1.00,-1,-1,-1
284,64,490.00,380.00,50.00,107.00,1.00,-1,-1,-1
284,11,832.00,526.00,51.00,111.00,1.00,-1,-1,-1
284,7,704.00,32.00,33.00,86.00,1.00,-1,-1,-1
284,62,1145.00,57.00,54.00,87.00,1.00,-1,-1,-1
284,27,957.00,0.00,32.00,70.00,1.00,-1,-1,-1
284,52,667.00,603.00,72.00,117.00,1.00,-1,-1,-1
284,48,475.00,141.00,39.00,102.00,1.00,-1,-1,-1
284,66,621.00,54.00,36.00,92.00,1.00,-1,-1,-1
284,30,1183.00,329.00,63.00,100.00,1.00,-1,-1,-1
284,65,921.00,11.00,26.00,87.00,1.00,-1,-1,-1
284,44,830.00,77.00,36.00,92.00,1.00,-1,-1,-1
284,37,689.00,102.00,25.00,74.00,1.00,-1,-1,-1
284,78,1231.00,31.00,41.00,86.00,1.00,-1,-1,-1
284,51,115.00,111.00,48.00,95.00,1.00,-1,-1,-1
284,77,1197.00,36.00,34.00,84.00,1.00,-1,-1,-1
284,43,26.00,81.00,40.00,82.00,1.00,-1,-1,-1
284,72,665.00,61.00,28.00,75.00,1.00,-1,-1,-1
285,71,1006.00,559.00,57.00,150.00,1.00,-1,-1,-1
285,54,616.00,304.00,42.00,113.00,1.00,-1,-1,-1
285,64,490.00,377.00,51.00,106.00,1.00,-1,-1,-1
285,7,703.00,31.00,34.00,86.00,1.00,-1,-1,-1
285,68,786.00,536.00,62.00,141.00,1.00,-1,-1,-1
285,52,665.00,609.00,75.00,111.00,1.00,-1,-1,-1
285,11,837.00,530.00,48.00,116.00,1.00,-1,-1,-1
285,66,622.00,54.00,35.00,93.00,1.00,-1,-1,-1
285,48,475.00,139.00,39.00,105.00,1.00,-1,-1,-1
285,30,1184.00,331.00,63.00,124.00,1.00,-1,-1,-1
285,44,830.00,76.00,36.00,92.00,1.00,-1,-1,-1
285,27,956.00,1.00,33.00,69.00,1.00,-1,-1,-1
285,78,1143.00,54.00,62.00,91.00,1.00,-1,-1,-1
285,65,921.00,11.00,27.00,88.00,1.00,-1,-1,-1
285,51,115.00,113.00,47.00,95.00,1.00,-1,-1,-1
285,37,689.00,102.00,25.00,74.00,1.00,-1,-1,-1
285,79,1229.00,31.00,43.00,88.00,1.00,-1,-1,-1
285,77,1195.00,34.00,36.00,85.00,1.00,-1,-1,-1
285,43,26.00,81.00,40.00,82.00,1.00,-1,-1,-1
285,72,664.00,62.00,29.00,75.00,1.00,-1,-1,-1
286,71,1006.00,557.00,57.00,146.00,1.00,-1,-1,-1
286,64,490.00,373.00,51.00,108.00,1.00,-1,-1,-1
286,54,616.00,307.00,43.00,114.00,1.00,-1,-1,-1
286,7,703.00,31.00,34.00,86.00,1.00,-1,-1,-1
286,52,665.00,612.00,75.00,108.00,1.00,-1,-1,-1
286,48,475.00,138.00,40.00,105.00,1.00,-1,-1,-1
286,66,622.00,55.00,35.00,94.00,1.00,-1,-1,-1
286,44,830.00,74.00,37.00,92.00,1.00,-1,-1,-1
286,51,114.00,114.00,48.00,95.00,1.00,-1,-1,-1
286,78,1142.00,55.00,59.00,90.00,1.00,-1,-1,-1
286,30,1185.00,332.00,63.00,123.00,1.00,-1,-1,-1
286,27,956.00,1.00,32.00,69.00,1.00,-1,-1,-1
286,65,921.00,11.00,26.00,88.00,1.00,-1,-1,-1
286,11,835.00,535.00,50.00,116.00,1.00,-1,-1,-1
286,68,784.00,534.00,59.00,135.00,1.00,-1,-1,-1
286,37,690.00,100.00,24.00,75.00,1.00,-1,-1,-1
286,43,26.00,81.00,40.00,82.00,1.00,-1,-1,-1
286,79,1227.00,30.00,44.00,89.00,1.00,-1,-1,-1
286,77,1194.00,33.00,36.00,85.00,1.00,-1,-1,-1
286,76,1249.00,184.00,30.00,77.00,1.00,-1,-1,-1
287,71,1006.00,552.00,57.00,143.00,1.00,-1,-1,-1
287,64,490.00,373.00,52.00,108.00,1.00,-1,-1,-1
287,54,616.00,309.00,43.00,113.00,1.00,-1,-1,-1
287,52,665.00,615.00,76.00,105.00,1.00,-1,-1,-1
287,7,703.00,31.00,34.00,85.00,1.00,-1,-1,-1
287,48,476.00,135.00,40.00,106.00,1.00,-1,-1,-1
287,30,1186.00,335.00,62.00,120.00,1.00,-1,-1,-1
287,66,623.00,56.00,35.00,94.00,1.00,-1,-1,-1
287,44,829.00,73.00,38.00,91.00,1.00,-1,-1,-1
287,27,955.00,1.00,31.00,68.00,1.00,-1,-1,-1
287,51,114.00,116.00,46.00,93.00,1.00,-1,-1,-1
287,65,921.00,11.00,26.00,88.00,1.00,-1,-1,-1
287,78,1139.00,55.00,61.00,89.00,1.00,-1,-1,-1
287,11,805.00,539.00,82.00,116.00,1.00,-1,-1,-1
287,79,1227.00,30.00,43.00,89.00,1.00,-1,-1,-1
287,43,26.00,81.00,40.00,82.00,1.00,-1,-1,-1
287,77,1191.00,32.00,38.00,84.00,1.00,-1,-1,-1
287,37,690.00,99.00,24.00,76.00,1.00,-1,-1,-1
287,76,1251.00,185.00,28.00,77.00,1.00,-1,-1,-1
288,71,1006.00,549.00,57.00,137.00,1.00,-1,-1,-1
288,64,490.00,371.00,51.00,109.00,1.00,-1,-1,-1
288,54,617.00,310.00,42.00,121.00,1.00,-1,-1,-1
288,7,703.00,30.00,34.00,87.00,1.00,-1,-1,-1
288,30,1187.00,335.00,62.00,121.00,1.00,-1,-1,-1
288,48,476.00,135.00,41.00,103.00,1.00,-1,-1,-1
288,66,623.00,57.00,36.00,94.00,1.00,-1,-1,-1
288,44,830.00,71.00,37.00,90.00,1.00,-1,-1,-1
288,11,833.00,542.00,54.00,114.00,1.00,-1,-1,-1
288,68,781.00,528.00,50.00,126.00,1.00,-1,-1,-1
288,52,665.00,619.00,76.00,101.00,1.00,-1,-1,-1
288,78,1137.00,53.00,63.00,90.00,1.00,-1,-1,-1
288,27,954.00,1.00,31.00,69.00,1.00,-1,-1,-1
288,65,921.00,11.00,25.00,90.00,1.00,-1,-1,-1
288,51,115.00,117.00,44.00,92.00,1.00,-1,-1,-1
288,79,1228.00,30.00,40.00,88.00,1.00,-1,-1,-1
288,72,665.00,64.00,30.00,82.00,1.00,-1,-1,-1
288,77,1190.00,31.00,36.00,86.00,1.00,-1,-1,-1
288,43,25.00,81.00,41.00,82.00,1.00,-1,-1,-1
288,76,1252.00,185.00,27.00,78.00,1.00,-1,-1,-1
289,64,490.00,368.00,52.00,113.00,1.00,-1,-1,-1
289,71,1004.00,541.00,61.00,128.00,1.00,-1,-1,-1
289,11,833.00,547.00,57.00,112.00,1.00,-1,-1,-1
289,48,475.00,131.00,44.00,101.00,1.00,-1,-1,-1
289,30,1187.00,337.00,64.00,119.00,1.00,-1,-1,-1
289,54,618.00,313.00,42.00,119.00,1.00,-1,-1,-1
289,66,623.00,60.00,37.00,90.00,1.00,-1,-1,-1
289,7,702.00,29.00,35.00,88.00,1.00,-1,-1,-1
289,44,830.00,67.00,38.00,89.00,1.00,-1,-1,-1
289,51,113.00,119.00,47.00,91.00,1.00,-1,-1,-1
289,27,953.00,0.00,32.00,68.00,1.00,-1,-1,-1
289,65,921.00,11.00,26.00,90.00,1.00,-1,-1,-1
289,79,1226.00,29.00,38.00,87.00,1.00,-1,-1,-1
289,68,780.00,521.00,51.00,124.00,1.00,-1,-1,-1
289,78,1135.00,53.00,57.00,87.00,1.00,-1,-1,-1
289,76,1253.00,185.00,26.00,84.00,1.00,-1,-1,-1
289,43,25.00,82.00,41.00,81.00,1.00,-1,-1,-1
289,72,665.00,67.00,30.00,81.00,1.00,-1,-1,-1
289,50,535.00,12.00,21.00,68.00,1.00,-1,-1,-1
289,52,667.00,626.00,74.00,94.00,1.00,-1,-1,-1
289,77,1186.00,30.00,38.00,83.00,1.00,-1,-1,-1
290,64,490.00,367.00,51.00,114.00,1.00,-1,-1,-1
290,54,618.00,316.00,42.00,116.00,1.00,-1,-1,-1
290,71,1004.00,539.00,61.00,127.00,1.00,-1,-1,-1
290,11,835.00,550.00,55.00,109.00,1.00,-1,-1,-1
290,30,1190.00,339.00,62.00,117.00,1.00,-1,-1,-1
290,48,475.00,130.00,45.00,99.00,1.00,-1,-1,-1
290,7,702.00,28.00,35.00,89.00,1.00,-1,-1,-1
290,66,623.00,59.00,38.00,91.00,1.00,-1,-1,-1
290,51,113.00,119.00,46.00,90.00,1.00,-1,-1,-1
290,52,663.00,629.00,77.00,91.00,1.00,-1,-1,-1
290,44,832.00,65.00,36.00,88.00,1.00,-1,-1,-1
290,78,1136.00,53.00,50.00,85.00,1.00,-1,-1,-1
290,79,1225.00,28.00,39.00,88.00,1.00,-1,-1,-1
290,27,953.00,0.00,31.00,67.00,1.00,-1,-1,-1
290,65,921.00,12.00,28.00,88.00,1.00,-1,-1,-1
290,76,1253.00,184.00,26.00,86.00,1.00,-1,-1,-1
290,68,778.00,520.00,48.00,122.00,1.00,-1,-1,-1
290,72,665.00,69.00,31.00,79.00,1.00,-1,-1,-1
290,77,1186.00,29.00,37.00,82.00,1.00,-1,-1,-1
290,43,25.00,81.00,41.00,82.00,1.00,-1,-1,-1
291,54,618.00,318.00,44.00,114.00,1.00,-1,-1,-1
291,64,490.00,365.00,51.00,115.00,1.00,-1,-1,-1
291,71,1003.00,535.00,64.00,129.00,1.00,-1,-1,-1
291,11,835.00,554.00,57.00,104.00,1.00,-1,-1,-1
291,30,1190.00,340.00,63.00,115.00,1.00,-1,-1,-1
291,48,477.00,130.00,43.00,99.00,1.00,-1,-1,-1
291,51,113.00,119.00,47.00,90.00,1.00,-1,-1,-1
291,44,832.00,64.00,37.00,87.00,1.00,-1,-1,-1
291,52,663.00,631.00,77.00,89.00,1.00,-1,-1,-1
291,66,621.00,59.00,39.00,92.00,1.00,-1,-1,-1
291,65,921.00,12.00,26.00,89.00,1.00,-1,-1,-1
291,78,1136.00,50.00,49.00,86.00,1.00,-1,-1,-1
291,7,702.00,27.00,35.00,89.00,1.00,-1,-1,-1
291,27,952.00,0.00,31.00,66.00,1.00,-1,-1,-1
291,79,1223.00,27.00,40.00,87.00,1.00,-1,-1,-1
291,68,770.00,517.00,57.00,127.00,1.00,-1,-1,-1
291,77,1187.00,29.00,36.00,81.00,1.00,-1,-1,-1
291,76,1253.00,179.00,26.00,93.00,1.00,-1,-1,-1
291,72,666.00,70.00,29.00,78.00,1.00,-1,-1,-1
291,43,25.00,81.00,41.00,82.00,1.00,-1,-1,-1
291,80,1243.00,73.00,36.00,96.00,1.00,-1,-1,-1
292,54,618.00,320.00,45.00,112.00,1.00,-1,-1,-1
292,64,491.00,364.00,49.00,115.00,1.00,-1,-1,-1
292,71,1002.00,535.00,65.00,131.00,1.00,-1,-1,-1
292,30,1191.00,343.00,63.00,113.00,1.00,-1,-1,-1
292,11,836.00,557.00,57.00,102.00,1.00,-1,-1,-1
292,48,478.00,129.00,42.00,100.00,1.00,-1,-1,-1
292,51,113.00,120.00,47.00,91.00,1.00,-1,-1,-1
292,66,621.00,60.00,38.00,92.00,1.00,-1,-1,-1
292,44,834.00,63.00,36.00,88.00,1.00,-1,-1,-1
292,52,664.00,634.00,76.00,86.00,1.00,-1,-1,-1
292,78,1136.00,48.00,49.00,87.00,1.00,-1,-1,-1
292,65,921.00,13.00,27.00,87.00,1.00,-1,-1,-1
292,27,952.00,0.00,30.00,66.00,1.00,-1,-1,-1
292,79,1224.00,26.00,38.00,86.00,1.00,-1,-1,-1
292,68,761.00,516.00,64.00,128.00,1.00,-1,-1,-1
292,72,666.00,70.00,29.00,78.00,1.00,-1,-1,-1
292,7,702.00,28.00,34.00,83.00,1.00,-1,-1,-1
292,77,1186.00,28.00,35.00,79.00,1.00,-1,-1,-1
292,50,539.00,12.00,31.00,69.00,1.00,-1,-1,-1
292,43,25.00,81.00,41.00,82.00,1.00,-1,-1,-1
293,54,618.00,320.00,46.00,111.00,1.00,-1,-1,-1
293,64,492.00,362.00,48.00,116.00,1.00,-1,-1,-1
293,11,836.00,559.00,57.00,99.00,1.00,-1,-1,-1
293,71,1003.00,533.00,63.00,133.00,1.00,-1,-1,-1
293,30,1192.00,343.00,63.00,117.00,1.00,-1,-1,-1
293,51,112.00,121.00,48.00,90.00,1.00,-1,-1,-1
293,48,478.00,128.00,42.00,101.00,1.00,-1,-1,-1
293,66,620.00,62.00,40.00,90.00,1.00,-1,-1,-1
293,44,834.00,63.00,36.00,88.00,1.00,-1,-1,-1
293,52,663.00,636.00,77.00,84.00,1.00,-1,-1,-1
293,68,756.00,514.00,66.00,129.00,1.00,-1,-1,-1
293,65,921.00,11.00,26.00,90.00,1.00,-1,-1,-1
293,27,952.00,0.00,29.00,64.00,1.00,-1,-1,-1
293,79,1222.00,24.00,39.00,88.00,1.00,-1,-1,-1
293,78,1136.00,48.00,44.00,84.00,1.00,-1,-1,-1
293,72,667.00,70.00,28.00,78.00,1.00,-1,-1,-1
293,43,25.00,81.00,41.00,82.00,1.00,-1,-1,-1
293,7,702.00,28.00,33.00,84.00,1.00,-1,-1,-1
293,81,0.00,199.00,24.00,89.00,1.00,-1,-1,-1
294,64,492.00,356.00,48.00,116.00,1.00,-1,-1,-1
294,54,617.00,324.00,48.00,108.00,1.00,-1,-1,-1
294,11,837.00,565.00,57.00,103.00,1.00,-1,-1,-1
294,71,1006.00,528.00,60.00,137.00,1.00,-1,-1,-1
294,30,1194.00,349.00,63.00,123.00,1.00,-1,-1,-1
294,66,619.00,63.00,41.00,91.00,1.00,-1,-1,-1
294,44,833.00,63.00,38.00,87.00,1.00,-1,-1,-1
294,48,479.00,127.00,40.00,101.00,1.00,-1,-1,-1
294,65,921.00,11.00,27.00,91.00,1.00,-1,-1,-1
294,51,111.00,121.00,49.00,91.00,1.00,-1,-1,-1
294,78,1133.00,47.00,39.00,84.00,1.00,-1,-1,-1
294,79,1221.00,22.00,39.00,89.00,1.00,-1,-1,-1
294,7,701.00,24.00,33.00,80.00,1.00,-1,-1,-1
294,27,952.00,1.00,28.00,58.00,1.00,-1,-1,-1
294,80,1239.00,67.00,40.00,95.00,1.00,-1,-1,-1
294,77,1181.00,27.00,37.00,79.00,1.00,-1,-1,-1
294,52,662.00,642.00,78.00,78.00,1.00,-1,-1,-1
295,54,617.00,325.00,48.00,112.00,1.00,-1,-1,-1
295,64,493.00,353.00,47.00,115.00,1.00,-1,-1,-1
295,75,837.00,569.00,58.00,112.00,1.00,-1,-1,-1
295,71,1006.00,525.00,62.00,138.00,1.00,-1,-1,-1
295,44,834.00,62.00,37.00,88.00,1.00,-1,-1,-1
295,66,619.00,63.00,41.00,93.00,1.00,-1,-1,-1
295,68,752.00,508.00,64.00,136.00,1.00,-1,-1,-1
295,65,921.00,11.00,27.00,91.00,1.00,-1,-1,-1
295,30,1195.00,351.00,64.00,120.00,1.00,-1,-1,-1
295,51,111.00,122.00,48.00,91.00,1.00,-1,-1,-1
295,48,479.00,127.00,40.00,101.00,1.00,-1,-1,-1
295,79,1220.00,22.00,39.00,87.00,1.00,-1,-1,-1
295,78,1130.00,47.00,42.00,83.00,1.00,-1,-1,-1
295,7,702.00,24.00,32.00,80.00,1.00,-1,-1,-1
295,27,951.00,1.00,30.00,57.00,1.00,-1,-1,-1
295,43,25.00,81.00,41.00,81.00,1.00,-1,-1,-1
296,54,617.00,325.00,50.00,117.00,1.00,-1,-1,-1
296,64,492.00,352.00,48.00,112.00,1.00,-1,-1,-1
296,75,837.00,573.00,57.00,114.00,1.00,-1,-1,-1
296,71,1006.00,522.00,63.00,136.00,1.00,-1,-1,-1
296,68,747.00,505.00,67.00,135.00,1.00,-1,-1,-1
296,44,834.00,61.00,38.00,90.00,1.00,-1,-1,-1
296,66,619.00,63.00,41.00,96.00,1.00,-1,-1,-1
296,65,921.00,10.00,27.00,91.00,1.00,-1,-1,-1
296,51,110.00,124.00,49.00,92.00,1.00,-1,-1,-1
296,30,1195.00,351.00,65.00,113.00,1.00,-1,-1,-1
296,82,963.00,674.00,64.00,46.00,1.00,-1,-1,-1
296,7,702.00,23.00,32.00,80.00,1.00,-1,-1,-1
296,48,479.00,126.00,40.00,101.00,1.00,-1,-1,-1
296,79,1220.00,20.00,38.00,87.00,1.00,-1,-1,-1
296,50,540.00,11.00,35.00,69.00,1.00,-1,-1,-1
296,80,1239.00,64.00,40.00,92.00,1.00,-1,-1,-1
296,77,1182.00,23.00,35.00,84.00,1.00,-1,-1,-1
296,78,1123.00,47.00,47.00,83.00,1.00,-1,-1,-1
297,54,617.00,330.00,50.00,120.00,1.00,-1,-1,-1
297,64,492.00,350.00,48.00,108.00,1.00,-1,-1,-1
297,75,837.00,578.00,58.00,115.00,1.00,-1,-1,-1
297,68,749.00,504.00,64.00,135.00,1.00,-1,-1,-1
297,44,836.00,60.00,36.00,90.00,1.00,-1,-1,-1
297,71,1009.00,520.00,62.00,137.00,1.00,-1,-1,-1
297,51,110.00,124.00,49.00,93.00,1.00,-1,-1,-1
297,82,964.00,672.00,63.00,48.00,1.00,-1,-1,-1
297,66,618.00,64.00,42.00,97.00,1.00,-1,-1,-1
297,65,921.00,11.00,28.00,91.00,1.00,-1,-1,-1
297,7,701.00,22.00,33.00,81.00,1.00,-1,-1,-1
297,48,480.00,124.00,38.00,103.00,1.00,-1,-1,-1
297,50,542.00,10.00,34.00,71.00,1.00,-1,-1,-1
297,79,1220.00,19.00,37.00,85.00,1.00,-1,-1,-1
297,78,1118.00,45.00,54.00,85.00,1.00,-1,-1,-1
297,80,1237.00,64.00,42.00,90.00,1.00,-1,-1,-1
297,77,1180.00,26.00,35.00,81.00,1.00,-1,-1,-1
297,43,25.00,81.00,41.00,81.00,1.00,-1,-1,-1
298,54,617.00,333.00,50.00,120.00,1.00,-1,-1,-1
298,75,837.00,581.00,58.00,120.00,1.00,-1,-1,-1
298,64,493.00,348.00,47.00,103.00,1.00,-1,-1,-1
298,71,1007.00,516.00,66.00,137.00,1.00,-1,-1,-1
298,82,964.00,666.00,64.00,54.00,1.00,-1,-1,-1
298,68,752.00,500.00,60.00,132.00,1.00,-1,-1,-1
298,66,618.00,65.00,43.00,97.00,1.00,-1,-1,-1
298,44,837.00,59.00,35.00,89.00,1.00,-1,-1,-1
298,65,921.00,11.00,27.00,91.00,1.00,-1,-1,-1
298,51,110.00,126.00,49.00,93.00,1.00,-1,-1,-1
298,7,701.00,21.00,33.00,83.00,1.00,-1,-1,-1
298,77,1179.00,26.00,35.00,80.00,1.00,-1,-1,-1
298,48,479.00,123.00,39.00,103.00,1.00,-1,-1,-1
298,80,1234.00,63.00,45.00,92.00,1.00,-1,-1,-1
298,79,1220.00,18.00,36.00,87.00,1.00,-1,-1,-1
298,50,543.00,7.00,34.00,74.00,1.00,-1,-1,-1
298,43,25.00,81.00,41.00,81.00,1.00,-1,-1,-1
298,78,1110.00,45.00,57.00,84.00,1.00,-1,-1,-1
298,83,769.00,505.00,43.00,124.00,1.00,-1,-1,-1
299,54,615.00,336.00,52.00,123.00,1.00,-1,-1,-1
299,64,494.00,343.00,46.00,106.00,1.00,-1,-1,-1
299,83,837.00,588.00,57.00,116.00,1.00,-1,-1,-1
299,71,1008.00,509.00,66.00,127.00,1.00,-1,-1,-1
299,68,744.00,496.00,60.00,121.00,1.00,-1,-1,-1
299,66,617.00,69.00,44.00,97.00,1.00,-1,-1,-1
299,82,963.00,658.00,65.00,62.00,1.00,-1,-1,-1
299,51,108.00,128.00,50.00,92.00,1.00,-1,-1,-1
299,48,481.00,120.00,38.00,105.00,1.00,-1,-1,-1
299,44,839.00,55.00,33.00,90.00,1.00,-1,-1,-1
299,65,920.00,10.00,28.00,92.00,1.00,-1,-1,-1
299,72,665.00,78.00,30.00,81.00,1.00,-1,-1,-1
299,37,694.00,80.00,24.00,82.00,1.00,-1,-1,-1
299,43,24.00,81.00,42.00,81.00,1.00,-1,-1,-1
299,79,1220.00,17.00,35.00,90.00,1.00,-1,-1,-1
299,81,0.00,208.00,28.00,80.00,1.00,-1,-1,-1
299,78,1109.00,48.00,56.00,81.00,1.00,-1,-1,-1
300,54,615.00,340.00,51.00,122.00,1.00,-1,-1,-1
300,71,1008.00,506.00,66.00,121.00,1.00,-1,-1,-1
300,64,494.00,342.00,47.00,107.00,1.00,-1,-1,-1
300,83,836.00,591.00,58.00,113.00,1.00,-1,-1,-1
300,82,962.00,654.00,67.00,66.00,1.00,-1,-1,-1
300,66,617.00,71.00,44.00,96.00,1.00,-1,-1,-1
300,68,737.00,491.00,62.00,120.00,1.00,-1,-1,-1
300,48,481.00,119.00,37.00,106.00,1.00,-1,-1,-1
300,44,840.00,55.00,33.00,88.00,1.00,-1,-1,-1
300,51,107.00,130.00,51.00,93.00,1.00,-1,-1,-1
300,65,920.00,9.00,26.00,93.00,1.00,-1,-1,-1
300,72,664.00,80.00,30.00,80.00,1.00,-1,-1,-1
300,37,695.00,81.00,23.00,81.00,1.00,-1,-1,-1
300,79,1218.00,17.00,36.00,89.00,1.00,-1,-1,-1
300,43,24.00,81.00,41.00,81.00,1.00,-1,-1,-1
300,78,1105.00,46.00,60.00,83.00,1.00,-1,-1,-1
301,54,615.00,341.00,51.00,121.00,1.00,-1,-1,-1
301,64,493.00,342.00,48.00,106.00,1.00,-1,-1,-1
301,71,1009.00,503.00,66.00,121.00,1.00,-1,-1,-1
301,83,836.00,594.00,59.00,110.00,1.00,-1,-1,-1
301,82,962.00,650.00,67.00,70.00,1.00,-1,-1,-1
301,66,616.00,71.00,44.00,96.00,1.00,-1,-1,-1
301,48,480.00,119.00,38.00,105.00,1.00,-1,-1,-1
301,68,731.00,489.00,65.00,120.00,1.00,-1,-1,-1
301,44,840.00,53.00,34.00,86.00,1.00,-1,-1,-1
301,65,920.00,9.00,26.00,93.00,1.00,-1,-1,-1
301,72,663.00,81.00,31.00,80.00,1.00,-1,-1,-1
301,30,1199.00,365.00,63.00,123.00,1.00,-1,-1,-1
301,37,695.00,81.00,23.00,81.00,1.00,-1,-1,-1
301,78,1104.00,47.00,64.00,83.00,1.00,-1,-1,-1
301,51,106.00,132.00,52.00,93.00,1.00,-1,-1,-1
301,43,24.00,81.00,41.00,81.00,1.00,-1,-1,-1
301,79,1217.00,17.00,35.00,89.00,1.00,-1,-1,-1
302,54,615.00,343.00,51.00,120.00,1.00,-1,-1,-1
302,83,836.00,597.00,59.00,107.00,1.00,-1,-1,-1
302,71,1013.00,500.00,61.00,125.00,1.00,-1,-1,-1
302,64,493.00,340.00,49.00,108.00,1.00,-1,-1,-1
302,82,963.00,647.00,65.00,73.00,1.00,-1,-1,-1
302,66,616.00,71.00,45.00,96.00,1.00,-1,-1,-1
302,48,480.00,117.00,38.00,103.00,1.00,-1,-1,-1
302,68,729.00,487.00,65.00,122.00,1.00,-1,-1,-1
302,44,841.00,52.00,33.00,85.00,1.00,-1,-1,-1
302,65,920.00,9.00,26.00,93.00,1.00,-1,-1,-1
302,72,664.00,80.00,31.00,82.00,1.00,-1,-1,-1
302,30,1199.00,366.00,63.00,123.00,1.00,-1,-1,-1
302,37,695.00,81.00,24.00,81.00,1.00,-1,-1,-1
302,51,105.00,132.00,52.00,96.00,1.00,-1,-1,-1
302,43,24.00,81.00,41.00,81.00,1.00,-1,-1,-1
302,78,1105.00,46.00,58.00,83.00,1.00,-1,-1,-1
303,54,615.00,344.00,51.00,119.00,1.00,-1,-1,-1
303,71,1016.00,496.00,59.00,129.00,1.00,-1,-1,-1
303,64,494.00,339.00,48.00,110.00,1.00,-1,-1,-1
303,83,836.00,599.00,60.00,106.00,1.00,-1,-1,-1
303,82,963.00,644.00,65.00,76.00,1.00,-1,-1,-1
303,66,616.00,73.00,45.00,94.00,1.00,-1,-1,-1
303,65,920.00,9.00,25.00,93.00,1.00,-1,-1,-1
303,44,840.00,51.00,34.00,85.00,1.00,-1,-1,-1
303,48,481.00,115.00,37.00,102.00,1.00,-1,-1,-1
303,51,103.00,132.00,53.00,97.00,1.00,-1,-1,-1
303,68,729.00,483.00,62.00,124.00,1.00,-1,-1,-1
303,37,695.00,80.00,23.00,81.00,1.00,-1,-1,-1
303,79,1214.00,18.00,35.00,85.00,1.00,-1,-1,-1
303,72,664.00,81.00,30.00,81.00,1.00,-1,-1,-1
303,43,24.00,82.00,41.00,80.00,1.00,-1,-1,-1
303,78,1106.00,45.00,50.00,82.00,1.00,-1,-1,-1
303,30,1199.00,367.00,66.00,120.00,1.00,-1,-1,-1
304,54,616.00,347.00,49.00,117.00,1.00,-1,-1,-1
304,71,1019.00,492.00,57.00,133.00,1.00,-1,-1,-1
304,82,961.00,639.00,66.00,81.00,1.00,-1,-1,-1
304,66,617.00,74.00,44.00,92.00,1.00,-1,-1,-1
304,83,837.00,606.00,60.00,104.00,1.00,-1,-1,-1
304,64,496.00,336.00,47.00,113.00,1.00,-1,-1,-1
304,48,481.00,113.00,38.00,96.00,1.00,-1,-1,-1
304,65,920.00,10.00,26.00,92.00,1.00,-1,-1,-1
304,44,840.00,48.00,36.00,89.00,1.00,-1,-1,-1
304,77,1163.00,18.00,44.00,81.00,1.00,-1,-1,-1
304,51,101.00,135.00,54.00,95.00,1.00,-1,-1,-1
304,78,1104.00,43.00,45.00,82.00,1.00,-1,-1,-1
304,37,695.00,80.00,23.00,79.00,1.00,-1,-1,-1
304,72,665.00,82.00,30.00,79.00,1.00,-1,-1,-1
304,79,1210.00,17.00,38.00,83.00,1.00,-1,-1,-1
304,30,1201.00,369.00,66.00,119.00,1.00,-1,-1,-1
305,54,616.00,350.00,48.00,114.00,1.00,-1,-1,-1
305,71,1018.00,491.00,58.00,134.00,1.00,-1,-1,-1
305,66,617.00,75.00,43.00,91.00,1.00,-1,-1,-1
305,83,836.00,609.00,62.00,111.00,1.00,-1,-1,-1
305,82,959.00,638.00,68.00,82.00,1.00,-1,-1,-1
305,64,497.00,335.00,46.00,112.00,1.00,-1,-1,-1
305,44,840.00,48.00,36.00,88.00,1.00,-1,-1,-1
305,48,480.00,112.00,39.00,96.00,1.00,-1,-1,-1
305,65,920.00,9.00,27.00,93.00,1.00,-1,-1,-1
305,77,1165.00,17.00,39.00,81.00,1.00,-1,-1,-1
305,68,732.00,479.00,52.00,129.00,1.00,-1,-1,-1
305,78,1104.00,43.00,41.00,81.00,1.00,-1,-1,-1
305,51,100.00,136.00,54.00,93.00,1.00,-1,-1,-1
305,50,561.00,11.00,22.00,68.00,1.00,-1,-1,-1
305,43,24.00,83.00,40.00,80.00,1.00,-1,-1,-1
305,7,697.00,16.00,30.00,88.00,1.00,-1,-1,-1
306,54,616.00,351.00,48.00,112.00,1.00,-1,-1,-1
306,71,1019.00,489.00,56.00,135.00,1.00,-1,-1,-1
306,83,837.00,613.00,62.00,107.00,1.00,-1,-1,-1
306,64,497.00,332.00,47.00,112.00,1.00,-1,-1,-1
306,66,618.00,77.00,42.00,90.00,1.00,-1,-1,-1
306,82,958.00,634.00,68.00,86.00,1.00,-1,-1,-1
306,44,840.00,48.00,36.00,88.00,1.00,-1,-1,-1
306,68,727.00,476.00,54.00,133.00,1.00,-1,-1,-1
306,77,1165.00,18.00,37.00,79.00,1.00,-1,-1,-1
306,48,480.00,110.00,39.00,97.00,1.00,-1,-1,-1
306,65,920.00,7.00,29.00,95.00,1.00,-1,-1,-1
306,78,1104.00,41.00,38.00,82.00,1.00,-1,-1,-1
306,51,100.00,137.00,53.00,92.00,1.00,-1,-1,-1
306,84,0.00,396.00,49.00,138.00,1.00,-1,-1,-1
306,43,23.00,83.00,40.00,80.00,1.00,-1,-1,-1
306,81,0.00,215.00,31.00,88.00,1.00,-1,-1,-1
306,50,562.00,10.00,23.00,69.00,1.00,-1,-1,-1
306,85,1241.00,93.00,38.00,95.00,1.00,-1,-1,-1
306,86,920.00,3.00,48.00,101.00,1.00,-1,-1,-1
307,54,616.00,353.00,46.00,111.00,1.00,-1,-1,-1
307,71,1020.00,487.00,54.00,136.00,1.00,-1,-1,-1
307,64,498.00,330.00,47.00,112.00,1.00,-1,-1,-1
307,66,619.00,77.00,42.00,91.00,1.00,-1,-1,-1
307,83,837.00,617.00,61.00,103.00,1.00,-1,-1,-1
307,44,840.00,48.00,36.00,88.00,1.00,-1,-1,-1
307,77,1164.00,17.00,36.00,79.00,1.00,-1,-1,-1
307,85,1241.00,90.00,38.00,96.00,1.00,-1,-1,-1
307,48,481.00,108.00,38.00,99.00,1.00,-1,-1,-1
307,78,1104.00,40.00,36.00,81.00,1.00,-1,-1,-1
307,82,958.00,631.00,67.00,89.00,1.00,-1,-1,-1
307,50,563.00,10.00,26.00,69.00,1.00,-1,-1,-1
307,65,920.00,6.00,27.00,96.00,1.00,-1,-1,-1
307,51,99.00,137.00,52.00,93.00,1.00,-1,-1,-1
307,43,23.00,83.00,40.00,80.00,1.00,-1,-1,-1
307,86,920.00,2.00,50.00,102.00,1.00,-1,-1,-1
307,81,0.00,215.00,31.00,88.00,1.00,-1,-1,-1
307,79,1208.00,14.00,38.00,85.00,1.00,-1,-1,-1
308,54,616.00,356.00,46.00,112.00,1.00,-1,-1,-1
308,71,1021.00,484.00,54.00,138.00,1.00,-1,-1,-1
308,64,499.00,328.00,47.00,113.00,1.00,-1,-1,-1
308,66,620.00,78.00,40.00,92.00,1.00,-1,-1,-1
308,83,837.00,620.00,61.00,100.00,1.00,-1,-1,-1
308,44,840.00,48.00,36.00,89.00,1.00,-1,-1,-1
308,77,1163.00,17.00,37.00,78.00,1.00,-1,-1,-1
308,62,1131.00,35.00,30.00,83.00,1.00,-1,-1,-1
308,85,1241.00,91.00,38.00,92.00,1.00,-1,-1,-1
308,51,98.00,137.00,53.00,94.00,1.00,-1,-1,-1
308,82,958.00,629.00,65.00,91.00,1.00,-1,-1,-1
308,48,483.00,107.00,36.00,100.00,1.00,-1,-1,-1
308,50,563.00,10.00,30.00,69.00,1.00,-1,-1,-1
308,78,1101.00,38.00,37.00,85.00,1.00,-1,-1,-1
308,65,920.00,7.00,27.00,95.00,1.00,-1,-1,-1
308,81,0.00,217.00,31.00,87.00,1.00,-1,-1,-1
308,86,920.00,1.00,49.00,103.00,1.00,-1,-1,-1
309,83,839.00,628.00,61.00,92.00,1.00,-1,-1,-1
309,54,616.00,361.00,46.00,119.00,1.00,-1,-1,-1
309,71,1022.00,478.00,53.00,138.00,1.00,-1,-1,-1
309,66,621.00,79.00,39.00,95.00,1.00,-1,-1,-1
309,64,500.00,321.00,47.00,107.00,1.00,-1,-1,-1
309,68,711.00,465.00,62.00,137.00,1.00,-1,-1,-1
309,78,1096.00,38.00,40.00,84.00,1.00,-1,-1,-1
309,44,840.00,45.00,35.00,89.00,1.00,-1,-1,-1
309,82,958.00,623.00,61.00,97.00,1.00,-1,-1,-1
309,51,96.00,138.00,53.00,93.00,1.00,-1,-1,-1
309,48,485.00,106.00,35.00,99.00,1.00,-1,-1,-1
309,50,566.00,10.00,31.00,68.00,1.00,-1,-1,-1
309,65,920.00,7.00,25.00,95.00,1.00,-1,-1,-1
309,77,1158.00,18.00,41.00,77.00,1.00,-1,-1,-1
309,62,1128.00,34.00,28.00,85.00,1.00,-1,-1,-1
309,7,694.00,9.00,31.00,138.00,1.00,-1,-1,-1
309,85,1238.00,84.00,40.00,98.00,1.00,-1,-1,-1
309,30,1205.00,379.00,68.00,131.00,1.00,-1,-1,-1
309,79,1209.00,9.00,35.00,80.00,1.00,-1,-1,-1
310,83,840.00,634.00,61.00,86.00,1.00,-1,-1,-1
310,54,617.00,363.00,45.00,122.00,1.00,-1,-1,-1
310,71,1022.00,473.00,54.00,137.00,1.00,-1,-1,-1
310,64,501.00,320.00,46.00,103.00,1.00,-1,-1,-1
310,66,622.00,80.00,38.00,96.00,1.00,-1,-1,-1
310,51,95.00,139.00,53.00,92.00,1.00,-1,-1,-1
310,82,957.00,618.00,61.00,102.00,1.00,-1,-1,-1
310,44,839.00,43.00,36.00,90.00,1.00,-1,-1,-1
310,78,1092.00,38.00,42.00,85.00,1.00,-1,-1,-1
310,68,712.00,464.00,59.00,135.00,1.00,-1,-1,-1
310,48,485.00,105.00,35.00,102.00,1.00,-1,-1,-1
310,65,920.00,6.00,25.00,96.00,1.00,-1,-1,-1
310,50,566.00,10.00,33.00,67.00,1.00,-1,-1,-1
310,7,694.00,8.00,32.00,138.00,1.00,-1,-1,-1
310,81,0.00,218.00,30.00,85.00,1.00,-1,-1,-1
310,79,1208.00,8.00,35.00,80.00,1.00,-1,-1,-1
310,77,1160.00,16.00,38.00,78.00,1.00,-1,-1,-1
311,54,618.00,365.00,43.00,124.00,1.00,-1,-1,-1
311,71,1022.00,471.00,54.00,128.00,1.00,-1,-1,-1
311,83,840.00,636.00,61.00,84.00,1.00,-1,-1,-1
311,64,500.00,318.00,47.00,101.00,1.00,-1,-1,-1
311,66,623.00,82.00,38.00,94.00,1.00,-1,-1,-1
311,82,957.00,614.00,62.00,106.00,1.00,-1,-1,-1
311,51,95.00,140.00,53.00,92.00,1.00,-1,-1,-1
311,78,1089.00,38.00,45.00,84.00,1.00,-1,-1,-1
311,68,711.00,461.00,59.00,133.00,1.00,-1,-1,-1
311,44,841.00,43.00,35.00,87.00,1.00,-1,-1,-1
311,48,485.00,105.00,36.00,102.00,1.00,-1,-1,-1
311,85,1231.00,79.00,43.00,102.00,1.00,-1,-1,-1
311,65,920.00,6.00,26.00,96.00,1.00,-1,-1,-1
311,81,0.00,219.00,30.00,84.00,1.00,-1,-1,-1
311,79,1205.00,6.00,36.00,84.00,1.00,-1,-1,-1
311,7,694.00,7.00,32.00,139.00,1.00,-1,-1,-1
311,77,1158.00,17.00,37.00,77.00,1.00,-1,-1,-1
311,50,570.00,8.00,24.00,67.00,1.00,-1,-1,-1
312,83,840.00,638.00,62.00,81.00,1.00,-1,-1,-1
312,54,617.00,367.00,44.00,125.00,1.00,-1,-1,-1
312,71,1023.00,468.00,54.00,122.00,1.00,-1,-1,-1
312,68,711.00,457.00,58.00,130.00,1.00,-1,-1,-1
312,64,500.00,315.00,48.00,104.00,1.00,-1,-1,-1
312,51,95.00,141.00,53.00,92.00,1.00,-1,-1,-1
312,66,624.00,84.00,36.00,93.00,1.00,-1,-1,-1
312,82,956.00,611.00,62.00,109.00,1.00,-1,-1,-1
312,48,485.00,103.00,36.00,104.00,1.00,-1,-1,-1
312,44,841.00,41.00,35.00,86.00,1.00,-1,-1,-1
312,85,1230.00,78.00,43.00,103.00,1.00,-1,-1,-1
312,79,1204.00,6.00,37.00,85.00,1.00,-1,-1,-1
312,43,22.00,84.00,40.00,81.00,1.00,-1,-1,-1
312,65,920.00,5.00,26.00,97.00,1.00,-1,-1,-1
312,78,1087.00,36.00,46.00,85.00,1.00,-1,-1,-1
312,77,1157.00,15.00,38.00,79.00,1.00,-1,-1,-1
312,50,571.00,7.00,24.00,68.00,1.00,-1,-1,-1
312,81,0.00,217.00,29.00,89.00,1.00,-1,-1,-1
312,7,693.00,6.00,33.00,139.00,1.00,-1,-1,-1
312,86,920.00,1.00,45.00,102.00,1.00,-1,-1,-1
313,83,841.00,639.00,63.00,81.00,1.00,-1,-1,-1
313,54,617.00,368.00,44.00,128.00,1.00,-1,-1,-1
313,68,710.00,455.00,57.00,124.00,1.00,-1,-1,-1
313,71,1023.00,464.00,55.00,121.00,1.00,-1,-1,-1
313,64,502.00,313.00,45.00,105.00,1.00,-1,-1,-1
313,82,955.00,607.00,64.00,113.00,1.00,-1,-1,-1
313,44,842.00,40.00,34.00,83.00,1.00,-1,-1,-1
313,66,624.00,84.00,35.00,93.00,1.00,-1,-1,-1
313,51,95.00,143.00,52.00,95.00,1.00,-1,-1,-1
313,48,485.00,103.00,38.00,103.00,1.00,-1,-1,-1
313,79,1203.00,5.00,37.00,83.00,1.00,-1,-1,-1
313,85,1227.00,81.00,46.00,98.00,1.00,-1,-1,-1
313,43,22.00,84.00,41.00,81.00,1.00,-1,-1,-1
313,65,920.00,3.00,29.00,99.00,1.00,-1,-1,-1
313,77,1157.00,14.00,36.00,79.00,1.00,-1,-1,-1
313,78,1083.00,38.00,47.00,80.00,1.00,-1,-1,-1
313,86,920.00,1.00,45.00,102.00,1.00,-1,-1,-1
313,80,1222.00,47.00,52.00,133.00,1.00,-1,-1,-1
314,83,843.00,647.00,62.00,73.00,1.00,-1,-1,-1
314,71,1023.00,459.00,57.00,122.00,1.00,-1,-1,-1
314,82,953.00,600.00,65.00,120.00,1.00,-1,-1,-1
314,54,618.00,373.00,44.00,125.00,1.00,-1,-1,-1
314,66,624.00,85.00,37.00,93.00,1.00,-1,-1,-1
314,44,842.00,34.00,35.00,86.00,1.00,-1,-1,-1
314,64,502.00,312.00,46.00,104.00,1.00,-1,-1,-1
314,79,1199.00,5.00,40.00,82.00,1.00,-1,-1,-1
314,77,1158.00,13.00,33.00,78.00,1.00,-1,-1,-1
314,48,487.00,99.00,38.00,103.00,1.00,-1,-1,-1
314,85,1226.00,83.00,45.00,93.00,1.00,-1,-1,-1
314,51,95.00,145.00,49.00,97.00,1.00,-1,-1,-1
314,86,920.00,1.00,40.00,101.00,1.00,-1,-1,-1
314,78,1081.00,37.00,44.00,80.00,1.00,-1,-1,-1
314,68,711.00,450.00,52.00,117.00,1.00,-1,-1,-1
314,43,22.00,84.00,41.00,82.00,1.00,-1,-1,-1
315,83,843.00,652.00,62.00,68.00,1.00,-1,-1,-1
315,54,618.00,374.00,45.00,125.00,1.00,-1,-1,-1
315,82,952.00,598.00,65.00,122.00,1.00,-1,-1,-1
315,71,1022.00,457.00,59.00,124.00,1.00,-1,-1,-1
315,44,844.00,33.00,33.00,85.00,1.00,-1,-1,-1
315,48,488.00,96.00,38.00,103.00,1.00,-1,-1,-1
315,64,502.00,310.00,47.00,106.00,1.00,-1,-1,-1
315,66,625.00,86.00,38.00,92.00,1.00,-1,-1,-1
315,79,1197.00,4.00,40.00,83.00,1.00,-1,-1,-1
315,78,1080.00,34.00,44.00,82.00,1.00,-1,-1,-1
315,77,1157.00,11.00,33.00,80.00,1.00,-1,-1,-1
315,43,22.00,85.00,41.00,80.00,1.00,-1,-1,-1
315,65,921.00,5.00,26.00,97.00,1.00,-1,-1,-1
315,68,713.00,448.00,49.00,116.00,1.00,-1,-1,-1
315,85,1225.00,82.00,47.00,94.00,1.00,-1,-1,-1
315,51,94.00,146.00,51.00,98.00,1.00,-1,-1,-1
315,81,0.00,223.00,29.00,94.00,1.00,-1,-1,-1
315,86,920.00,1.00,40.00,103.00,1.00,-1,-1,-1
316,83,842.00,655.00,64.00,65.00,1.00,-1,-1,-1
316,48,487.00,95.00,40.00,99.00,1.00,-1,-1,-1
316,71,1022.00,455.00,60.00,128.00,1.00,-1,-1,-1
316,54,618.00,376.00,46.00,123.00,1.00,-1,-1,-1
316,64,502.00,309.00,47.00,108.00,1.00,-1,-1,-1
316,82,952.00,595.00,64.00,125.00,1.00,-1,-1,-1
316,44,844.00,32.00,34.00,86.00,1.00,-1,-1,-1
316,66,625.00,86.00,39.00,92.00,1.00,-1,-1,-1
316,79,1195.00,4.00,41.00,83.00,1.00,-1,-1,-1
316,68,710.00,446.00,50.00,117.00,1.00,-1,-1,-1
316,65,921.00,4.00,27.00,98.00,1.00,-1,-1,-1
316,78,1080.00,33.00,43.00,81.00,1.00,-1,-1,-1
316,77,1154.00,9.00,35.00,80.00,1.00,-1,-1,-1
316,43,22.00,85.00,41.00,80.00,1.00,-1,-1,-1
316,51,94.00,148.00,50.00,98.00,1.00,-1,-1,-1
316,86,920.00,1.00,38.00,103.00,1.00,-1,-1,-1
316,81,0.00,225.00,29.00,96.00,1.00,-1,-1,-1
317,83,843.00,660.00,65.00,60.00,1.00,-1,-1,-1
317,48,488.00,95.00,39.00,97.00,1.00,-1,-1,-1
317,64,502.00,306.00,47.00,111.00,1.00,-1,-1,-1
317,54,619.00,379.00,46.00,120.00,1.00,-1,-1,-1
317,82,951.00,592.00,65.00,128.00,1.00,-1,-1,-1
317,71,1023.00,453.00,59.00,129.00,1.00,-1,-1,-1
317,44,845.00,32.00,32.00,86.00,1.00,-1,-1,-1
317,66,625.00,85.00,40.00,93.00,1.00,-1,-1,-1
317,68,707.00,443.00,50.00,121.00,1.00,-1,-1,-1
317,51,93.00,149.00,50.00,99.00,1.00,-1,-1,-1
317,78,1080.00,33.00,42.00,81.00,1.00,-1,-1,-1
317,77,1153.00,8.00,35.00,80.00,1.00,-1,-1,-1
317,65,921.00,6.00,27.00,96.00,1.00,-1,-1,-1
317,79,1191.00,3.00,44.00,84.00,1.00,-1,-1,-1
317,84,3.00,422.00,73.00,121.00,1.00,-1,-1,-1
317,43,22.00,85.00,41.00,81.00,1.00,-1,-1,-1
317,81,0.00,225.00,29.00,98.00,1.00,-1,-1,-1
317,86,920.00,2.00,38.00,101.00,1.00,-1,-1,-1
318,48,488.00,94.00,41.00,96.00,1.00,-1,-1,-1
318,54,618.00,380.00,48.00,118.00,1.00,-1,-1,-1
318,64,502.00,305.00,47.00,111.00,1.00,-1,-1,-1
318,82,952.00,591.00,64.00,128.00,1.00,-1,-1,-1
318,71,1022.00,452.00,61.00,130.00,1.00,-1,-1,-1
318,83,843.00,664.00,66.00,56.00,1.00,-1,-1,-1
318,66,625.00,86.00,40.00,94.00,1.00,-1,-1,-1
318,44,845.00,32.00,34.00,85.00,1.00,-1,-1,-1
318,84,4.00,422.00,78.00,126.00,1.00,-1,-1,-1
318,68,703.00,441.00,54.00,124.00,1.00,-1,-1,-1
318,51,93.00,151.00,50.00,98.00,1.00,-1,-1,-1
318,78,1080.00,32.00,39.00,82.00,1.00,-1,-1,-1
318,77,1153.00,7.00,34.00,79.00,1.00,-1,-1,-1
318,43,22.00,85.00,41.00,81.00,1.00,-1,-1,-1
318,81,0.00,229.00,29.00,96.00,1.00,-1,-1,-1
318,65,921.00,7.00,28.00,96.00,1.00,-1,-1,-1
318,72,668.00,95.00,28.00,79.00,1.00,-1,-1,-1
318,80,1217.00,38.00,50.00,134.00,1.00,-1,-1,-1
318,62,1112.00,30.00,28.00,79.00,1.00,-1,-1,-1
318,79,1191.00,3.00,43.00,83.00,1.00,-1,-1,-1
319,54,618.00,385.00,48.00,113.00,1.00,-1,-1,-1
319,48,490.00,91.00,41.00,94.00,1.00,-1,-1,-1
319,64,502.00,301.00,47.00,112.00,1.00,-1,-1,-1
319,71,1023.00,448.00,62.00,130.00,1.00,-1,-1,-1
319,66,622.00,88.00,44.00,91.00,1.00,-1,-1,-1
319,82,953.00,586.00,62.00,130.00,1.00,-1,-1,-1
319,51,93.00,152.00,49.00,98.00,1.00,-1,-1,-1
319,44,845.00,32.00,32.00,85.00,1.00,-1,-1,-1
319,83,843.00,672.00,69.00,48.00,1.00,-1,-1,-1
319,81,0.00,230.00,30.00,95.00,1.00,-1,-1,-1
319,77,1147.00,6.00,39.00,79.00,1.00,-1,-1,-1
319,78,1079.00,29.00,35.00,82.00,1.00,-1,-1,-1
319,68,699.00,439.00,54.00,124.00,1.00,-1,-1,-1
319,72,669.00,97.00,28.00,77.00,1.00,-1,-1,-1
319,43,21.00,85.00,42.00,82.00,1.00,-1,-1,-1
319,79,1189.00,2.00,42.00,80.00,1.00,-1,-1,-1
319,65,921.00,8.00,29.00,95.00,1.00,-1,-1,-1
319,84,5.00,427.00,82.00,124.00,1.00,-1,-1,-1
319,62,1108.00,26.00,28.00,82.00,1.00,-1,-1,-1
320,54,618.00,386.00,48.00,113.00,1.00,-1,-1,-1
320,82,954.00,584.00,60.00,125.00,1.00,-1,-1,-1
320,48,490.00,90.00,40.00,95.00,1.00,-1,-1,-1
320,66,621.00,89.00,45.00,92.00,1.00,-1,-1,-1
320,64,502.00,299.00,47.00,111.00,1.00,-1,-1,-1
320,71,1025.00,444.00,60.00,130.00,1.00,-1,-1,-1
320,51,92.00,153.00,50.00,96.00,1.00,-1,-1,-1
320,44,845.00,31.00,34.00,86.00,1.00,-1,-1,-1
320,72,669.00,97.00,28.00,79.00,1.00,-1,-1,-1
320,77,1146.00,5.00,39.00,79.00,1.00,-1,-1,-1
320,62,1105.00,24.00,30.00,84.00,1.00,-1,-1,-1
320,81,0.00,231.00,30.00,94.00,1.00,-1,-1,-1
320,43,19.00,86.00,44.00,81.00,1.00,-1,-1,-1
320,68,698.00,437.00,53.00,125.00,1.00,-1,-1,-1
320,78,1077.00,29.00,35.00,81.00,1.00,-1,-1,-1
320,79,1189.00,1.00,42.00,79.00,1.00,-1,-1,-1
320,65,921.00,8.00,29.00,95.00,1.00,-1,-1,-1
320,83,845.00,677.00,66.00,43.00,1.00,-1,-1,-1
321,54,618.00,388.00,48.00,115.00,1.00,-1,-1,-1
321,66,619.00,90.00,47.00,94.00,1.00,-1,-1,-1
321,48,488.00,88.00,43.00,97.00,1.00,-1,-1,-1
321,82,953.00,579.00,63.00,135.00,1.00,-1,-1,-1
321,64,503.00,295.00,46.00,111.00,1.00,-1,-1,-1
321,51,93.00,153.00,49.00,96.00,1.00,-1,-1,-1
321,71,1028.00,441.00,57.00,131.00,1.00,-1,-1,-1
321,72,668.00,96.00,29.00,81.00,1.00,-1,-1,-1
321,44,846.00,30.00,34.00,86.00,1.00,-1,-1,-1
321,77,1145.00,4.00,39.00,78.00,1.00,-1,-1,-1
321,43,19.00,86.00,44.00,81.00,1.00,-1,-1,-1
321,78,1074.00,28.00,37.00,82.00,1.00,-1,-1,-1
321,62,1098.00,23.00,36.00,86.00,1.00,-1,-1,-1
321,79,1187.00,2.00,41.00,78.00,1.00,-1,-1,-1
321,84,16.00,432.00,73.00,124.00,1.00,-1,-1,-1
321,65,921.00,6.00,29.00,97.00,1.00,-1,-1,-1
321,81,0.00,231.00,31.00,93.00,1.00,-1,-1,-1
321,68,696.00,436.00,54.00,125.00,1.00,-1,-1,-1
322,54,618.00,392.00,49.00,121.00,1.00,-1,-1,-1
322,66,618.00,91.00,48.00,94.00,1.00,-1,-1,-1
322,48,488.00,87.00,43.00,98.00,1.00,-1,-1,-1
322,71,1029.00,438.00,56.00,127.00,1.00,-1,-1,-1
322,82,954.00,576.00,60.00,133.00,1.00,-1,-1,-1
322,64,502.00,294.00,48.00,107.00,1.00,-1,-1,-1
322,51,92.00,154.00,50.00,95.00,1.00,-1,-1,-1
322,44,846.00,29.00,34.00,85.00,1.00,-1,-1,-1
322,72,668.00,97.00,29.00,82.00,1.00,-1,-1,-1
322,78,1072.00,27.00,36.00,82.00,1.00,-1,-1,-1
322,77,1144.00,2.00,39.00,80.00,1.00,-1,-1,-1
322,68,696.00,431.00,53.00,126.00,1.00,-1,-1,-1
322,80,1208.00,33.00,50.00,129.00,1.00,-1,-1,-1
322,43,18.00,86.00,45.00,81.00,1.00,-1,-1,-1
322,65,921.00,6.00,29.00,96.00,1.00,-1,-1,-1
322,79,1188.00,1.00,39.00,78.00,1.00,-1,-1,-1
322,84,17.00,433.00,73.00,126.00,1.00,-1,-1,-1
322,62,1098.00,22.00,34.00,86.00,1.00,-1,-1,-1
322,81,0.00,231.00,32.00,93.00,1.00,-1,-1,-1
322,87,715.00,433.00,32.00,126.00,1.00,-1,-1,-1
323,54,618.00,393.00,50.00,123.00,1.00,-1,-1,-1
323,71,1028.00,434.00,58.00,122.00,1.00,-1,-1,-1
323,82,953.00,572.00,61.00,132.00,1.00,-1,-1,-1
323,64,502.00,292.00,49.00,104.00,1.00,-1,-1,-1
323,66,617.00,92.00,49.00,95.00,1.00,-1,-1,-1
323,48,490.00,87.00,40.00,98.00,1.00,-1,-1,-1
323,44,847.00,26.00,33.00,86.00,1.00,-1,-1,-1
323,51,91.00,154.00,52.00,95.00,1.00,-1,-1,-1
323,68,697.00,428.00,52.00,127.00,1.00,-1,-1,-1
323,78,1069.00,26.00,38.00,83.00,1.00,-1,-1,-1
323,72,668.00,97.00,29.00,84.00,1.00,-1,-1,-1
323,77,1144.00,3.00,39.00,77.00,1.00,-1,-1,-1
323,65,921.00,5.00,30.00,97.00,1.00,-1,-1,-1
323,80,1206.00,33.00,52.00,127.00,1.00,-1,-1,-1
323,79,1189.00,1.00,37.00,78.00,1.00,-1,-1,-1
323,62,1100.00,24.00,30.00,79.00,1.00,-1,-1,-1
323,85,1208.00,71.00,49.00,89.00,1.00,-1,-1,-1
323,81,0.00,231.00,32.00,93.00,1.00,-1,-1,-1
323,43,18.00,86.00,44.00,81.00,1.00,-1,-1,-1
323,84,19.00,434.00,72.00,128.00,1.00,-1,-1,-1
324,54,617.00,398.00,52.00,126.00,1.00,-1,-1,-1
324,71,1028.00,426.00,59.00,117.00,1.00,-1,-1,-1
324,64,503.00,287.00,46.00,101.00,1.00,-1,-1,-1
324,82,951.00,565.00,63.00,120.00,1.00,-1,-1,-1
324,51,90.00,155.00,52.00,94.00,1.00,-1,-1,-1
324,68,694.00,422.00,51.00,123.00,1.00,-1,-1,-1
324,44,849.00,22.00,32.00,84.00,1.00,-1,-1,-1
324,66,617.00,94.00,49.00,97.00,1.00,-1,-1,-1
324,48,492.00,87.00,37.00,98.00,1.00,-1,-1,-1
324,78,1055.00,24.00,49.00,85.00,1.00,-1,-1,-1
324,81,0.00,227.00,36.00,97.00,1.00,-1,-1,-1
324,86,921.00,2.00,29.00,100.00,1.00,-1,-1,-1
324,79,1189.00,0.00,35.00,79.00,1.00,-1,-1,-1
324,62,1096.00,23.00,32.00,81.00,1.00,-1,-1,-1
324,80,1203.00,32.00,54.00,127.00,1.00,-1,-1,-1
324,88,255.00,316.00,48.00,109.00,1.00,-1,-1,-1
324,50,589.00,7.00,31.00,68.00,1.00,-1,-1,-1
324,72,668.00,98.00,31.00,86.00,1.00,-1,-1,-1
324,77,1140.00,1.00,41.00,81.00,1.00,-1,-1,-1
324,43,17.00,86.00,44.00,81.00,1.00,-1,-1,-1
324,84,21.00,436.00,70.00,126.00,1.00,-1,-1,-1
325,54,617.00,400.00,52.00,127.00,1.00,-1,-1,-1
325,71,1028.00,422.00,60.00,118.00,1.00,-1,-1,-1
325,64,503.00,285.00,46.00,103.00,1.00,-1,-1,-1
325,82,951.00,560.00,62.00,116.00,1.00,-1,-1,-1
325,44,849.00,20.00,32.00,83.00,1.00,-1,-1,-1
325,51,90.00,155.00,52.00,94.00,1.00,-1,-1,-1
325,48,493.00,85.00,36.00,99.00,1.00,-1,-1,-1
325,66,617.00,94.00,48.00,97.00,1.00,-1,-1,-1
325,84,22.00,437.00,69.00,126.00,1.00,-1,-1,-1
325,68,690.00,420.00,52.00,118.00,1.00,-1,-1,-1
325,79,1188.00,1.00,36.00,78.00,1.00,-1,-1,-1
325,85,1204.00,66.00,48.00,92.00,1.00,-1,-1,-1
325,78,1053.00,23.00,49.00,85.00,1.00,-1,-1,-1
325,81,0.00,227.00,39.00,97.00,1.00,-1,-1,-1
325,65,921.00,0.00,30.00,103.00,1.00,-1,-1,-1
325,88,256.00,316.00,47.00,109.00,1.00,-1,-1,-1
325,89,943.00,671.00,66.00,49.00,1.00,-1,-1,-1
325,43,16.00,86.00,44.00,81.00,1.00,-1,-1,-1
325,77,1139.00,1.00,41.00,80.00,1.00,-1,-1,-1
325,72,669.00,99.00,30.00,86.00,1.00,-1,-1,-1
325,80,1203.00,32.00,51.00,126.00,1.00,-1,-1,-1
325,62,1094.00,21.00,34.00,82.00,1.00,-1,-1,-1
325,50,590.00,5.00,31.00,69.00,1.00,-1,-1,-1
326,54,616.00,402.00,52.00,128.00,1.00,-1,-1,-1
326,71,1029.00,421.00,59.00,120.00,1.00,-1,-1,-1
326,64,503.00,282.00,47.00,105.00,1.00,-1,-1,-1
326,82,952.00,558.00,62.00,115.00,1.00,-1,-1,-1
326,84,23.00,437.00,68.00,124.00,1.00,-1,-1,-1
326,66,617.00,94.00,48.00,98.00,1.00,-1,-1,-1
326,44,849.00,17.00,33.00,86.00,1.00,-1,-1,-1
326,51,89.00,155.00,53.00,93.00,1.00,-1,-1,-1
326,48,494.00,82.00,37.00,102.00,1.00,-1,-1,-1
326,62,1096.00,21.00,28.00,78.00,1.00,-1,-1,-1
326,78,1051.00,25.00,49.00,82.00,1.00,-1,-1,-1
326,85,1205.00,63.00,46.00,93.00,1.00,-1,-1,-1
326,68,689.00,418.00,52.00,115.00,1.00,-1,-1,-1
326,79,1189.00,0.00,34.00,77.00,1.00,-1,-1,-1
326,81,0.00,225.00,43.00,102.00,1.00,-1,-1,-1
326,88,256.00,316.00,47.00,108.00,1.00,-1,-1,-1
326,80,1203.00,32.00,50.00,121.00,1.00,-1,-1,-1
326,65,920.00,0.00,31.00,103.00,1.00,-1,-1,-1
326,77,1139.00,1.00,41.00,79.00,1.00,-1,-1,-1
326,43,15.00,85.00,44.00,81.00,1.00,-1,-1,-1
326,72,670.00,101.00,30.00,82.00,1.00,-1,-1,-1
326,89,938.00,670.00,69.00,49.00,1.00,-1,-1,-1
326,50,593.00,3.00,30.00,70.00,1.00,-1,-1,-1
327,54,616.00,404.00,52.00,127.00,1.00,-1,-1,-1
327,71,1031.00,418.00,57.00,124.00,1.00,-1,-1,-1
327,66,617.00,94.00,48.00,99.00,1.00,-1,-1,-1
327,82,952.00,554.00,62.00,115.00,1.00,-1,-1,-1
327,64,503.00,281.00,47.00,106.00,1.00,-1,-1,-1
327,44,849.00,16.00,33.00,85.00,1.00,-1,-1,-1
327,48,494.00,81.00,36.00,102.00,1.00,-1,-1,-1
327,78,1049.00,25.00,50.00,82.00,1.00,-1,-1,-1
327,68,682.00,416.00,54.00,112.00,1.00,-1,-1,-1
327,80,1204.00,32.00,47.00,122.00,1.00,-1,-1,-1
327,89,938.00,664.00,69.00,56.00,1.00,-1,-1,-1
327,51,88.00,155.00,54.00,94.00,1.00,-1,-1,-1
327,62,1091.00,18.00,32.00,82.00,1.00,-1,-1,-1
327,81,0.00,225.00,45.00,103.00,1.00,-1,-1,-1
327,79,1189.00,0.00,34.00,74.00,1.00,-1,-1,-1
327,72,670.00,103.00,30.00,79.00,1.00,-1,-1,-1
327,88,256.00,316.00,48.00,108.00,1.00,-1,-1,-1
327,90,768.00,680.00,48.00,40.00,1.00,-1,-1,-1
327,85,1206.00,63.00,44.00,94.00,1.00,-1,-1,-1
327,65,921.00,0.00,29.00,101.00,1.00,-1,-1,-1
327,77,1138.00,1.00,42.00,78.00,1.00,-1,-1,-1
327,43,15.00,85.00,43.00,80.00,1.00,-1,-1,-1
327,84,26.00,438.00,65.00,121.00,1.00,-1,-1,-1
327,91,661.00,27.00,27.00,81.00,1.00,-1,-1,-1
327,50,595.00,3.00,30.00,69.00,1.00,-1,-1,-1
328,54,616.00,406.00,53.00,124.00,1.00,-1,-1,-1
328,66,618.00,95.00,48.00,98.00,1.00,-1,-1,-1
328,71,1032.00,416.00,55.00,124.00,1.00,-1,-1,-1
328,82,952.00,551.00,62.00,116.00,1.00,-1,-1,-1
328,80,1203.00,30.00,46.00,123.00,1.00,-1,-1,-1
328,64,504.00,281.00,45.00,106.00,1.00,-1,-1,-1
328,68,680.00,413.00,54.00,116.00,1.00,-1,-1,-1
328,44,848.00,15.00,34.00,85.00,1.00,-1,-1,-1
328,78,1049.00,25.00,49.00,80.00,1.00,-1,-1,-1
328,90,767.00,676.00,50.00,44.00,1.00,-1,-1,-1
328,72,670.00,104.00,31.00,79.00,1.00,-1,-1,-1
328,79,1189.00,0.00,33.00,72.00,1.00,-1,-1,-1
328,51,87.00,156.00,54.00,94.00,1.00,-1,-1,-1
328,48,495.00,80.00,35.00,103.00,1.00,-1,-1,-1
328,89,936.00,661.00,72.00,59.00,1.00,-1,-1,-1
328,65,921.00,0.00,30.00,102.00,1.00,-1,-1,-1
328,81,0.00,225.00,44.00,103.00,1.00,-1,-1,-1
328,77,1139.00,1.00,38.00,76.00,1.00,-1,-1,-1
328,91,662.00,27.00,27.00,81.00,1.00,-1,-1,-1
328,84,27.00,439.00,66.00,121.00,1.00,-1,-1,-1
328,43,15.00,86.00,40.00,79.00,1.00,-1,-1,-1
328,37,700.00,45.00,23.00,83.00,1.00,-1,-1,-1
328,50,600.00,4.00,25.00,67.00,1.00,-1,-1,-1
328,62,1088.00,17.00,32.00,84.00,1.00,-1,-1,-1
328,88,255.00,315.00,49.00,109.00,1.00,-1,-1,-1
329,54,617.00,408.00,53.00,122.00,1.00,-1,-1,-1
329,71,1036.00,411.00,51.00,127.00,1.00,-1,-1,-1
329,80,1204.00,26.00,43.00,122.00,1.00,-1,-1,-1
329,82,950.00,545.00,62.00,126.00,1.00,-1,-1,-1
329,66,620.00,96.00,47.00,97.00,1.00,-1,-1,-1
329,64,504.00,280.00,46.00,107.00,1.00,-1,-1,-1
329,90,765.00,668.00,51.00,51.00,1.00,-1,-1,-1
329,44,848.00,14.00,35.00,85.00,1.00,-1,-1,-1
329,51,86.00,159.00,55.00,97.00,1.00,-1,-1,-1
329,87,675.00,409.00,54.00,121.00,1.00,-1,-1,-1
329,89,936.00,653.00,70.00,67.00,1.00,-1,-1,-1
329,81,0.00,228.00,46.00,102.00,1.00,-1,-1,-1
329,78,1050.00,22.00,46.00,80.00,1.00,-1,-1,-1
329,48,496.00,79.00,33.00,100.00,1.00,-1,-1,-1
329,85,1204.00,59.00,41.00,90.00,1.00,-1,-1,-1
329,65,921.00,0.00,30.00,102.00,1.00,-1,-1,-1
329,72,671.00,104.00,29.00,80.00,1.00,-1,-1,-1
329,79,1188.00,0.00,33.00,73.00,1.00,-1,-1,-1
329,43,15.00,85.00,37.00,79.00,1.00,-1,-1,-1
329,37,701.00,45.00,22.00,78.00,1.00,-1,-1,-1
329,91,664.00,28.00,27.00,82.00,1.00,-1,-1,-1
330,54,618.00,410.00,53.00,120.00,1.00,-1,-1,-1
330,71,1036.00,409.00,51.00,128.00,1.00,-1,-1,-1
330,90,764.00,663.00,52.00,57.00,1.00,-1,-1,-1
330,82,950.00,544.00,62.00,127.00,1.00,-1,-1,-1
330,66,620.00,96.00,47.00,97.00,1.00,-1,-1,-1
330,44,848.00,15.00,35.00,84.00,1.00,-1,-1,-1
330,64,504.00,277.00,46.00,109.00,1.00,-1,-1,-1
330,80,1204.00,22.00,43.00,125.00,1.00,-1,-1,-1
330,87,677.00,408.00,49.00,121.00,1.00,-1,-1,-1
330,51,86.00,160.00,55.00,97.00,1.00,-1,-1,-1
330,79,1187.00,0.00,33.00,71.00,1.00,-1,-1,-1
330,81,0.00,229.00,47.00,102.00,1.00,-1,-1,-1
330,78,1050.00,22.00,44.00,79.00,1.00,-1,-1,-1
330,72,671.00,104.00,29.00,80.00,1.00,-1,-1,-1
330,89,933.00,647.00,72.00,73.00,1.00,-1,-1,-1
330,48,496.00,77.00,33.00,100.00,1.00,-1,-1,-1
330,65,921.00,0.00,30.00,101.00,1.00,-1,-1,-1
330,37,701.00,42.00,23.00,78.00,1.00,-1,-1,-1
330,43,15.00,85.00,35.00,80.00,1.00,-1,-1,-1
330,85,1205.00,59.00,40.00,87.00,1.00,-1,-1,-1
331,54,619.00,411.00,51.00,119.00,1.00,-1,-1,-1
331,71,1037.00,408.00,50.00,128.00,1.00,-1,-1,-1
331,90,764.00,660.00,53.00,60.00,1.00,-1,-1,-1
331,64,504.00,275.00,46.00,110.00,1.00,-1,-1,-1
331,66,622.00,97.00,46.00,96.00,1.00,-1,-1,-1
331,82,950.00,541.00,61.00,121.00,1.00,-1,-1,-1
331,44,848.00,15.00,35.00,83.00,1.00,-1,-1,-1
331,80,1205.00,21.00,42.00,125.00,1.00,-1,-1,-1
331,87,675.00,406.00,51.00,123.00,1.00,-1,-1,-1
331,79,1185.00,0.00,34.00,71.00,1.00,-1,-1,-1
331,89,933.00,647.00,71.00,73.00,1.00,-1,-1,-1
331,78,1049.00,20.00,43.00,79.00,1.00,-1,-1,-1
331,51,86.00,161.00,55.00,98.00,1.00,-1,-1,-1
331,65,921.00,0.00,31.00,101.00,1.00,-1,-1,-1
331,72,672.00,105.00,29.00,79.00,1.00,-1,-1,-1
331,48,495.00,76.00,36.00,96.00,1.00,-1,-1,-1
331,81,0.00,229.00,47.00,103.00,1.00,-1,-1,-1
331,37,701.00,42.00,24.00,77.00,1.00,-1,-1,-1
331,62,1079.00,16.00,37.00,81.00,1.00,-1,-1,-1
331,43,15.00,86.00,34.00,78.00,1.00,-1,-1,-1
331,30,1233.00,439.00,46.00,117.00,1.00,-1,-1,-1
331,77,1130.00,1.00,43.00,67.00,1.00,-1,-1,-1
331,84,34.00,446.00,72.00,132.00,1.00,-1,-1,-1
332,54,619.00,414.00,50.00,116.00,1.00,-1,-1,-1
332,71,1037.00,406.00,50.00,130.00,1.00,-1,-1,-1
332,64,504.00,273.00,46.00,110.00,1.00,-1,-1,-1
332,66,623.00,97.00,45.00,96.00,1.00,-1,-1,-1
332,80,1204.00,19.00,42.00,126.00,1.00,-1,-1,-1
332,90,763.00,655.00,53.00,65.00,1.00,-1,-1,-1
332,82,951.00,538.00,59.00,126.00,1.00,-1,-1,-1
332,44,849.00,14.00,34.00,84.00,1.00,-1,-1,-1
332,87,675.00,405.00,50.00,123.00,1.00,-1,-1,-1
332,48,495.00,74.00,36.00,96.00,1.00,-1,-1,-1
332,81,0.00,232.00,47.00,101.00,1.00,-1,-1,-1
332,78,1048.00,18.00,42.00,81.00,1.00,-1,-1,-1
332,51,86.00,162.00,55.00,99.00,1.00,-1,-1,-1
332,79,1183.00,0.00,35.00,70.00,1.00,-1,-1,-1
332,65,922.00,0.00,30.00,101.00,1.00,-1,-1,-1
332,72,672.00,107.00,29.00,78.00,1.00,-1,-1,-1
332,37,701.00,43.00,24.00,73.00,1.00,-1,-1,-1
332,62,1083.00,16.00,32.00,77.00,1.00,-1,-1,-1
332,43,15.00,86.00,34.00,78.00,1.00,-1,-1,-1
332,84,36.00,448.00,71.00,135.00,1.00,-1,-1,-1
332,77,1130.00,0.00,43.00,67.00,1.00,-1,-1,-1
333,54,619.00,416.00,50.00,114.00,1.00,-1,-1,-1
333,64,505.00,271.00,45.00,111.00,1.00,-1,-1,-1
333,71,1038.00,402.00,51.00,131.00,1.00,-1,-1,-1
333,90,764.00,651.00,53.00,69.00,1.00,-1,-1,-1
333,66,624.00,97.00,44.00,96.00,1.00,-1,-1,-1
333,80,1204.00,18.00,41.00,127.00,1.00,-1,-1,-1
333,44,849.00,13.00,34.00,84.00,1.00,-1,-1,-1
333,48,494.00,70.00,37.00,97.00,1.00,-1,-1,-1
333,87,676.00,402.00,46.00,126.00,1.00,-1,-1,-1
333,82,950.00,536.00,58.00,123.00,1.00,-1,-1,-1
333,65,922.00,0.00,30.00,100.00,1.00,-1,-1,-1
333,72,672.00,107.00,29.00,82.00,1.00,-1,-1,-1
333,81,0.00,233.00,47.00,100.00,1.00,-1,-1,-1
333,37,702.00,43.00,23.00,71.00,1.00,-1,-1,-1
333,79,1182.00,0.00,35.00,69.00,1.00,-1,-1,-1
333,78,1048.00,16.00,41.00,82.00,1.00,-1,-1,-1
333,51,85.00,163.00,55.00,99.00,1.00,-1,-1,-1
333,43,15.00,86.00,34.00,79.00,1.00,-1,-1,-1
333,77,1130.00,0.00,42.00,67.00,1.00,-1,-1,-1
333,62,1081.00,12.00,33.00,81.00,1.00,-1,-1,-1
334,54,619.00,422.00,51.00,117.00,1.00,-1,-1,-1
334,71,1038.00,395.00,51.00,124.00,1.00,-1,-1,-1
334,64,506.00,268.00,44.00,107.00,1.00,-1,-1,-1
334,90,761.00,644.00,57.00,76.00,1.00,-1,-1,-1
334,82,948.00,529.00,58.00,118.00,1.00,-1,-1,-1
334,66,628.00,99.00,40.00,96.00,1.00,-1,-1,-1
334,44,849.00,10.00,35.00,85.00,1.00,-1,-1,-1
334,87,674.00,399.00,46.00,126.00,1.00,-1,-1,-1
334,48,496.00,68.00,35.00,94.00,1.00,-1,-1,-1
334,78,1046.00,15.00,39.00,83.00,1.00,-1,-1,-1
334,65,922.00,0.00,30.00,99.00,1.00,-1,-1,-1
334,80,1202.00,17.00,43.00,128.00,1.00,-1,-1,-1
334,43,14.00,85.00,35.00,81.00,1.00,-1,-1,-1
334,62,1081.00,13.00,29.00,80.00,1.00,-1,-1,-1
334,81,0.00,233.00,48.00,98.00,1.00,-1,-1,-1
334,79,1176.00,0.00,36.00,73.00,1.00,-1,-1,-1
334,37,702.00,40.00,22.00,73.00,1.00,-1,-1,-1
334,84,41.00,453.00,69.00,136.00,1.00,-1,-1,-1
334,72,672.00,109.00,30.00,85.00,1.00,-1,-1,-1
334,92,1252.00,209.00,27.00,91.00,1.00,-1,-1,-1
334,51,83.00,165.00,56.00,99.00,1.00,-1,-1,-1
334,93,224.00,298.00,43.00,102.00,1.00,-1,-1,-1
334,88,262.00,312.00,44.00,110.00,1.00,-1,-1,-1
335,90,761.00,639.00,56.00,81.00,1.00,-1,-1,-1
335,71,1038.00,393.00,52.00,117.00,1.00,-1,-1,-1
335,64,507.00,266.00,43.00,104.00,1.00,-1,-1,-1
335,54,620.00,425.00,52.00,121.00,1.00,-1,-1,-1
335,66,629.00,101.00,40.00,97.00,1.00,-1,-1,-1
335,82,948.00,525.00,57.00,115.00,1.00,-1,-1,-1
335,44,850.00,7.00,35.00,86.00,1.00,-1,-1,-1
335,48,496.00,67.00,36.00,95.00,1.00,-1,-1,-1
335,78,1044.00,15.00,39.00,84.00,1.00,-1,-1,-1
335,87,673.00,395.00,45.00,129.00,1.00,-1,-1,-1
335,65,922.00,1.00,30.00,98.00,1.00,-1,-1,-1
335,43,13.00,84.00,36.00,83.00,1.00,-1,-1,-1
335,89,933.00,626.00,70.00,94.00,1.00,-1,-1,-1
335,81,0.00,233.00,49.00,99.00,1.00,-1,-1,-1
335,72,672.00,110.00,30.00,85.00,1.00,-1,-1,-1
335,62,1075.00,14.00,32.00,79.00,1.00,-1,-1,-1
335,80,1201.00,17.00,44.00,127.00,1.00,-1,-1,-1
335,37,702.00,38.00,22.00,74.00,1.00,-1,-1,-1
335,88,261.00,312.00,45.00,110.00,1.00,-1,-1,-1
335,79,1174.00,0.00,38.00,72.00,1.00,-1,-1,-1
335,92,1248.00,209.00,31.00,92.00,1.00,-1,-1,-1
335,93,224.00,297.00,43.00,103.00,1.00,-1,-1,-1
335,91,666.00,35.00,30.00,80.00,1.00,-1,-1,-1
335,85,1202.00,49.00,38.00,95.00,1.00,-1,-1,-1
335,51,83.00,167.00,55.00,97.00,1.00,-1,-1,-1
335,84,42.00,454.00,69.00,137.00,1.00,-1,-1,-1
336,90,760.00,637.00,56.00,83.00,1.00,-1,-1,-1
336,64,506.00,264.00,44.00,101.00,1.00,-1,-1,-1
336,71,1037.00,389.00,54.00,115.00,1.00,-1,-1,-1
336,44,850.00,5.00,34.00,83.00,1.00,-1,-1,-1
336,82,948.00,522.00,57.00,108.00,1.00,-1,-1,-1
336,66,629.00,102.00,39.00,98.00,1.00,-1,-1,-1
336,54,619.00,427.00,53.00,124.00,1.00,-1,-1,-1
336,48,497.00,67.00,35.00,95.00,1.00,-1,-1,-1
336,43,13.00,84.00,36.00,83.00,1.00,-1,-1,-1
336,88,262.00,312.00,44.00,109.00,1.00,-1,-1,-1
336,78,1041.00,15.00,41.00,84.00,1.00,-1,-1,-1
336,89,933.00,621.00,71.00,99.00,1.00,-1,-1,-1
336,37,703.00,37.00,21.00,75.00,1.00,-1,-1,-1
336,65,922.00,2.00,30.00,97.00,1.00,-1,-1,-1
336,87,668.00,392.00,47.00,128.00,1.00,-1,-1,-1
336,92,1244.00,209.00,35.00,93.00,1.00,-1,-1,-1
336,93,224.00,297.00,42.00,105.00,1.00,-1,-1,-1
336,81,0.00,234.00,49.00,98.00,1.00,-1,-1,-1
336,79,1175.00,0.00,39.00,71.00,1.00,-1,-1,-1
336,91,667.00,38.00,30.00,77.00,1.00,-1,-1,-1
336,62,1073.00,12.00,32.00,80.00,1.00,-1,-1,-1
336,72,672.00,110.00,30.00,83.00,1.00,-1,-1,-1
336,51,82.00,167.00,55.00,97.00,1.00,-1,-1,-1
336,84,44.00,456.00,67.00,138.00,1.00,-1,-1,-1
336,94,300.00,313.00,40.00,91.00,1.00,-1,-1,-1
336,77,1128.00,1.00,41.00,66.00,1.00,-1,-1,-1
337,71,1038.00,385.00,55.00,115.00,1.00,-1,-1,-1
337,64,506.00,261.00,44.00,100.00,1.00,-1,-1,-1
337,90,760.00,632.00,56.00,88.00,1.00,-1,-1,-1
337,54,619.00,428.00,54.00,129.00,1.00,-1,-1,-1
337,82,947.00,518.00,57.00,113.00,1.00,-1,-1,-1
337,44,850.00,4.00,34.00,83.00,1.00,-1,-1,-1
337,66,630.00,104.00,38.00,96.00,1.00,-1,-1,-1
337,89,926.00,618.00,75.00,102.00,1.00,-1,-1,-1
337,48,497.00,66.00,36.00,95.00,1.00,-1,-1,-1
337,88,261.00,312.00,45.00,109.00,1.00,-1,-1,-1
337,43,13.00,84.00,36.00,83.00,1.00,-1,-1,-1
337,79,1174.00,0.00,40.00,70.00,1.00,-1,-1,-1
337,78,1039.00,15.00,44.00,81.00,1.00,-1,-1,-1
337,65,922.00,1.00,30.00,98.00,1.00,-1,-1,-1
337,92,1240.00,199.00,39.00,103.00,1.00,-1,-1,-1
337,87,664.00,391.00,48.00,124.00,1.00,-1,-1,-1
337,80,1200.00,20.00,45.00,119.00,1.00,-1,-1,-1
337,37,703.00,37.00,21.00,76.00,1.00,-1,-1,-1
337,93,224.00,297.00,42.00,105.00,1.00,-1,-1,-1
337,91,668.00,38.00,30.00,77.00,1.00,-1,-1,-1
337,62,1074.00,10.00,29.00,81.00,1.00,-1,-1,-1
337,51,80.00,167.00,55.00,98.00,1.00,-1,-1,-1
337,81,0.00,238.00,49.00,98.00,1.00,-1,-1,-1
337,72,672.00,110.00,30.00,81.00,1.00,-1,-1,-1
338,90,759.00,631.00,58.00,89.00,1.00,-1,-1,-1
338,71,1038.00,383.00,56.00,115.00,1.00,-1,-1,-1
338,44,850.00,4.00,34.00,81.00,1.00,-1,-1,-1
338,64,506.00,259.00,45.00,100.00,1.00,-1,-1,-1
338,89,924.00,615.00,78.00,104.00,1.00,-1,-1,-1
338,54,618.00,431.00,54.00,128.00,1.00,-1,-1,-1
338,82,946.00,515.00,57.00,111.00,1.00,-1,-1,-1
338,66,630.00,106.00,38.00,94.00,1.00,-1,-1,-1
338,48,497.00,65.00,36.00,96.00,1.00,-1,-1,-1
338,92,1237.00,179.00,42.00,122.00,1.00,-1,-1,-1
338,79,1173.00,0.00,41.00,69.00,1.00,-1,-1,-1
338,78,1035.00,15.00,44.00,83.00,1.00,-1,-1,-1
338,80,1199.00,16.00,47.00,121.00,1.00,-1,-1,-1
338,43,13.00,85.00,35.00,82.00,1.00,-1,-1,-1
338,87,663.00,388.00,48.00,120.00,1.00,-1,-1,-1
338,88,261.00,312.00,45.00,109.00,1.00,-1,-1,-1
338,65,921.00,2.00,31.00,98.00,1.00,-1,-1,-1
338,62,1074.00,9.00,27.00,82.00,1.00,-1,-1,-1
338,93,224.00,297.00,42.00,105.00,1.00,-1,-1,-1
338,51,80.00,167.00,54.00,98.00,1.00,-1,-1,-1
338,77,1125.00,1.00,41.00,66.00,1.00,-1,-1,-1
338,37,703.00,36.00,21.00,77.00,1.00,-1,-1,-1
338,91,669.00,38.00,29.00,77.00,1.00,-1,-1,-1
339,64,506.00,256.00,46.00,101.00,1.00,-1,-1,-1
339,44,852.00,4.00,33.00,79.00,1.00,-1,-1,-1
339,71,1039.00,380.00,58.00,116.00,1.00,-1,-1,-1
339,90,759.00,626.00,58.00,94.00,1.00,-1,-1,-1
339,92,1235.00,178.00,44.00,120.00,1.00,-1,-1,-1
339,82,946.00,510.00,57.00,111.00,1.00,-1,-1,-1
339,66,632.00,108.00,37.00,95.00,1.00,-1,-1,-1
339,62,1072.00,7.00,28.00,79.00,1.00,-1,-1,-1
339,87,659.00,384.00,49.00,113.00,1.00,-1,-1,-1
339,78,1031.00,13.00,44.00,84.00,1.00,-1,-1,-1
339,77,1124.00,0.00,40.00,67.00,1.00,-1,-1,-1
339,48,497.00,64.00,35.00,94.00,1.00,-1,-1,-1
339,65,923.00,3.00,30.00,97.00,1.00,-1,-1,-1
339,84,48.00,462.00,64.00,131.00,1.00,-1,-1,-1
339,43,12.00,86.00,36.00,82.00,1.00,-1,-1,-1
339,51,78.00,169.00,55.00,96.00,1.00,-1,-1,-1
339,81,0.00,240.00,50.00,108.00,1.00,-1,-1,-1
339,88,261.00,312.00,45.00,109.00,1.00,-1,-1,-1
339,93,223.00,296.00,43.00,106.00,1.00,-1,-1,-1
339,54,619.00,436.00,51.00,133.00,1.00,-1,-1,-1
339,80,1197.00,15.00,47.00,121.00,1.00,-1,-1,-1
339,79,1173.00,0.00,37.00,66.00,1.00,-1,-1,-1
339,37,701.00,35.00,23.00,78.00,1.00,-1,-1,-1
340,64,506.00,255.00,46.00,103.00,1.00,-1,-1,-1
340,66,632.00,109.00,39.00,95.00,1.00,-1,-1,-1
340,90,759.00,624.00,56.00,96.00,1.00,-1,-1,-1
340,44,852.00,2.00,32.00,80.00,1.00,-1,-1,-1
340,92,1234.00,177.00,45.00,120.00,1.00,-1,-1,-1
340,82,945.00,507.00,57.00,126.00,1.00,-1,-1,-1
340,62,1070.00,7.00,29.00,79.00,1.00,-1,-1,-1
340,71,1039.00,380.00,58.00,119.00,1.00,-1,-1,-1
340,48,498.00,64.00,34.00,93.00,1.00,-1,-1,-1
340,84,50.00,464.00,62.00,130.00,1.00,-1,-1,-1
340,78,1032.00,13.00,41.00,84.00,1.00,-1,-1,-1
340,65,923.00,4.00,30.00,96.00,1.00,-1,-1,-1
340,77,1124.00,0.00,40.00,67.00,1.00,-1,-1,-1
340,88,262.00,312.00,44.00,109.00,1.00,-1,-1,-1
340,80,1196.00,14.00,48.00,119.00,1.00,-1,-1,-1
340,81,0.00,243.00,50.00,107.00,1.00,-1,-1,-1
340,72,674.00,113.00,29.00,83.00,1.00,-1,-1,-1
340,43,12.00,86.00,36.00,82.00,1.00,-1,-1,-1
340,54,621.00,438.00,53.00,120.00,1.00,-1,-1,-1
340,37,702.00,35.00,23.00,77.00,1.00,-1,-1,-1
340,51,78.00,170.00,54.00,95.00,1.00,-1,-1,-1
340,79,1173.00,0.00,37.00,64.00,1.00,-1,-1,-1
340,93,223.00,296.00,43.00,106.00,1.00,-1,-1,-1
341,64,506.00,255.00,46.00,103.00,1.00,-1,-1,-1
341,66,632.00,110.00,39.00,94.00,1.00,-1,-1,-1
341,90,759.00,620.00,56.00,100.00,1.00,-1,-1,-1
341,82,944.00,505.00,57.00,123.00,1.00,-1,-1,-1
341,44,851.00,1.00,33.00,81.00,1.00,-1,-1,-1
341,92,1234.00,176.00,45.00,115.00,1.00,-1,-1,-1
341,54,621.00,440.00,53.00,130.00,1.00,-1,-1,-1
341,48,498.00,64.00,34.00,94.00,1.00,-1,-1,-1
341,71,1039.00,379.00,58.00,120.00,1.00,-1,-1,-1
341,62,1069.00,7.00,28.00,74.00,1.00,-1,-1,-1
341,65,923.00,5.00,30.00,95.00,1.00,-1,-1,-1
341,77,1124.00,0.00,39.00,67.00,1.00,-1,-1,-1
341,88,263.00,312.00,44.00,109.00,1.00,-1,-1,-1
341,81,0.00,245.00,51.00,107.00,1.00,-1,-1,-1
341,80,1195.00,13.00,48.00,117.00,1.00,-1,-1,-1
341,43,11.00,86.00,36.00,83.00,1.00,-1,-1,-1
341,84,51.00,466.00,60.00,128.00,1.00,-1,-1,-1
341,78,1028.00,14.00,44.00,81.00,1.00,-1,-1,-1
341,87,658.00,378.00,47.00,113.00,1.00,-1,-1,-1
341,93,223.00,296.00,43.00,106.00,1.00,-1,-1,-1
341,72,675.00,114.00,29.00,82.00,1.00,-1,-1,-1
341,37,701.00,32.00,25.00,78.00,1.00,-1,-1,-1
341,51,76.00,170.00,56.00,96.00,1.00,-1,-1,-1
